ISO-10303-21;
HEADER;
/* Generated by software containing ST-Developer
 * from STEP Tools, Inc. (www.steptools.com) 
 */

FILE_DESCRIPTION(
/* description */ (''),
/* implementation_level */ '2;1');

FILE_NAME(
/* name */ 'hwsplit.step',
/* time_stamp */ '2026-05-04T23:16:14+05:30',
/* author */ (''),
/* organization */ (''),
/* preprocessor_version */ 'ST-DEVELOPER v20.1',
/* originating_system */ 'Autodesk Translation Framework v15.8.0.0',
/* authorisation */ '');

FILE_SCHEMA (('AUTOMOTIVE_DESIGN { 1 0 10303 214 3 1 1 }'));
ENDSEC;

DATA;
#10=MECHANICAL_DESIGN_GEOMETRIC_PRESENTATION_REPRESENTATION('',(#13,#14,
#15,#16),#20612);
#11=SHAPE_REPRESENTATION_RELATIONSHIP('SRR','None',#20619,#12);
#12=ADVANCED_BREP_SHAPE_REPRESENTATION('',(#17,#18,#19,#20),#20611);
#13=STYLED_ITEM('',(#20628),#17);
#14=STYLED_ITEM('',(#20628),#18);
#15=STYLED_ITEM('',(#20628),#19);
#16=STYLED_ITEM('',(#20628),#20);
#17=MANIFOLD_SOLID_BREP('Body1',#12317);
#18=MANIFOLD_SOLID_BREP('Body2',#12318);
#19=MANIFOLD_SOLID_BREP('Body6',#12319);
#20=MANIFOLD_SOLID_BREP('Body7',#12320);
#21=FACE_BOUND('',#1842,.T.);
#22=FACE_BOUND('',#1843,.T.);
#23=FACE_BOUND('',#1844,.T.);
#24=FACE_BOUND('',#1845,.T.);
#25=FACE_BOUND('',#1846,.T.);
#26=FACE_BOUND('',#1847,.T.);
#27=FACE_BOUND('',#1848,.T.);
#28=FACE_BOUND('',#1849,.T.);
#29=FACE_BOUND('',#1850,.T.);
#30=FACE_BOUND('',#1851,.T.);
#31=FACE_BOUND('',#1852,.T.);
#32=FACE_BOUND('',#1853,.T.);
#33=FACE_BOUND('',#1854,.T.);
#34=FACE_BOUND('',#1855,.T.);
#35=FACE_BOUND('',#1856,.T.);
#36=FACE_BOUND('',#1857,.T.);
#37=FACE_BOUND('',#1858,.T.);
#38=FACE_BOUND('',#1859,.T.);
#39=FACE_BOUND('',#1860,.T.);
#40=FACE_BOUND('',#1861,.T.);
#41=FACE_BOUND('',#1862,.T.);
#42=FACE_BOUND('',#1863,.T.);
#43=FACE_BOUND('',#1864,.T.);
#44=FACE_BOUND('',#1865,.T.);
#45=FACE_BOUND('',#1866,.T.);
#46=FACE_BOUND('',#1867,.T.);
#47=FACE_BOUND('',#1868,.T.);
#48=FACE_BOUND('',#1869,.T.);
#49=FACE_BOUND('',#1870,.T.);
#50=FACE_BOUND('',#1871,.T.);
#51=FACE_BOUND('',#1872,.T.);
#52=FACE_BOUND('',#1873,.T.);
#53=FACE_BOUND('',#1875,.T.);
#54=FACE_BOUND('',#1876,.T.);
#55=FACE_BOUND('',#1877,.T.);
#56=FACE_BOUND('',#1878,.T.);
#57=FACE_BOUND('',#1879,.T.);
#58=FACE_BOUND('',#1880,.T.);
#59=FACE_BOUND('',#1881,.T.);
#60=FACE_BOUND('',#1882,.T.);
#61=FACE_BOUND('',#1883,.T.);
#62=FACE_BOUND('',#1884,.T.);
#63=FACE_BOUND('',#1885,.T.);
#64=FACE_BOUND('',#1886,.T.);
#65=FACE_BOUND('',#1887,.T.);
#66=FACE_BOUND('',#1888,.T.);
#67=FACE_BOUND('',#1889,.T.);
#68=FACE_BOUND('',#1890,.T.);
#69=FACE_BOUND('',#1891,.T.);
#70=FACE_BOUND('',#1892,.T.);
#71=FACE_BOUND('',#1893,.T.);
#72=FACE_BOUND('',#1894,.T.);
#73=FACE_BOUND('',#1895,.T.);
#74=FACE_BOUND('',#1896,.T.);
#75=FACE_BOUND('',#1897,.T.);
#76=FACE_BOUND('',#1898,.T.);
#77=FACE_BOUND('',#1899,.T.);
#78=FACE_BOUND('',#1900,.T.);
#79=FACE_BOUND('',#1901,.T.);
#80=FACE_BOUND('',#1902,.T.);
#81=FACE_BOUND('',#1903,.T.);
#82=FACE_BOUND('',#1904,.T.);
#83=FACE_BOUND('',#1905,.T.);
#84=FACE_BOUND('',#1906,.T.);
#85=FACE_BOUND('',#2194,.T.);
#86=FACE_BOUND('',#2195,.T.);
#87=FACE_BOUND('',#2196,.T.);
#88=FACE_BOUND('',#2197,.T.);
#89=FACE_BOUND('',#2198,.T.);
#90=FACE_BOUND('',#2199,.T.);
#91=FACE_BOUND('',#2200,.T.);
#92=FACE_BOUND('',#2201,.T.);
#93=FACE_BOUND('',#2202,.T.);
#94=FACE_BOUND('',#2203,.T.);
#95=FACE_BOUND('',#2204,.T.);
#96=FACE_BOUND('',#2205,.T.);
#97=FACE_BOUND('',#2206,.T.);
#98=FACE_BOUND('',#2207,.T.);
#99=FACE_BOUND('',#2208,.T.);
#100=FACE_BOUND('',#2209,.T.);
#101=FACE_BOUND('',#2210,.T.);
#102=FACE_BOUND('',#2211,.T.);
#103=FACE_BOUND('',#2212,.T.);
#104=FACE_BOUND('',#2213,.T.);
#105=FACE_BOUND('',#2214,.T.);
#106=FACE_BOUND('',#2215,.T.);
#107=FACE_BOUND('',#2216,.T.);
#108=FACE_BOUND('',#2217,.T.);
#109=FACE_BOUND('',#2218,.T.);
#110=FACE_BOUND('',#2219,.T.);
#111=FACE_BOUND('',#2220,.T.);
#112=FACE_BOUND('',#2221,.T.);
#113=FACE_BOUND('',#2222,.T.);
#114=FACE_BOUND('',#2223,.T.);
#115=FACE_BOUND('',#2224,.T.);
#116=FACE_BOUND('',#2225,.T.);
#117=FACE_BOUND('',#2226,.T.);
#118=FACE_BOUND('',#2227,.T.);
#119=FACE_BOUND('',#2228,.T.);
#120=FACE_BOUND('',#2230,.T.);
#121=FACE_BOUND('',#2231,.T.);
#122=FACE_BOUND('',#2232,.T.);
#123=FACE_BOUND('',#2233,.T.);
#124=FACE_BOUND('',#2234,.T.);
#125=FACE_BOUND('',#2235,.T.);
#126=FACE_BOUND('',#2236,.T.);
#127=FACE_BOUND('',#2237,.T.);
#128=FACE_BOUND('',#2238,.T.);
#129=FACE_BOUND('',#2239,.T.);
#130=FACE_BOUND('',#2240,.T.);
#131=FACE_BOUND('',#2241,.T.);
#132=FACE_BOUND('',#2242,.T.);
#133=FACE_BOUND('',#2243,.T.);
#134=FACE_BOUND('',#2244,.T.);
#135=FACE_BOUND('',#2245,.T.);
#136=FACE_BOUND('',#2246,.T.);
#137=FACE_BOUND('',#2247,.T.);
#138=FACE_BOUND('',#2248,.T.);
#139=FACE_BOUND('',#2249,.T.);
#140=FACE_BOUND('',#2250,.T.);
#141=FACE_BOUND('',#2251,.T.);
#142=FACE_BOUND('',#2252,.T.);
#143=FACE_BOUND('',#2253,.T.);
#144=FACE_BOUND('',#2254,.T.);
#145=FACE_BOUND('',#2255,.T.);
#146=FACE_BOUND('',#2256,.T.);
#147=FACE_BOUND('',#2257,.T.);
#148=FACE_BOUND('',#2258,.T.);
#149=FACE_BOUND('',#2259,.T.);
#150=FACE_BOUND('',#2260,.T.);
#151=FACE_BOUND('',#2261,.T.);
#152=FACE_BOUND('',#2262,.T.);
#153=FACE_BOUND('',#2263,.T.);
#154=FACE_BOUND('',#2264,.T.);
#155=FACE_BOUND('',#2276,.T.);
#156=FACE_BOUND('',#2287,.T.);
#157=FACE_BOUND('',#2290,.T.);
#158=FACE_BOUND('',#2303,.T.);
#159=FACE_BOUND('',#2305,.T.);
#160=FACE_BOUND('',#2320,.T.);
#161=CIRCLE('',#12336,0.499999999999998);
#162=CIRCLE('',#12337,0.499999999999998);
#163=CIRCLE('',#12340,0.499999999999998);
#164=CIRCLE('',#12341,0.499999999999998);
#165=CIRCLE('',#12344,0.499999999999998);
#166=CIRCLE('',#12345,0.499999999999998);
#167=CIRCLE('',#12348,0.499999999999998);
#168=CIRCLE('',#12349,0.499999999999998);
#169=CIRCLE('',#12352,0.5);
#170=CIRCLE('',#12353,0.5);
#171=CIRCLE('',#12356,0.499999999999998);
#172=CIRCLE('',#12357,0.499999999999998);
#173=CIRCLE('',#12360,0.499999999999998);
#174=CIRCLE('',#12361,0.499999999999998);
#175=CIRCLE('',#12364,0.5);
#176=CIRCLE('',#12365,0.5);
#177=CIRCLE('',#12368,0.500000000000007);
#178=CIRCLE('',#12369,0.500000000000007);
#179=CIRCLE('',#12372,0.500000000000007);
#180=CIRCLE('',#12373,0.500000000000007);
#181=CIRCLE('',#12376,0.499999999999989);
#182=CIRCLE('',#12377,0.499999999999989);
#183=CIRCLE('',#12380,0.499999999999989);
#184=CIRCLE('',#12381,0.499999999999989);
#185=CIRCLE('',#12384,0.499999999999989);
#186=CIRCLE('',#12385,0.499999999999989);
#187=CIRCLE('',#12388,0.499999999999998);
#188=CIRCLE('',#12389,0.499999999999998);
#189=CIRCLE('',#12392,0.500000000000007);
#190=CIRCLE('',#12393,0.500000000000007);
#191=CIRCLE('',#12396,0.499999999999998);
#192=CIRCLE('',#12397,0.499999999999998);
#193=CIRCLE('',#12400,0.500000000000007);
#194=CIRCLE('',#12401,0.500000000000007);
#195=CIRCLE('',#12404,0.499999999999998);
#196=CIRCLE('',#12405,0.499999999999998);
#197=CIRCLE('',#12408,0.500000000000007);
#198=CIRCLE('',#12409,0.500000000000007);
#199=CIRCLE('',#12412,0.499999999999989);
#200=CIRCLE('',#12413,0.499999999999989);
#201=CIRCLE('',#12416,0.499999999999998);
#202=CIRCLE('',#12417,0.499999999999998);
#203=CIRCLE('',#12420,0.499999999999998);
#204=CIRCLE('',#12421,0.499999999999998);
#205=CIRCLE('',#12424,0.500000000000003);
#206=CIRCLE('',#12425,0.500000000000003);
#207=CIRCLE('',#12428,0.499999999999998);
#208=CIRCLE('',#12429,0.499999999999998);
#209=CIRCLE('',#12432,0.499999999999998);
#210=CIRCLE('',#12433,0.499999999999998);
#211=CIRCLE('',#12436,0.499999999999998);
#212=CIRCLE('',#12437,0.499999999999998);
#213=CIRCLE('',#12440,0.499999999999998);
#214=CIRCLE('',#12441,0.499999999999998);
#215=CIRCLE('',#12444,0.499999999999998);
#216=CIRCLE('',#12445,0.499999999999998);
#217=CIRCLE('',#12448,0.499999999999998);
#218=CIRCLE('',#12449,0.499999999999998);
#219=CIRCLE('',#12452,0.500000000000003);
#220=CIRCLE('',#12453,0.500000000000003);
#221=CIRCLE('',#12456,0.499999999999998);
#222=CIRCLE('',#12457,0.499999999999998);
#223=CIRCLE('',#12460,0.499999999999998);
#224=CIRCLE('',#12461,0.499999999999998);
#225=CIRCLE('',#12464,0.499999999999998);
#226=CIRCLE('',#12465,0.499999999999998);
#227=CIRCLE('',#12468,0.500000000000003);
#228=CIRCLE('',#12469,0.500000000000003);
#229=CIRCLE('',#12472,0.499999999999998);
#230=CIRCLE('',#12473,0.499999999999998);
#231=CIRCLE('',#12476,0.499999999999998);
#232=CIRCLE('',#12477,0.499999999999998);
#233=CIRCLE('',#12480,0.500000000000007);
#234=CIRCLE('',#12481,0.500000000000007);
#235=CIRCLE('',#12484,0.499999999999989);
#236=CIRCLE('',#12485,0.499999999999989);
#237=CIRCLE('',#12488,0.500000000000007);
#238=CIRCLE('',#12489,0.500000000000007);
#239=CIRCLE('',#12492,0.500000000000007);
#240=CIRCLE('',#12493,0.500000000000007);
#241=CIRCLE('',#12496,0.499999999999989);
#242=CIRCLE('',#12497,0.499999999999989);
#243=CIRCLE('',#12500,0.499999999999998);
#244=CIRCLE('',#12501,0.499999999999998);
#245=CIRCLE('',#12504,0.500000000000007);
#246=CIRCLE('',#12505,0.500000000000007);
#247=CIRCLE('',#12508,0.499999999999998);
#248=CIRCLE('',#12509,0.499999999999998);
#249=CIRCLE('',#12512,0.499999999999989);
#250=CIRCLE('',#12513,0.499999999999989);
#251=CIRCLE('',#12516,0.500000000000003);
#252=CIRCLE('',#12517,0.500000000000003);
#253=CIRCLE('',#12520,0.500000000000007);
#254=CIRCLE('',#12521,0.500000000000007);
#255=CIRCLE('',#12524,0.499999999999998);
#256=CIRCLE('',#12525,0.499999999999998);
#257=CIRCLE('',#12528,0.499999999999998);
#258=CIRCLE('',#12529,0.499999999999998);
#259=CIRCLE('',#12532,0.500000000000003);
#260=CIRCLE('',#12533,0.500000000000003);
#261=CIRCLE('',#12536,0.500000000000003);
#262=CIRCLE('',#12537,0.500000000000003);
#263=CIRCLE('',#12540,0.499999999999998);
#264=CIRCLE('',#12541,0.499999999999998);
#265=CIRCLE('',#12544,0.499999999999998);
#266=CIRCLE('',#12545,0.499999999999998);
#267=CIRCLE('',#12548,0.499999999999998);
#268=CIRCLE('',#12549,0.499999999999998);
#269=CIRCLE('',#12552,0.499999999999998);
#270=CIRCLE('',#12553,0.499999999999998);
#271=CIRCLE('',#12556,0.5);
#272=CIRCLE('',#12557,0.5);
#273=CIRCLE('',#12560,0.500000000000007);
#274=CIRCLE('',#12561,0.500000000000007);
#275=CIRCLE('',#12564,0.500000000000003);
#276=CIRCLE('',#12565,0.500000000000003);
#277=CIRCLE('',#12568,0.500000000000007);
#278=CIRCLE('',#12569,0.500000000000007);
#279=CIRCLE('',#12572,0.499999999999998);
#280=CIRCLE('',#12573,0.499999999999998);
#281=CIRCLE('',#12576,0.5);
#282=CIRCLE('',#12577,0.5);
#283=CIRCLE('',#12580,0.499999999999998);
#284=CIRCLE('',#12581,0.499999999999998);
#285=CIRCLE('',#12584,0.499999999999998);
#286=CIRCLE('',#12585,0.499999999999998);
#287=CIRCLE('',#12588,0.499999999999998);
#288=CIRCLE('',#12589,0.499999999999998);
#289=CIRCLE('',#12592,0.500000000000007);
#290=CIRCLE('',#12593,0.500000000000007);
#291=CIRCLE('',#12596,0.499999999999998);
#292=CIRCLE('',#12597,0.499999999999998);
#293=CIRCLE('',#12600,0.500000000000007);
#294=CIRCLE('',#12601,0.500000000000007);
#295=CIRCLE('',#12604,0.499999999999998);
#296=CIRCLE('',#12605,0.499999999999998);
#297=CIRCLE('',#12608,0.500000000000007);
#298=CIRCLE('',#12609,0.500000000000007);
#299=CIRCLE('',#12612,0.499999999999998);
#300=CIRCLE('',#12613,0.499999999999998);
#301=CIRCLE('',#12616,0.500000000000007);
#302=CIRCLE('',#12617,0.500000000000007);
#303=CIRCLE('',#12620,0.499999999999998);
#304=CIRCLE('',#12621,0.499999999999998);
#305=CIRCLE('',#12624,0.5);
#306=CIRCLE('',#12625,0.5);
#307=CIRCLE('',#12628,0.499999999999998);
#308=CIRCLE('',#12629,0.499999999999998);
#309=CIRCLE('',#12632,0.499999999999998);
#310=CIRCLE('',#12633,0.499999999999998);
#311=CIRCLE('',#12636,0.499999999999998);
#312=CIRCLE('',#12637,0.499999999999998);
#313=CIRCLE('',#12640,0.499999999999989);
#314=CIRCLE('',#12641,0.499999999999989);
#315=CIRCLE('',#12644,0.499999999999998);
#316=CIRCLE('',#12645,0.499999999999998);
#317=CIRCLE('',#12648,0.500000000000007);
#318=CIRCLE('',#12649,0.500000000000007);
#319=CIRCLE('',#12652,0.5);
#320=CIRCLE('',#12653,0.5);
#321=CIRCLE('',#12656,0.499999999999998);
#322=CIRCLE('',#12657,0.499999999999998);
#323=CIRCLE('',#12660,0.499999999999998);
#324=CIRCLE('',#12661,0.499999999999998);
#325=CIRCLE('',#12664,0.500000000000003);
#326=CIRCLE('',#12665,0.500000000000003);
#327=CIRCLE('',#12668,0.5);
#328=CIRCLE('',#12669,0.5);
#329=CIRCLE('',#12672,0.499999999999998);
#330=CIRCLE('',#12673,0.499999999999998);
#331=CIRCLE('',#12676,0.499999999999998);
#332=CIRCLE('',#12677,0.499999999999998);
#333=CIRCLE('',#12680,0.499999999999998);
#334=CIRCLE('',#12681,0.499999999999998);
#335=CIRCLE('',#12684,0.5);
#336=CIRCLE('',#12685,0.5);
#337=CIRCLE('',#12688,0.499999999999998);
#338=CIRCLE('',#12689,0.499999999999998);
#339=CIRCLE('',#12692,0.499999999999998);
#340=CIRCLE('',#12693,0.499999999999998);
#341=CIRCLE('',#12696,0.499999999999998);
#342=CIRCLE('',#12697,0.499999999999998);
#343=CIRCLE('',#12700,0.499999999999998);
#344=CIRCLE('',#12701,0.499999999999998);
#345=CIRCLE('',#12704,0.499999999999998);
#346=CIRCLE('',#12705,0.499999999999998);
#347=CIRCLE('',#12708,0.499999999999998);
#348=CIRCLE('',#12709,0.499999999999998);
#349=CIRCLE('',#12712,0.499999999999989);
#350=CIRCLE('',#12713,0.499999999999989);
#351=CIRCLE('',#12716,0.499999999999998);
#352=CIRCLE('',#12717,0.499999999999998);
#353=CIRCLE('',#12720,0.499999999999998);
#354=CIRCLE('',#12721,0.499999999999998);
#355=CIRCLE('',#12724,0.499999999999998);
#356=CIRCLE('',#12725,0.499999999999998);
#357=CIRCLE('',#12728,0.499999999999989);
#358=CIRCLE('',#12729,0.499999999999989);
#359=CIRCLE('',#12732,0.5);
#360=CIRCLE('',#12733,0.5);
#361=CIRCLE('',#12736,0.500000000000007);
#362=CIRCLE('',#12737,0.500000000000007);
#363=CIRCLE('',#12740,0.499999999999998);
#364=CIRCLE('',#12741,0.499999999999998);
#365=CIRCLE('',#12744,0.500000000000007);
#366=CIRCLE('',#12745,0.500000000000007);
#367=CIRCLE('',#12748,0.5);
#368=CIRCLE('',#12749,0.5);
#369=CIRCLE('',#12752,0.5);
#370=CIRCLE('',#12753,0.5);
#371=CIRCLE('',#12756,0.500000000000003);
#372=CIRCLE('',#12757,0.500000000000003);
#373=CIRCLE('',#12760,0.499999999999998);
#374=CIRCLE('',#12761,0.499999999999998);
#375=CIRCLE('',#12764,0.499999999999998);
#376=CIRCLE('',#12765,0.499999999999998);
#377=CIRCLE('',#12768,0.499999999999998);
#378=CIRCLE('',#12769,0.499999999999998);
#379=CIRCLE('',#12772,0.499999999999998);
#380=CIRCLE('',#12773,0.499999999999998);
#381=CIRCLE('',#12776,0.500000000000003);
#382=CIRCLE('',#12777,0.500000000000003);
#383=CIRCLE('',#12780,0.499999999999998);
#384=CIRCLE('',#12781,0.499999999999998);
#385=CIRCLE('',#12784,0.500000000000007);
#386=CIRCLE('',#12785,0.500000000000007);
#387=CIRCLE('',#12788,0.500000000000007);
#388=CIRCLE('',#12789,0.500000000000007);
#389=CIRCLE('',#12792,0.500000000000007);
#390=CIRCLE('',#12793,0.500000000000007);
#391=CIRCLE('',#12796,0.500000000000007);
#392=CIRCLE('',#12797,0.500000000000007);
#393=CIRCLE('',#12800,0.499999999999998);
#394=CIRCLE('',#12801,0.499999999999998);
#395=CIRCLE('',#12804,0.500000000000003);
#396=CIRCLE('',#12805,0.500000000000003);
#397=CIRCLE('',#12808,0.499999999999989);
#398=CIRCLE('',#12809,0.499999999999989);
#399=CIRCLE('',#12812,0.499999999999998);
#400=CIRCLE('',#12813,0.499999999999998);
#401=CIRCLE('',#12816,0.499999999999998);
#402=CIRCLE('',#12817,0.499999999999998);
#403=CIRCLE('',#12820,0.499999999999998);
#404=CIRCLE('',#12821,0.499999999999998);
#405=CIRCLE('',#12824,0.499999999999989);
#406=CIRCLE('',#12825,0.499999999999989);
#407=CIRCLE('',#12828,0.499999999999998);
#408=CIRCLE('',#12829,0.499999999999998);
#409=CIRCLE('',#12832,0.499999999999998);
#410=CIRCLE('',#12833,0.499999999999998);
#411=CIRCLE('',#12836,0.499999999999998);
#412=CIRCLE('',#12837,0.499999999999998);
#413=CIRCLE('',#12840,0.499999999999998);
#414=CIRCLE('',#12841,0.499999999999998);
#415=CIRCLE('',#12844,0.499999999999998);
#416=CIRCLE('',#12845,0.499999999999998);
#417=CIRCLE('',#12858,0.500000000000007);
#418=CIRCLE('',#12859,0.500000000000007);
#419=CIRCLE('',#12862,0.499999999999998);
#420=CIRCLE('',#12863,0.499999999999998);
#421=CIRCLE('',#12866,0.500000000000007);
#422=CIRCLE('',#12867,0.500000000000007);
#423=CIRCLE('',#12870,0.499999999999998);
#424=CIRCLE('',#12871,0.499999999999998);
#425=CIRCLE('',#12874,0.499999999999972);
#426=CIRCLE('',#12875,0.499999999999972);
#427=CIRCLE('',#12878,0.499999999999989);
#428=CIRCLE('',#12879,0.499999999999989);
#429=CIRCLE('',#12882,0.499999999999972);
#430=CIRCLE('',#12883,0.499999999999972);
#431=CIRCLE('',#12886,0.499999999999998);
#432=CIRCLE('',#12887,0.499999999999998);
#433=CIRCLE('',#12890,0.500000000000007);
#434=CIRCLE('',#12891,0.500000000000007);
#435=CIRCLE('',#12894,0.499999999999998);
#436=CIRCLE('',#12895,0.499999999999998);
#437=CIRCLE('',#12898,0.500000000000007);
#438=CIRCLE('',#12899,0.500000000000007);
#439=CIRCLE('',#12902,0.499999999999998);
#440=CIRCLE('',#12903,0.499999999999998);
#441=CIRCLE('',#12906,0.500000000000007);
#442=CIRCLE('',#12907,0.500000000000007);
#443=CIRCLE('',#12910,0.499999999999998);
#444=CIRCLE('',#12911,0.499999999999998);
#445=CIRCLE('',#12914,0.500000000000007);
#446=CIRCLE('',#12915,0.500000000000007);
#447=CIRCLE('',#12918,0.499999999999998);
#448=CIRCLE('',#12919,0.499999999999998);
#449=CIRCLE('',#12922,0.500000000000007);
#450=CIRCLE('',#12923,0.500000000000007);
#451=CIRCLE('',#12926,0.499999999999998);
#452=CIRCLE('',#12927,0.499999999999998);
#453=CIRCLE('',#12930,0.500000000000007);
#454=CIRCLE('',#12931,0.500000000000007);
#455=CIRCLE('',#12934,0.499999999999998);
#456=CIRCLE('',#12935,0.499999999999998);
#457=CIRCLE('',#12938,0.499999999999972);
#458=CIRCLE('',#12939,0.499999999999972);
#459=CIRCLE('',#12942,0.499999999999998);
#460=CIRCLE('',#12943,0.499999999999998);
#461=CIRCLE('',#12946,0.499999999999972);
#462=CIRCLE('',#12947,0.499999999999972);
#463=CIRCLE('',#12950,0.5);
#464=CIRCLE('',#12951,0.5);
#465=CIRCLE('',#12954,0.499999999999972);
#466=CIRCLE('',#12955,0.499999999999972);
#467=CIRCLE('',#12958,0.499999999999998);
#468=CIRCLE('',#12959,0.499999999999998);
#469=CIRCLE('',#12962,0.499999999999972);
#470=CIRCLE('',#12963,0.499999999999972);
#471=CIRCLE('',#12966,0.5);
#472=CIRCLE('',#12967,0.5);
#473=CIRCLE('',#12970,0.499999999999972);
#474=CIRCLE('',#12971,0.499999999999972);
#475=CIRCLE('',#12974,0.500000000000003);
#476=CIRCLE('',#12975,0.500000000000003);
#477=CIRCLE('',#12978,0.500000000000007);
#478=CIRCLE('',#12979,0.500000000000007);
#479=CIRCLE('',#12982,0.499999999999998);
#480=CIRCLE('',#12983,0.499999999999998);
#481=CIRCLE('',#12986,0.500000000000007);
#482=CIRCLE('',#12987,0.500000000000007);
#483=CIRCLE('',#12990,0.499999999999998);
#484=CIRCLE('',#12991,0.499999999999998);
#485=CIRCLE('',#12994,0.500000000000007);
#486=CIRCLE('',#12995,0.500000000000007);
#487=CIRCLE('',#12998,0.499999999999998);
#488=CIRCLE('',#12999,0.499999999999998);
#489=CIRCLE('',#13002,0.500000000000007);
#490=CIRCLE('',#13003,0.500000000000007);
#491=CIRCLE('',#13006,0.499999999999998);
#492=CIRCLE('',#13007,0.499999999999998);
#493=CIRCLE('',#13010,0.500000000000007);
#494=CIRCLE('',#13011,0.500000000000007);
#495=CIRCLE('',#13014,0.499999999999998);
#496=CIRCLE('',#13015,0.499999999999998);
#497=CIRCLE('',#13018,0.499999999999972);
#498=CIRCLE('',#13019,0.499999999999972);
#499=CIRCLE('',#13022,0.500000000000003);
#500=CIRCLE('',#13023,0.500000000000003);
#501=CIRCLE('',#13026,0.499999999999972);
#502=CIRCLE('',#13027,0.499999999999972);
#503=CIRCLE('',#13030,0.499999999999998);
#504=CIRCLE('',#13031,0.499999999999998);
#505=CIRCLE('',#13034,0.500000000000007);
#506=CIRCLE('',#13035,0.500000000000007);
#507=CIRCLE('',#13038,0.500000000000007);
#508=CIRCLE('',#13039,0.500000000000007);
#509=CIRCLE('',#13042,0.500000000000007);
#510=CIRCLE('',#13043,0.500000000000007);
#511=CIRCLE('',#13046,0.500000000000007);
#512=CIRCLE('',#13047,0.500000000000007);
#513=CIRCLE('',#13050,0.500000000000007);
#514=CIRCLE('',#13051,0.500000000000007);
#515=CIRCLE('',#13054,0.499999999999998);
#516=CIRCLE('',#13055,0.499999999999998);
#517=CIRCLE('',#13058,0.500000000000007);
#518=CIRCLE('',#13059,0.500000000000007);
#519=CIRCLE('',#13062,0.5);
#520=CIRCLE('',#13063,0.5);
#521=CIRCLE('',#13066,0.500000000000007);
#522=CIRCLE('',#13067,0.500000000000007);
#523=CIRCLE('',#13070,0.500000000000007);
#524=CIRCLE('',#13071,0.500000000000007);
#525=CIRCLE('',#13074,0.500000000000007);
#526=CIRCLE('',#13075,0.500000000000007);
#527=CIRCLE('',#13078,0.500000000000007);
#528=CIRCLE('',#13079,0.500000000000007);
#529=CIRCLE('',#13082,0.499999999999972);
#530=CIRCLE('',#13083,0.499999999999972);
#531=CIRCLE('',#13086,0.500000000000003);
#532=CIRCLE('',#13087,0.500000000000003);
#533=CIRCLE('',#13090,0.499999999999972);
#534=CIRCLE('',#13091,0.499999999999972);
#535=CIRCLE('',#13094,0.499999999999998);
#536=CIRCLE('',#13095,0.499999999999998);
#537=CIRCLE('',#13098,0.500000000000007);
#538=CIRCLE('',#13099,0.500000000000007);
#539=CIRCLE('',#13102,0.500000000000007);
#540=CIRCLE('',#13103,0.500000000000007);
#541=CIRCLE('',#13106,0.500000000000007);
#542=CIRCLE('',#13107,0.500000000000007);
#543=CIRCLE('',#13110,0.499999999999989);
#544=CIRCLE('',#13111,0.499999999999989);
#545=CIRCLE('',#13114,0.500000000000007);
#546=CIRCLE('',#13115,0.500000000000007);
#547=CIRCLE('',#13118,0.500000000000003);
#548=CIRCLE('',#13119,0.500000000000003);
#549=CIRCLE('',#13122,0.500000000000007);
#550=CIRCLE('',#13123,0.500000000000007);
#551=CIRCLE('',#13126,0.499999999999998);
#552=CIRCLE('',#13127,0.499999999999998);
#553=CIRCLE('',#13130,0.500000000000007);
#554=CIRCLE('',#13131,0.500000000000007);
#555=CIRCLE('',#13134,0.500000000000003);
#556=CIRCLE('',#13135,0.500000000000003);
#557=CIRCLE('',#13138,0.500000000000007);
#558=CIRCLE('',#13139,0.500000000000007);
#559=CIRCLE('',#13142,0.499999999999998);
#560=CIRCLE('',#13143,0.499999999999998);
#561=CIRCLE('',#13146,0.500000000000007);
#562=CIRCLE('',#13147,0.500000000000007);
#563=CIRCLE('',#13150,0.500000000000003);
#564=CIRCLE('',#13151,0.500000000000003);
#565=CIRCLE('',#13154,0.500000000000007);
#566=CIRCLE('',#13155,0.500000000000007);
#567=CIRCLE('',#13158,0.499999999999998);
#568=CIRCLE('',#13159,0.499999999999998);
#569=CIRCLE('',#13162,0.500000000000007);
#570=CIRCLE('',#13163,0.500000000000007);
#571=CIRCLE('',#13166,0.500000000000003);
#572=CIRCLE('',#13167,0.500000000000003);
#573=CIRCLE('',#13170,0.500000000000007);
#574=CIRCLE('',#13171,0.500000000000007);
#575=CIRCLE('',#13174,0.499999999999998);
#576=CIRCLE('',#13175,0.499999999999998);
#577=CIRCLE('',#13178,0.499999999999972);
#578=CIRCLE('',#13179,0.499999999999972);
#579=CIRCLE('',#13182,0.499999999999998);
#580=CIRCLE('',#13183,0.499999999999998);
#581=CIRCLE('',#13186,0.500000000000007);
#582=CIRCLE('',#13187,0.500000000000007);
#583=CIRCLE('',#13190,0.499999999999998);
#584=CIRCLE('',#13191,0.499999999999998);
#585=CIRCLE('',#13194,0.500000000000007);
#586=CIRCLE('',#13195,0.500000000000007);
#587=CIRCLE('',#13198,0.499999999999998);
#588=CIRCLE('',#13199,0.499999999999998);
#589=CIRCLE('',#13202,0.499999999999972);
#590=CIRCLE('',#13203,0.499999999999972);
#591=CIRCLE('',#13206,0.499999999999998);
#592=CIRCLE('',#13207,0.499999999999998);
#593=CIRCLE('',#13210,0.500000000000007);
#594=CIRCLE('',#13211,0.500000000000007);
#595=CIRCLE('',#13214,0.499999999999998);
#596=CIRCLE('',#13215,0.499999999999998);
#597=CIRCLE('',#13218,0.500000000000007);
#598=CIRCLE('',#13219,0.500000000000007);
#599=CIRCLE('',#13222,0.5);
#600=CIRCLE('',#13223,0.5);
#601=CIRCLE('',#13226,0.500000000000007);
#602=CIRCLE('',#13227,0.500000000000007);
#603=CIRCLE('',#13230,0.499999999999998);
#604=CIRCLE('',#13231,0.499999999999998);
#605=CIRCLE('',#13234,0.500000000000007);
#606=CIRCLE('',#13235,0.500000000000007);
#607=CIRCLE('',#13238,0.499999999999998);
#608=CIRCLE('',#13239,0.499999999999998);
#609=CIRCLE('',#13242,0.500000000000043);
#610=CIRCLE('',#13243,0.500000000000043);
#611=CIRCLE('',#13246,0.499999999999998);
#612=CIRCLE('',#13247,0.499999999999998);
#613=CIRCLE('',#13250,0.499999999999972);
#614=CIRCLE('',#13251,0.499999999999972);
#615=CIRCLE('',#13254,0.499999999999998);
#616=CIRCLE('',#13255,0.499999999999998);
#617=CIRCLE('',#13258,0.499999999999972);
#618=CIRCLE('',#13259,0.499999999999972);
#619=CIRCLE('',#13262,0.499999999999998);
#620=CIRCLE('',#13263,0.499999999999998);
#621=CIRCLE('',#13266,0.499999999999972);
#622=CIRCLE('',#13267,0.499999999999972);
#623=CIRCLE('',#13270,0.499999999999998);
#624=CIRCLE('',#13271,0.499999999999998);
#625=CIRCLE('',#13274,0.499999999999972);
#626=CIRCLE('',#13275,0.499999999999972);
#627=CIRCLE('',#13278,0.499999999999998);
#628=CIRCLE('',#13279,0.499999999999998);
#629=CIRCLE('',#13282,0.500000000000007);
#630=CIRCLE('',#13283,0.500000000000007);
#631=CIRCLE('',#13286,0.5);
#632=CIRCLE('',#13287,0.5);
#633=CIRCLE('',#13290,0.500000000000007);
#634=CIRCLE('',#13291,0.500000000000007);
#635=CIRCLE('',#13294,0.499999999999998);
#636=CIRCLE('',#13295,0.499999999999998);
#637=CIRCLE('',#13298,0.500000000000007);
#638=CIRCLE('',#13299,0.500000000000007);
#639=CIRCLE('',#13302,0.5);
#640=CIRCLE('',#13303,0.5);
#641=CIRCLE('',#13306,0.500000000000007);
#642=CIRCLE('',#13307,0.500000000000007);
#643=CIRCLE('',#13310,0.499999999999998);
#644=CIRCLE('',#13311,0.499999999999998);
#645=CIRCLE('',#13314,0.500000000000007);
#646=CIRCLE('',#13315,0.500000000000007);
#647=CIRCLE('',#13318,0.5);
#648=CIRCLE('',#13319,0.5);
#649=CIRCLE('',#13322,0.499999999999972);
#650=CIRCLE('',#13323,0.499999999999972);
#651=CIRCLE('',#13326,0.499999999999989);
#652=CIRCLE('',#13327,0.499999999999989);
#653=CIRCLE('',#13330,0.499999999999972);
#654=CIRCLE('',#13331,0.499999999999972);
#655=CIRCLE('',#13334,0.499999999999998);
#656=CIRCLE('',#13335,0.499999999999998);
#657=CIRCLE('',#13338,0.499999999999972);
#658=CIRCLE('',#13339,0.499999999999972);
#659=CIRCLE('',#13342,0.499999999999998);
#660=CIRCLE('',#13343,0.499999999999998);
#661=CIRCLE('',#13346,0.500000000000007);
#662=CIRCLE('',#13347,0.500000000000007);
#663=CIRCLE('',#13350,0.499999999999998);
#664=CIRCLE('',#13351,0.499999999999998);
#665=CIRCLE('',#13354,0.500000000000007);
#666=CIRCLE('',#13355,0.500000000000007);
#667=CIRCLE('',#13358,0.499999999999998);
#668=CIRCLE('',#13359,0.499999999999998);
#669=CIRCLE('',#13362,0.499999999999972);
#670=CIRCLE('',#13363,0.499999999999972);
#671=CIRCLE('',#13366,0.499999999999998);
#672=CIRCLE('',#13367,0.499999999999998);
#673=CIRCLE('',#13370,0.500000000000007);
#674=CIRCLE('',#13371,0.500000000000007);
#675=CIRCLE('',#13374,0.499999999999998);
#676=CIRCLE('',#13375,0.499999999999998);
#677=CIRCLE('',#13378,0.500000000000007);
#678=CIRCLE('',#13379,0.500000000000007);
#679=CIRCLE('',#13382,0.499999999999998);
#680=CIRCLE('',#13383,0.499999999999998);
#681=CIRCLE('',#13386,0.499999999999972);
#682=CIRCLE('',#13387,0.499999999999972);
#683=CIRCLE('',#13390,0.499999999999989);
#684=CIRCLE('',#13391,0.499999999999989);
#685=CIRCLE('',#13394,0.500000000000007);
#686=CIRCLE('',#13395,0.500000000000007);
#687=CIRCLE('',#13398,0.499999999999998);
#688=CIRCLE('',#13399,0.499999999999998);
#689=CIRCLE('',#13402,0.500000000000007);
#690=CIRCLE('',#13403,0.500000000000007);
#691=CIRCLE('',#13406,0.500000000000007);
#692=CIRCLE('',#13407,0.500000000000007);
#693=CIRCLE('',#13410,0.500000000000007);
#694=CIRCLE('',#13411,0.500000000000007);
#695=CIRCLE('',#13414,0.500000000000007);
#696=CIRCLE('',#13415,0.500000000000007);
#697=CIRCLE('',#13427,7.5);
#698=CIRCLE('',#13428,7.5);
#699=CIRCLE('',#13452,7.5);
#700=CIRCLE('',#13453,7.5);
#701=CYLINDRICAL_SURFACE('',#12335,0.499999999999998);
#702=CYLINDRICAL_SURFACE('',#12339,0.499999999999998);
#703=CYLINDRICAL_SURFACE('',#12343,0.499999999999998);
#704=CYLINDRICAL_SURFACE('',#12347,0.499999999999998);
#705=CYLINDRICAL_SURFACE('',#12351,0.5);
#706=CYLINDRICAL_SURFACE('',#12355,0.499999999999998);
#707=CYLINDRICAL_SURFACE('',#12359,0.499999999999998);
#708=CYLINDRICAL_SURFACE('',#12363,0.5);
#709=CYLINDRICAL_SURFACE('',#12367,0.500000000000007);
#710=CYLINDRICAL_SURFACE('',#12371,0.500000000000007);
#711=CYLINDRICAL_SURFACE('',#12375,0.499999999999989);
#712=CYLINDRICAL_SURFACE('',#12379,0.499999999999989);
#713=CYLINDRICAL_SURFACE('',#12383,0.499999999999989);
#714=CYLINDRICAL_SURFACE('',#12387,0.499999999999998);
#715=CYLINDRICAL_SURFACE('',#12391,0.500000000000007);
#716=CYLINDRICAL_SURFACE('',#12395,0.499999999999998);
#717=CYLINDRICAL_SURFACE('',#12399,0.500000000000007);
#718=CYLINDRICAL_SURFACE('',#12403,0.499999999999998);
#719=CYLINDRICAL_SURFACE('',#12407,0.500000000000007);
#720=CYLINDRICAL_SURFACE('',#12411,0.499999999999989);
#721=CYLINDRICAL_SURFACE('',#12415,0.499999999999998);
#722=CYLINDRICAL_SURFACE('',#12419,0.499999999999998);
#723=CYLINDRICAL_SURFACE('',#12423,0.500000000000003);
#724=CYLINDRICAL_SURFACE('',#12427,0.499999999999998);
#725=CYLINDRICAL_SURFACE('',#12431,0.499999999999998);
#726=CYLINDRICAL_SURFACE('',#12435,0.499999999999998);
#727=CYLINDRICAL_SURFACE('',#12439,0.499999999999998);
#728=CYLINDRICAL_SURFACE('',#12443,0.499999999999998);
#729=CYLINDRICAL_SURFACE('',#12447,0.499999999999998);
#730=CYLINDRICAL_SURFACE('',#12451,0.500000000000003);
#731=CYLINDRICAL_SURFACE('',#12455,0.499999999999998);
#732=CYLINDRICAL_SURFACE('',#12459,0.499999999999998);
#733=CYLINDRICAL_SURFACE('',#12463,0.499999999999998);
#734=CYLINDRICAL_SURFACE('',#12467,0.500000000000003);
#735=CYLINDRICAL_SURFACE('',#12471,0.499999999999998);
#736=CYLINDRICAL_SURFACE('',#12475,0.499999999999998);
#737=CYLINDRICAL_SURFACE('',#12479,0.500000000000007);
#738=CYLINDRICAL_SURFACE('',#12483,0.499999999999989);
#739=CYLINDRICAL_SURFACE('',#12487,0.500000000000007);
#740=CYLINDRICAL_SURFACE('',#12491,0.500000000000007);
#741=CYLINDRICAL_SURFACE('',#12495,0.499999999999989);
#742=CYLINDRICAL_SURFACE('',#12499,0.499999999999998);
#743=CYLINDRICAL_SURFACE('',#12503,0.500000000000007);
#744=CYLINDRICAL_SURFACE('',#12507,0.499999999999998);
#745=CYLINDRICAL_SURFACE('',#12511,0.499999999999989);
#746=CYLINDRICAL_SURFACE('',#12515,0.500000000000003);
#747=CYLINDRICAL_SURFACE('',#12519,0.500000000000007);
#748=CYLINDRICAL_SURFACE('',#12523,0.499999999999998);
#749=CYLINDRICAL_SURFACE('',#12527,0.499999999999998);
#750=CYLINDRICAL_SURFACE('',#12531,0.500000000000003);
#751=CYLINDRICAL_SURFACE('',#12535,0.500000000000003);
#752=CYLINDRICAL_SURFACE('',#12539,0.499999999999998);
#753=CYLINDRICAL_SURFACE('',#12543,0.499999999999998);
#754=CYLINDRICAL_SURFACE('',#12547,0.499999999999998);
#755=CYLINDRICAL_SURFACE('',#12551,0.499999999999998);
#756=CYLINDRICAL_SURFACE('',#12555,0.5);
#757=CYLINDRICAL_SURFACE('',#12559,0.500000000000007);
#758=CYLINDRICAL_SURFACE('',#12563,0.500000000000003);
#759=CYLINDRICAL_SURFACE('',#12567,0.500000000000007);
#760=CYLINDRICAL_SURFACE('',#12571,0.499999999999998);
#761=CYLINDRICAL_SURFACE('',#12575,0.5);
#762=CYLINDRICAL_SURFACE('',#12579,0.499999999999998);
#763=CYLINDRICAL_SURFACE('',#12583,0.499999999999998);
#764=CYLINDRICAL_SURFACE('',#12587,0.499999999999998);
#765=CYLINDRICAL_SURFACE('',#12591,0.500000000000007);
#766=CYLINDRICAL_SURFACE('',#12595,0.499999999999998);
#767=CYLINDRICAL_SURFACE('',#12599,0.500000000000007);
#768=CYLINDRICAL_SURFACE('',#12603,0.499999999999998);
#769=CYLINDRICAL_SURFACE('',#12607,0.500000000000007);
#770=CYLINDRICAL_SURFACE('',#12611,0.499999999999998);
#771=CYLINDRICAL_SURFACE('',#12615,0.500000000000007);
#772=CYLINDRICAL_SURFACE('',#12619,0.499999999999998);
#773=CYLINDRICAL_SURFACE('',#12623,0.5);
#774=CYLINDRICAL_SURFACE('',#12627,0.499999999999998);
#775=CYLINDRICAL_SURFACE('',#12631,0.499999999999998);
#776=CYLINDRICAL_SURFACE('',#12635,0.499999999999998);
#777=CYLINDRICAL_SURFACE('',#12639,0.499999999999989);
#778=CYLINDRICAL_SURFACE('',#12643,0.499999999999998);
#779=CYLINDRICAL_SURFACE('',#12647,0.500000000000007);
#780=CYLINDRICAL_SURFACE('',#12651,0.5);
#781=CYLINDRICAL_SURFACE('',#12655,0.499999999999998);
#782=CYLINDRICAL_SURFACE('',#12659,0.499999999999998);
#783=CYLINDRICAL_SURFACE('',#12663,0.500000000000003);
#784=CYLINDRICAL_SURFACE('',#12667,0.5);
#785=CYLINDRICAL_SURFACE('',#12671,0.499999999999998);
#786=CYLINDRICAL_SURFACE('',#12675,0.499999999999998);
#787=CYLINDRICAL_SURFACE('',#12679,0.499999999999998);
#788=CYLINDRICAL_SURFACE('',#12683,0.5);
#789=CYLINDRICAL_SURFACE('',#12687,0.499999999999998);
#790=CYLINDRICAL_SURFACE('',#12691,0.499999999999998);
#791=CYLINDRICAL_SURFACE('',#12695,0.499999999999998);
#792=CYLINDRICAL_SURFACE('',#12699,0.499999999999998);
#793=CYLINDRICAL_SURFACE('',#12703,0.499999999999998);
#794=CYLINDRICAL_SURFACE('',#12707,0.499999999999998);
#795=CYLINDRICAL_SURFACE('',#12711,0.499999999999989);
#796=CYLINDRICAL_SURFACE('',#12715,0.499999999999998);
#797=CYLINDRICAL_SURFACE('',#12719,0.499999999999998);
#798=CYLINDRICAL_SURFACE('',#12723,0.499999999999998);
#799=CYLINDRICAL_SURFACE('',#12727,0.499999999999989);
#800=CYLINDRICAL_SURFACE('',#12731,0.5);
#801=CYLINDRICAL_SURFACE('',#12735,0.500000000000007);
#802=CYLINDRICAL_SURFACE('',#12739,0.499999999999998);
#803=CYLINDRICAL_SURFACE('',#12743,0.500000000000007);
#804=CYLINDRICAL_SURFACE('',#12747,0.5);
#805=CYLINDRICAL_SURFACE('',#12751,0.5);
#806=CYLINDRICAL_SURFACE('',#12755,0.500000000000003);
#807=CYLINDRICAL_SURFACE('',#12759,0.499999999999998);
#808=CYLINDRICAL_SURFACE('',#12763,0.499999999999998);
#809=CYLINDRICAL_SURFACE('',#12767,0.499999999999998);
#810=CYLINDRICAL_SURFACE('',#12771,0.499999999999998);
#811=CYLINDRICAL_SURFACE('',#12775,0.500000000000003);
#812=CYLINDRICAL_SURFACE('',#12779,0.499999999999998);
#813=CYLINDRICAL_SURFACE('',#12783,0.500000000000007);
#814=CYLINDRICAL_SURFACE('',#12787,0.500000000000007);
#815=CYLINDRICAL_SURFACE('',#12791,0.500000000000007);
#816=CYLINDRICAL_SURFACE('',#12795,0.500000000000007);
#817=CYLINDRICAL_SURFACE('',#12799,0.499999999999998);
#818=CYLINDRICAL_SURFACE('',#12803,0.500000000000003);
#819=CYLINDRICAL_SURFACE('',#12807,0.499999999999989);
#820=CYLINDRICAL_SURFACE('',#12811,0.499999999999998);
#821=CYLINDRICAL_SURFACE('',#12815,0.499999999999998);
#822=CYLINDRICAL_SURFACE('',#12819,0.499999999999998);
#823=CYLINDRICAL_SURFACE('',#12823,0.499999999999989);
#824=CYLINDRICAL_SURFACE('',#12827,0.499999999999998);
#825=CYLINDRICAL_SURFACE('',#12831,0.499999999999998);
#826=CYLINDRICAL_SURFACE('',#12835,0.499999999999998);
#827=CYLINDRICAL_SURFACE('',#12839,0.499999999999998);
#828=CYLINDRICAL_SURFACE('',#12843,0.499999999999998);
#829=CYLINDRICAL_SURFACE('',#12857,0.500000000000007);
#830=CYLINDRICAL_SURFACE('',#12861,0.499999999999998);
#831=CYLINDRICAL_SURFACE('',#12865,0.500000000000007);
#832=CYLINDRICAL_SURFACE('',#12869,0.499999999999998);
#833=CYLINDRICAL_SURFACE('',#12873,0.499999999999972);
#834=CYLINDRICAL_SURFACE('',#12877,0.499999999999989);
#835=CYLINDRICAL_SURFACE('',#12881,0.499999999999972);
#836=CYLINDRICAL_SURFACE('',#12885,0.499999999999998);
#837=CYLINDRICAL_SURFACE('',#12889,0.500000000000007);
#838=CYLINDRICAL_SURFACE('',#12893,0.499999999999998);
#839=CYLINDRICAL_SURFACE('',#12897,0.500000000000007);
#840=CYLINDRICAL_SURFACE('',#12901,0.499999999999998);
#841=CYLINDRICAL_SURFACE('',#12905,0.500000000000007);
#842=CYLINDRICAL_SURFACE('',#12909,0.499999999999998);
#843=CYLINDRICAL_SURFACE('',#12913,0.500000000000007);
#844=CYLINDRICAL_SURFACE('',#12917,0.499999999999998);
#845=CYLINDRICAL_SURFACE('',#12921,0.500000000000007);
#846=CYLINDRICAL_SURFACE('',#12925,0.499999999999998);
#847=CYLINDRICAL_SURFACE('',#12929,0.500000000000007);
#848=CYLINDRICAL_SURFACE('',#12933,0.499999999999998);
#849=CYLINDRICAL_SURFACE('',#12937,0.499999999999972);
#850=CYLINDRICAL_SURFACE('',#12941,0.499999999999998);
#851=CYLINDRICAL_SURFACE('',#12945,0.499999999999972);
#852=CYLINDRICAL_SURFACE('',#12949,0.5);
#853=CYLINDRICAL_SURFACE('',#12953,0.499999999999972);
#854=CYLINDRICAL_SURFACE('',#12957,0.499999999999998);
#855=CYLINDRICAL_SURFACE('',#12961,0.499999999999972);
#856=CYLINDRICAL_SURFACE('',#12965,0.5);
#857=CYLINDRICAL_SURFACE('',#12969,0.499999999999972);
#858=CYLINDRICAL_SURFACE('',#12973,0.500000000000003);
#859=CYLINDRICAL_SURFACE('',#12977,0.500000000000007);
#860=CYLINDRICAL_SURFACE('',#12981,0.499999999999998);
#861=CYLINDRICAL_SURFACE('',#12985,0.500000000000007);
#862=CYLINDRICAL_SURFACE('',#12989,0.499999999999998);
#863=CYLINDRICAL_SURFACE('',#12993,0.500000000000007);
#864=CYLINDRICAL_SURFACE('',#12997,0.499999999999998);
#865=CYLINDRICAL_SURFACE('',#13001,0.500000000000007);
#866=CYLINDRICAL_SURFACE('',#13005,0.499999999999998);
#867=CYLINDRICAL_SURFACE('',#13009,0.500000000000007);
#868=CYLINDRICAL_SURFACE('',#13013,0.499999999999998);
#869=CYLINDRICAL_SURFACE('',#13017,0.499999999999972);
#870=CYLINDRICAL_SURFACE('',#13021,0.500000000000003);
#871=CYLINDRICAL_SURFACE('',#13025,0.499999999999972);
#872=CYLINDRICAL_SURFACE('',#13029,0.499999999999998);
#873=CYLINDRICAL_SURFACE('',#13033,0.500000000000007);
#874=CYLINDRICAL_SURFACE('',#13037,0.500000000000007);
#875=CYLINDRICAL_SURFACE('',#13041,0.500000000000007);
#876=CYLINDRICAL_SURFACE('',#13045,0.500000000000007);
#877=CYLINDRICAL_SURFACE('',#13049,0.500000000000007);
#878=CYLINDRICAL_SURFACE('',#13053,0.499999999999998);
#879=CYLINDRICAL_SURFACE('',#13057,0.500000000000007);
#880=CYLINDRICAL_SURFACE('',#13061,0.5);
#881=CYLINDRICAL_SURFACE('',#13065,0.500000000000007);
#882=CYLINDRICAL_SURFACE('',#13069,0.500000000000007);
#883=CYLINDRICAL_SURFACE('',#13073,0.500000000000007);
#884=CYLINDRICAL_SURFACE('',#13077,0.500000000000007);
#885=CYLINDRICAL_SURFACE('',#13081,0.499999999999972);
#886=CYLINDRICAL_SURFACE('',#13085,0.500000000000003);
#887=CYLINDRICAL_SURFACE('',#13089,0.499999999999972);
#888=CYLINDRICAL_SURFACE('',#13093,0.499999999999998);
#889=CYLINDRICAL_SURFACE('',#13097,0.500000000000007);
#890=CYLINDRICAL_SURFACE('',#13101,0.500000000000007);
#891=CYLINDRICAL_SURFACE('',#13105,0.500000000000007);
#892=CYLINDRICAL_SURFACE('',#13109,0.499999999999989);
#893=CYLINDRICAL_SURFACE('',#13113,0.500000000000007);
#894=CYLINDRICAL_SURFACE('',#13117,0.500000000000003);
#895=CYLINDRICAL_SURFACE('',#13121,0.500000000000007);
#896=CYLINDRICAL_SURFACE('',#13125,0.499999999999998);
#897=CYLINDRICAL_SURFACE('',#13129,0.500000000000007);
#898=CYLINDRICAL_SURFACE('',#13133,0.500000000000003);
#899=CYLINDRICAL_SURFACE('',#13137,0.500000000000007);
#900=CYLINDRICAL_SURFACE('',#13141,0.499999999999998);
#901=CYLINDRICAL_SURFACE('',#13145,0.500000000000007);
#902=CYLINDRICAL_SURFACE('',#13149,0.500000000000003);
#903=CYLINDRICAL_SURFACE('',#13153,0.500000000000007);
#904=CYLINDRICAL_SURFACE('',#13157,0.499999999999998);
#905=CYLINDRICAL_SURFACE('',#13161,0.500000000000007);
#906=CYLINDRICAL_SURFACE('',#13165,0.500000000000003);
#907=CYLINDRICAL_SURFACE('',#13169,0.500000000000007);
#908=CYLINDRICAL_SURFACE('',#13173,0.499999999999998);
#909=CYLINDRICAL_SURFACE('',#13177,0.499999999999972);
#910=CYLINDRICAL_SURFACE('',#13181,0.499999999999998);
#911=CYLINDRICAL_SURFACE('',#13185,0.500000000000007);
#912=CYLINDRICAL_SURFACE('',#13189,0.499999999999998);
#913=CYLINDRICAL_SURFACE('',#13193,0.500000000000007);
#914=CYLINDRICAL_SURFACE('',#13197,0.499999999999998);
#915=CYLINDRICAL_SURFACE('',#13201,0.499999999999972);
#916=CYLINDRICAL_SURFACE('',#13205,0.499999999999998);
#917=CYLINDRICAL_SURFACE('',#13209,0.500000000000007);
#918=CYLINDRICAL_SURFACE('',#13213,0.499999999999998);
#919=CYLINDRICAL_SURFACE('',#13217,0.500000000000007);
#920=CYLINDRICAL_SURFACE('',#13221,0.5);
#921=CYLINDRICAL_SURFACE('',#13225,0.500000000000007);
#922=CYLINDRICAL_SURFACE('',#13229,0.499999999999998);
#923=CYLINDRICAL_SURFACE('',#13233,0.500000000000007);
#924=CYLINDRICAL_SURFACE('',#13237,0.499999999999998);
#925=CYLINDRICAL_SURFACE('',#13241,0.500000000000043);
#926=CYLINDRICAL_SURFACE('',#13245,0.499999999999998);
#927=CYLINDRICAL_SURFACE('',#13249,0.499999999999972);
#928=CYLINDRICAL_SURFACE('',#13253,0.499999999999998);
#929=CYLINDRICAL_SURFACE('',#13257,0.499999999999972);
#930=CYLINDRICAL_SURFACE('',#13261,0.499999999999998);
#931=CYLINDRICAL_SURFACE('',#13265,0.499999999999972);
#932=CYLINDRICAL_SURFACE('',#13269,0.499999999999998);
#933=CYLINDRICAL_SURFACE('',#13273,0.499999999999972);
#934=CYLINDRICAL_SURFACE('',#13277,0.499999999999998);
#935=CYLINDRICAL_SURFACE('',#13281,0.500000000000007);
#936=CYLINDRICAL_SURFACE('',#13285,0.5);
#937=CYLINDRICAL_SURFACE('',#13289,0.500000000000007);
#938=CYLINDRICAL_SURFACE('',#13293,0.499999999999998);
#939=CYLINDRICAL_SURFACE('',#13297,0.500000000000007);
#940=CYLINDRICAL_SURFACE('',#13301,0.5);
#941=CYLINDRICAL_SURFACE('',#13305,0.500000000000007);
#942=CYLINDRICAL_SURFACE('',#13309,0.499999999999998);
#943=CYLINDRICAL_SURFACE('',#13313,0.500000000000007);
#944=CYLINDRICAL_SURFACE('',#13317,0.5);
#945=CYLINDRICAL_SURFACE('',#13321,0.499999999999972);
#946=CYLINDRICAL_SURFACE('',#13325,0.499999999999989);
#947=CYLINDRICAL_SURFACE('',#13329,0.499999999999972);
#948=CYLINDRICAL_SURFACE('',#13333,0.499999999999998);
#949=CYLINDRICAL_SURFACE('',#13337,0.499999999999972);
#950=CYLINDRICAL_SURFACE('',#13341,0.499999999999998);
#951=CYLINDRICAL_SURFACE('',#13345,0.500000000000007);
#952=CYLINDRICAL_SURFACE('',#13349,0.499999999999998);
#953=CYLINDRICAL_SURFACE('',#13353,0.500000000000007);
#954=CYLINDRICAL_SURFACE('',#13357,0.499999999999998);
#955=CYLINDRICAL_SURFACE('',#13361,0.499999999999972);
#956=CYLINDRICAL_SURFACE('',#13365,0.499999999999998);
#957=CYLINDRICAL_SURFACE('',#13369,0.500000000000007);
#958=CYLINDRICAL_SURFACE('',#13373,0.499999999999998);
#959=CYLINDRICAL_SURFACE('',#13377,0.500000000000007);
#960=CYLINDRICAL_SURFACE('',#13381,0.499999999999998);
#961=CYLINDRICAL_SURFACE('',#13385,0.499999999999972);
#962=CYLINDRICAL_SURFACE('',#13389,0.499999999999989);
#963=CYLINDRICAL_SURFACE('',#13393,0.500000000000007);
#964=CYLINDRICAL_SURFACE('',#13397,0.499999999999998);
#965=CYLINDRICAL_SURFACE('',#13401,0.500000000000007);
#966=CYLINDRICAL_SURFACE('',#13405,0.500000000000007);
#967=CYLINDRICAL_SURFACE('',#13409,0.500000000000007);
#968=CYLINDRICAL_SURFACE('',#13413,0.500000000000007);
#969=CYLINDRICAL_SURFACE('',#13426,7.5);
#970=CYLINDRICAL_SURFACE('',#13451,7.5);
#971=FACE_OUTER_BOUND('',#1577,.T.);
#972=FACE_OUTER_BOUND('',#1578,.T.);
#973=FACE_OUTER_BOUND('',#1579,.T.);
#974=FACE_OUTER_BOUND('',#1580,.T.);
#975=FACE_OUTER_BOUND('',#1581,.T.);
#976=FACE_OUTER_BOUND('',#1582,.T.);
#977=FACE_OUTER_BOUND('',#1583,.T.);
#978=FACE_OUTER_BOUND('',#1584,.T.);
#979=FACE_OUTER_BOUND('',#1585,.T.);
#980=FACE_OUTER_BOUND('',#1586,.T.);
#981=FACE_OUTER_BOUND('',#1587,.T.);
#982=FACE_OUTER_BOUND('',#1588,.T.);
#983=FACE_OUTER_BOUND('',#1589,.T.);
#984=FACE_OUTER_BOUND('',#1590,.T.);
#985=FACE_OUTER_BOUND('',#1591,.T.);
#986=FACE_OUTER_BOUND('',#1592,.T.);
#987=FACE_OUTER_BOUND('',#1593,.T.);
#988=FACE_OUTER_BOUND('',#1594,.T.);
#989=FACE_OUTER_BOUND('',#1595,.T.);
#990=FACE_OUTER_BOUND('',#1596,.T.);
#991=FACE_OUTER_BOUND('',#1597,.T.);
#992=FACE_OUTER_BOUND('',#1598,.T.);
#993=FACE_OUTER_BOUND('',#1599,.T.);
#994=FACE_OUTER_BOUND('',#1600,.T.);
#995=FACE_OUTER_BOUND('',#1601,.T.);
#996=FACE_OUTER_BOUND('',#1602,.T.);
#997=FACE_OUTER_BOUND('',#1603,.T.);
#998=FACE_OUTER_BOUND('',#1604,.T.);
#999=FACE_OUTER_BOUND('',#1605,.T.);
#1000=FACE_OUTER_BOUND('',#1606,.T.);
#1001=FACE_OUTER_BOUND('',#1607,.T.);
#1002=FACE_OUTER_BOUND('',#1608,.T.);
#1003=FACE_OUTER_BOUND('',#1609,.T.);
#1004=FACE_OUTER_BOUND('',#1610,.T.);
#1005=FACE_OUTER_BOUND('',#1611,.T.);
#1006=FACE_OUTER_BOUND('',#1612,.T.);
#1007=FACE_OUTER_BOUND('',#1613,.T.);
#1008=FACE_OUTER_BOUND('',#1614,.T.);
#1009=FACE_OUTER_BOUND('',#1615,.T.);
#1010=FACE_OUTER_BOUND('',#1616,.T.);
#1011=FACE_OUTER_BOUND('',#1617,.T.);
#1012=FACE_OUTER_BOUND('',#1618,.T.);
#1013=FACE_OUTER_BOUND('',#1619,.T.);
#1014=FACE_OUTER_BOUND('',#1620,.T.);
#1015=FACE_OUTER_BOUND('',#1621,.T.);
#1016=FACE_OUTER_BOUND('',#1622,.T.);
#1017=FACE_OUTER_BOUND('',#1623,.T.);
#1018=FACE_OUTER_BOUND('',#1624,.T.);
#1019=FACE_OUTER_BOUND('',#1625,.T.);
#1020=FACE_OUTER_BOUND('',#1626,.T.);
#1021=FACE_OUTER_BOUND('',#1627,.T.);
#1022=FACE_OUTER_BOUND('',#1628,.T.);
#1023=FACE_OUTER_BOUND('',#1629,.T.);
#1024=FACE_OUTER_BOUND('',#1630,.T.);
#1025=FACE_OUTER_BOUND('',#1631,.T.);
#1026=FACE_OUTER_BOUND('',#1632,.T.);
#1027=FACE_OUTER_BOUND('',#1633,.T.);
#1028=FACE_OUTER_BOUND('',#1634,.T.);
#1029=FACE_OUTER_BOUND('',#1635,.T.);
#1030=FACE_OUTER_BOUND('',#1636,.T.);
#1031=FACE_OUTER_BOUND('',#1637,.T.);
#1032=FACE_OUTER_BOUND('',#1638,.T.);
#1033=FACE_OUTER_BOUND('',#1639,.T.);
#1034=FACE_OUTER_BOUND('',#1640,.T.);
#1035=FACE_OUTER_BOUND('',#1641,.T.);
#1036=FACE_OUTER_BOUND('',#1642,.T.);
#1037=FACE_OUTER_BOUND('',#1643,.T.);
#1038=FACE_OUTER_BOUND('',#1644,.T.);
#1039=FACE_OUTER_BOUND('',#1645,.T.);
#1040=FACE_OUTER_BOUND('',#1646,.T.);
#1041=FACE_OUTER_BOUND('',#1647,.T.);
#1042=FACE_OUTER_BOUND('',#1648,.T.);
#1043=FACE_OUTER_BOUND('',#1649,.T.);
#1044=FACE_OUTER_BOUND('',#1650,.T.);
#1045=FACE_OUTER_BOUND('',#1651,.T.);
#1046=FACE_OUTER_BOUND('',#1652,.T.);
#1047=FACE_OUTER_BOUND('',#1653,.T.);
#1048=FACE_OUTER_BOUND('',#1654,.T.);
#1049=FACE_OUTER_BOUND('',#1655,.T.);
#1050=FACE_OUTER_BOUND('',#1656,.T.);
#1051=FACE_OUTER_BOUND('',#1657,.T.);
#1052=FACE_OUTER_BOUND('',#1658,.T.);
#1053=FACE_OUTER_BOUND('',#1659,.T.);
#1054=FACE_OUTER_BOUND('',#1660,.T.);
#1055=FACE_OUTER_BOUND('',#1661,.T.);
#1056=FACE_OUTER_BOUND('',#1662,.T.);
#1057=FACE_OUTER_BOUND('',#1663,.T.);
#1058=FACE_OUTER_BOUND('',#1664,.T.);
#1059=FACE_OUTER_BOUND('',#1665,.T.);
#1060=FACE_OUTER_BOUND('',#1666,.T.);
#1061=FACE_OUTER_BOUND('',#1667,.T.);
#1062=FACE_OUTER_BOUND('',#1668,.T.);
#1063=FACE_OUTER_BOUND('',#1669,.T.);
#1064=FACE_OUTER_BOUND('',#1670,.T.);
#1065=FACE_OUTER_BOUND('',#1671,.T.);
#1066=FACE_OUTER_BOUND('',#1672,.T.);
#1067=FACE_OUTER_BOUND('',#1673,.T.);
#1068=FACE_OUTER_BOUND('',#1674,.T.);
#1069=FACE_OUTER_BOUND('',#1675,.T.);
#1070=FACE_OUTER_BOUND('',#1676,.T.);
#1071=FACE_OUTER_BOUND('',#1677,.T.);
#1072=FACE_OUTER_BOUND('',#1678,.T.);
#1073=FACE_OUTER_BOUND('',#1679,.T.);
#1074=FACE_OUTER_BOUND('',#1680,.T.);
#1075=FACE_OUTER_BOUND('',#1681,.T.);
#1076=FACE_OUTER_BOUND('',#1682,.T.);
#1077=FACE_OUTER_BOUND('',#1683,.T.);
#1078=FACE_OUTER_BOUND('',#1684,.T.);
#1079=FACE_OUTER_BOUND('',#1685,.T.);
#1080=FACE_OUTER_BOUND('',#1686,.T.);
#1081=FACE_OUTER_BOUND('',#1687,.T.);
#1082=FACE_OUTER_BOUND('',#1688,.T.);
#1083=FACE_OUTER_BOUND('',#1689,.T.);
#1084=FACE_OUTER_BOUND('',#1690,.T.);
#1085=FACE_OUTER_BOUND('',#1691,.T.);
#1086=FACE_OUTER_BOUND('',#1692,.T.);
#1087=FACE_OUTER_BOUND('',#1693,.T.);
#1088=FACE_OUTER_BOUND('',#1694,.T.);
#1089=FACE_OUTER_BOUND('',#1695,.T.);
#1090=FACE_OUTER_BOUND('',#1696,.T.);
#1091=FACE_OUTER_BOUND('',#1697,.T.);
#1092=FACE_OUTER_BOUND('',#1698,.T.);
#1093=FACE_OUTER_BOUND('',#1699,.T.);
#1094=FACE_OUTER_BOUND('',#1700,.T.);
#1095=FACE_OUTER_BOUND('',#1701,.T.);
#1096=FACE_OUTER_BOUND('',#1702,.T.);
#1097=FACE_OUTER_BOUND('',#1703,.T.);
#1098=FACE_OUTER_BOUND('',#1704,.T.);
#1099=FACE_OUTER_BOUND('',#1705,.T.);
#1100=FACE_OUTER_BOUND('',#1706,.T.);
#1101=FACE_OUTER_BOUND('',#1707,.T.);
#1102=FACE_OUTER_BOUND('',#1708,.T.);
#1103=FACE_OUTER_BOUND('',#1709,.T.);
#1104=FACE_OUTER_BOUND('',#1710,.T.);
#1105=FACE_OUTER_BOUND('',#1711,.T.);
#1106=FACE_OUTER_BOUND('',#1712,.T.);
#1107=FACE_OUTER_BOUND('',#1713,.T.);
#1108=FACE_OUTER_BOUND('',#1714,.T.);
#1109=FACE_OUTER_BOUND('',#1715,.T.);
#1110=FACE_OUTER_BOUND('',#1716,.T.);
#1111=FACE_OUTER_BOUND('',#1717,.T.);
#1112=FACE_OUTER_BOUND('',#1718,.T.);
#1113=FACE_OUTER_BOUND('',#1719,.T.);
#1114=FACE_OUTER_BOUND('',#1720,.T.);
#1115=FACE_OUTER_BOUND('',#1721,.T.);
#1116=FACE_OUTER_BOUND('',#1722,.T.);
#1117=FACE_OUTER_BOUND('',#1723,.T.);
#1118=FACE_OUTER_BOUND('',#1724,.T.);
#1119=FACE_OUTER_BOUND('',#1725,.T.);
#1120=FACE_OUTER_BOUND('',#1726,.T.);
#1121=FACE_OUTER_BOUND('',#1727,.T.);
#1122=FACE_OUTER_BOUND('',#1728,.T.);
#1123=FACE_OUTER_BOUND('',#1729,.T.);
#1124=FACE_OUTER_BOUND('',#1730,.T.);
#1125=FACE_OUTER_BOUND('',#1731,.T.);
#1126=FACE_OUTER_BOUND('',#1732,.T.);
#1127=FACE_OUTER_BOUND('',#1733,.T.);
#1128=FACE_OUTER_BOUND('',#1734,.T.);
#1129=FACE_OUTER_BOUND('',#1735,.T.);
#1130=FACE_OUTER_BOUND('',#1736,.T.);
#1131=FACE_OUTER_BOUND('',#1737,.T.);
#1132=FACE_OUTER_BOUND('',#1738,.T.);
#1133=FACE_OUTER_BOUND('',#1739,.T.);
#1134=FACE_OUTER_BOUND('',#1740,.T.);
#1135=FACE_OUTER_BOUND('',#1741,.T.);
#1136=FACE_OUTER_BOUND('',#1742,.T.);
#1137=FACE_OUTER_BOUND('',#1743,.T.);
#1138=FACE_OUTER_BOUND('',#1744,.T.);
#1139=FACE_OUTER_BOUND('',#1745,.T.);
#1140=FACE_OUTER_BOUND('',#1746,.T.);
#1141=FACE_OUTER_BOUND('',#1747,.T.);
#1142=FACE_OUTER_BOUND('',#1748,.T.);
#1143=FACE_OUTER_BOUND('',#1749,.T.);
#1144=FACE_OUTER_BOUND('',#1750,.T.);
#1145=FACE_OUTER_BOUND('',#1751,.T.);
#1146=FACE_OUTER_BOUND('',#1752,.T.);
#1147=FACE_OUTER_BOUND('',#1753,.T.);
#1148=FACE_OUTER_BOUND('',#1754,.T.);
#1149=FACE_OUTER_BOUND('',#1755,.T.);
#1150=FACE_OUTER_BOUND('',#1756,.T.);
#1151=FACE_OUTER_BOUND('',#1757,.T.);
#1152=FACE_OUTER_BOUND('',#1758,.T.);
#1153=FACE_OUTER_BOUND('',#1759,.T.);
#1154=FACE_OUTER_BOUND('',#1760,.T.);
#1155=FACE_OUTER_BOUND('',#1761,.T.);
#1156=FACE_OUTER_BOUND('',#1762,.T.);
#1157=FACE_OUTER_BOUND('',#1763,.T.);
#1158=FACE_OUTER_BOUND('',#1764,.T.);
#1159=FACE_OUTER_BOUND('',#1765,.T.);
#1160=FACE_OUTER_BOUND('',#1766,.T.);
#1161=FACE_OUTER_BOUND('',#1767,.T.);
#1162=FACE_OUTER_BOUND('',#1768,.T.);
#1163=FACE_OUTER_BOUND('',#1769,.T.);
#1164=FACE_OUTER_BOUND('',#1770,.T.);
#1165=FACE_OUTER_BOUND('',#1771,.T.);
#1166=FACE_OUTER_BOUND('',#1772,.T.);
#1167=FACE_OUTER_BOUND('',#1773,.T.);
#1168=FACE_OUTER_BOUND('',#1774,.T.);
#1169=FACE_OUTER_BOUND('',#1775,.T.);
#1170=FACE_OUTER_BOUND('',#1776,.T.);
#1171=FACE_OUTER_BOUND('',#1777,.T.);
#1172=FACE_OUTER_BOUND('',#1778,.T.);
#1173=FACE_OUTER_BOUND('',#1779,.T.);
#1174=FACE_OUTER_BOUND('',#1780,.T.);
#1175=FACE_OUTER_BOUND('',#1781,.T.);
#1176=FACE_OUTER_BOUND('',#1782,.T.);
#1177=FACE_OUTER_BOUND('',#1783,.T.);
#1178=FACE_OUTER_BOUND('',#1784,.T.);
#1179=FACE_OUTER_BOUND('',#1785,.T.);
#1180=FACE_OUTER_BOUND('',#1786,.T.);
#1181=FACE_OUTER_BOUND('',#1787,.T.);
#1182=FACE_OUTER_BOUND('',#1788,.T.);
#1183=FACE_OUTER_BOUND('',#1789,.T.);
#1184=FACE_OUTER_BOUND('',#1790,.T.);
#1185=FACE_OUTER_BOUND('',#1791,.T.);
#1186=FACE_OUTER_BOUND('',#1792,.T.);
#1187=FACE_OUTER_BOUND('',#1793,.T.);
#1188=FACE_OUTER_BOUND('',#1794,.T.);
#1189=FACE_OUTER_BOUND('',#1795,.T.);
#1190=FACE_OUTER_BOUND('',#1796,.T.);
#1191=FACE_OUTER_BOUND('',#1797,.T.);
#1192=FACE_OUTER_BOUND('',#1798,.T.);
#1193=FACE_OUTER_BOUND('',#1799,.T.);
#1194=FACE_OUTER_BOUND('',#1800,.T.);
#1195=FACE_OUTER_BOUND('',#1801,.T.);
#1196=FACE_OUTER_BOUND('',#1802,.T.);
#1197=FACE_OUTER_BOUND('',#1803,.T.);
#1198=FACE_OUTER_BOUND('',#1804,.T.);
#1199=FACE_OUTER_BOUND('',#1805,.T.);
#1200=FACE_OUTER_BOUND('',#1806,.T.);
#1201=FACE_OUTER_BOUND('',#1807,.T.);
#1202=FACE_OUTER_BOUND('',#1808,.T.);
#1203=FACE_OUTER_BOUND('',#1809,.T.);
#1204=FACE_OUTER_BOUND('',#1810,.T.);
#1205=FACE_OUTER_BOUND('',#1811,.T.);
#1206=FACE_OUTER_BOUND('',#1812,.T.);
#1207=FACE_OUTER_BOUND('',#1813,.T.);
#1208=FACE_OUTER_BOUND('',#1814,.T.);
#1209=FACE_OUTER_BOUND('',#1815,.T.);
#1210=FACE_OUTER_BOUND('',#1816,.T.);
#1211=FACE_OUTER_BOUND('',#1817,.T.);
#1212=FACE_OUTER_BOUND('',#1818,.T.);
#1213=FACE_OUTER_BOUND('',#1819,.T.);
#1214=FACE_OUTER_BOUND('',#1820,.T.);
#1215=FACE_OUTER_BOUND('',#1821,.T.);
#1216=FACE_OUTER_BOUND('',#1822,.T.);
#1217=FACE_OUTER_BOUND('',#1823,.T.);
#1218=FACE_OUTER_BOUND('',#1824,.T.);
#1219=FACE_OUTER_BOUND('',#1825,.T.);
#1220=FACE_OUTER_BOUND('',#1826,.T.);
#1221=FACE_OUTER_BOUND('',#1827,.T.);
#1222=FACE_OUTER_BOUND('',#1828,.T.);
#1223=FACE_OUTER_BOUND('',#1829,.T.);
#1224=FACE_OUTER_BOUND('',#1830,.T.);
#1225=FACE_OUTER_BOUND('',#1831,.T.);
#1226=FACE_OUTER_BOUND('',#1832,.T.);
#1227=FACE_OUTER_BOUND('',#1833,.T.);
#1228=FACE_OUTER_BOUND('',#1834,.T.);
#1229=FACE_OUTER_BOUND('',#1835,.T.);
#1230=FACE_OUTER_BOUND('',#1836,.T.);
#1231=FACE_OUTER_BOUND('',#1837,.T.);
#1232=FACE_OUTER_BOUND('',#1838,.T.);
#1233=FACE_OUTER_BOUND('',#1839,.T.);
#1234=FACE_OUTER_BOUND('',#1840,.T.);
#1235=FACE_OUTER_BOUND('',#1841,.T.);
#1236=FACE_OUTER_BOUND('',#1874,.T.);
#1237=FACE_OUTER_BOUND('',#1907,.T.);
#1238=FACE_OUTER_BOUND('',#1908,.T.);
#1239=FACE_OUTER_BOUND('',#1909,.T.);
#1240=FACE_OUTER_BOUND('',#1910,.T.);
#1241=FACE_OUTER_BOUND('',#1911,.T.);
#1242=FACE_OUTER_BOUND('',#1912,.T.);
#1243=FACE_OUTER_BOUND('',#1913,.T.);
#1244=FACE_OUTER_BOUND('',#1914,.T.);
#1245=FACE_OUTER_BOUND('',#1915,.T.);
#1246=FACE_OUTER_BOUND('',#1916,.T.);
#1247=FACE_OUTER_BOUND('',#1917,.T.);
#1248=FACE_OUTER_BOUND('',#1918,.T.);
#1249=FACE_OUTER_BOUND('',#1919,.T.);
#1250=FACE_OUTER_BOUND('',#1920,.T.);
#1251=FACE_OUTER_BOUND('',#1921,.T.);
#1252=FACE_OUTER_BOUND('',#1922,.T.);
#1253=FACE_OUTER_BOUND('',#1923,.T.);
#1254=FACE_OUTER_BOUND('',#1924,.T.);
#1255=FACE_OUTER_BOUND('',#1925,.T.);
#1256=FACE_OUTER_BOUND('',#1926,.T.);
#1257=FACE_OUTER_BOUND('',#1927,.T.);
#1258=FACE_OUTER_BOUND('',#1928,.T.);
#1259=FACE_OUTER_BOUND('',#1929,.T.);
#1260=FACE_OUTER_BOUND('',#1930,.T.);
#1261=FACE_OUTER_BOUND('',#1931,.T.);
#1262=FACE_OUTER_BOUND('',#1932,.T.);
#1263=FACE_OUTER_BOUND('',#1933,.T.);
#1264=FACE_OUTER_BOUND('',#1934,.T.);
#1265=FACE_OUTER_BOUND('',#1935,.T.);
#1266=FACE_OUTER_BOUND('',#1936,.T.);
#1267=FACE_OUTER_BOUND('',#1937,.T.);
#1268=FACE_OUTER_BOUND('',#1938,.T.);
#1269=FACE_OUTER_BOUND('',#1939,.T.);
#1270=FACE_OUTER_BOUND('',#1940,.T.);
#1271=FACE_OUTER_BOUND('',#1941,.T.);
#1272=FACE_OUTER_BOUND('',#1942,.T.);
#1273=FACE_OUTER_BOUND('',#1943,.T.);
#1274=FACE_OUTER_BOUND('',#1944,.T.);
#1275=FACE_OUTER_BOUND('',#1945,.T.);
#1276=FACE_OUTER_BOUND('',#1946,.T.);
#1277=FACE_OUTER_BOUND('',#1947,.T.);
#1278=FACE_OUTER_BOUND('',#1948,.T.);
#1279=FACE_OUTER_BOUND('',#1949,.T.);
#1280=FACE_OUTER_BOUND('',#1950,.T.);
#1281=FACE_OUTER_BOUND('',#1951,.T.);
#1282=FACE_OUTER_BOUND('',#1952,.T.);
#1283=FACE_OUTER_BOUND('',#1953,.T.);
#1284=FACE_OUTER_BOUND('',#1954,.T.);
#1285=FACE_OUTER_BOUND('',#1955,.T.);
#1286=FACE_OUTER_BOUND('',#1956,.T.);
#1287=FACE_OUTER_BOUND('',#1957,.T.);
#1288=FACE_OUTER_BOUND('',#1958,.T.);
#1289=FACE_OUTER_BOUND('',#1959,.T.);
#1290=FACE_OUTER_BOUND('',#1960,.T.);
#1291=FACE_OUTER_BOUND('',#1961,.T.);
#1292=FACE_OUTER_BOUND('',#1962,.T.);
#1293=FACE_OUTER_BOUND('',#1963,.T.);
#1294=FACE_OUTER_BOUND('',#1964,.T.);
#1295=FACE_OUTER_BOUND('',#1965,.T.);
#1296=FACE_OUTER_BOUND('',#1966,.T.);
#1297=FACE_OUTER_BOUND('',#1967,.T.);
#1298=FACE_OUTER_BOUND('',#1968,.T.);
#1299=FACE_OUTER_BOUND('',#1969,.T.);
#1300=FACE_OUTER_BOUND('',#1970,.T.);
#1301=FACE_OUTER_BOUND('',#1971,.T.);
#1302=FACE_OUTER_BOUND('',#1972,.T.);
#1303=FACE_OUTER_BOUND('',#1973,.T.);
#1304=FACE_OUTER_BOUND('',#1974,.T.);
#1305=FACE_OUTER_BOUND('',#1975,.T.);
#1306=FACE_OUTER_BOUND('',#1976,.T.);
#1307=FACE_OUTER_BOUND('',#1977,.T.);
#1308=FACE_OUTER_BOUND('',#1978,.T.);
#1309=FACE_OUTER_BOUND('',#1979,.T.);
#1310=FACE_OUTER_BOUND('',#1980,.T.);
#1311=FACE_OUTER_BOUND('',#1981,.T.);
#1312=FACE_OUTER_BOUND('',#1982,.T.);
#1313=FACE_OUTER_BOUND('',#1983,.T.);
#1314=FACE_OUTER_BOUND('',#1984,.T.);
#1315=FACE_OUTER_BOUND('',#1985,.T.);
#1316=FACE_OUTER_BOUND('',#1986,.T.);
#1317=FACE_OUTER_BOUND('',#1987,.T.);
#1318=FACE_OUTER_BOUND('',#1988,.T.);
#1319=FACE_OUTER_BOUND('',#1989,.T.);
#1320=FACE_OUTER_BOUND('',#1990,.T.);
#1321=FACE_OUTER_BOUND('',#1991,.T.);
#1322=FACE_OUTER_BOUND('',#1992,.T.);
#1323=FACE_OUTER_BOUND('',#1993,.T.);
#1324=FACE_OUTER_BOUND('',#1994,.T.);
#1325=FACE_OUTER_BOUND('',#1995,.T.);
#1326=FACE_OUTER_BOUND('',#1996,.T.);
#1327=FACE_OUTER_BOUND('',#1997,.T.);
#1328=FACE_OUTER_BOUND('',#1998,.T.);
#1329=FACE_OUTER_BOUND('',#1999,.T.);
#1330=FACE_OUTER_BOUND('',#2000,.T.);
#1331=FACE_OUTER_BOUND('',#2001,.T.);
#1332=FACE_OUTER_BOUND('',#2002,.T.);
#1333=FACE_OUTER_BOUND('',#2003,.T.);
#1334=FACE_OUTER_BOUND('',#2004,.T.);
#1335=FACE_OUTER_BOUND('',#2005,.T.);
#1336=FACE_OUTER_BOUND('',#2006,.T.);
#1337=FACE_OUTER_BOUND('',#2007,.T.);
#1338=FACE_OUTER_BOUND('',#2008,.T.);
#1339=FACE_OUTER_BOUND('',#2009,.T.);
#1340=FACE_OUTER_BOUND('',#2010,.T.);
#1341=FACE_OUTER_BOUND('',#2011,.T.);
#1342=FACE_OUTER_BOUND('',#2012,.T.);
#1343=FACE_OUTER_BOUND('',#2013,.T.);
#1344=FACE_OUTER_BOUND('',#2014,.T.);
#1345=FACE_OUTER_BOUND('',#2015,.T.);
#1346=FACE_OUTER_BOUND('',#2016,.T.);
#1347=FACE_OUTER_BOUND('',#2017,.T.);
#1348=FACE_OUTER_BOUND('',#2018,.T.);
#1349=FACE_OUTER_BOUND('',#2019,.T.);
#1350=FACE_OUTER_BOUND('',#2020,.T.);
#1351=FACE_OUTER_BOUND('',#2021,.T.);
#1352=FACE_OUTER_BOUND('',#2022,.T.);
#1353=FACE_OUTER_BOUND('',#2023,.T.);
#1354=FACE_OUTER_BOUND('',#2024,.T.);
#1355=FACE_OUTER_BOUND('',#2025,.T.);
#1356=FACE_OUTER_BOUND('',#2026,.T.);
#1357=FACE_OUTER_BOUND('',#2027,.T.);
#1358=FACE_OUTER_BOUND('',#2028,.T.);
#1359=FACE_OUTER_BOUND('',#2029,.T.);
#1360=FACE_OUTER_BOUND('',#2030,.T.);
#1361=FACE_OUTER_BOUND('',#2031,.T.);
#1362=FACE_OUTER_BOUND('',#2032,.T.);
#1363=FACE_OUTER_BOUND('',#2033,.T.);
#1364=FACE_OUTER_BOUND('',#2034,.T.);
#1365=FACE_OUTER_BOUND('',#2035,.T.);
#1366=FACE_OUTER_BOUND('',#2036,.T.);
#1367=FACE_OUTER_BOUND('',#2037,.T.);
#1368=FACE_OUTER_BOUND('',#2038,.T.);
#1369=FACE_OUTER_BOUND('',#2039,.T.);
#1370=FACE_OUTER_BOUND('',#2040,.T.);
#1371=FACE_OUTER_BOUND('',#2041,.T.);
#1372=FACE_OUTER_BOUND('',#2042,.T.);
#1373=FACE_OUTER_BOUND('',#2043,.T.);
#1374=FACE_OUTER_BOUND('',#2044,.T.);
#1375=FACE_OUTER_BOUND('',#2045,.T.);
#1376=FACE_OUTER_BOUND('',#2046,.T.);
#1377=FACE_OUTER_BOUND('',#2047,.T.);
#1378=FACE_OUTER_BOUND('',#2048,.T.);
#1379=FACE_OUTER_BOUND('',#2049,.T.);
#1380=FACE_OUTER_BOUND('',#2050,.T.);
#1381=FACE_OUTER_BOUND('',#2051,.T.);
#1382=FACE_OUTER_BOUND('',#2052,.T.);
#1383=FACE_OUTER_BOUND('',#2053,.T.);
#1384=FACE_OUTER_BOUND('',#2054,.T.);
#1385=FACE_OUTER_BOUND('',#2055,.T.);
#1386=FACE_OUTER_BOUND('',#2056,.T.);
#1387=FACE_OUTER_BOUND('',#2057,.T.);
#1388=FACE_OUTER_BOUND('',#2058,.T.);
#1389=FACE_OUTER_BOUND('',#2059,.T.);
#1390=FACE_OUTER_BOUND('',#2060,.T.);
#1391=FACE_OUTER_BOUND('',#2061,.T.);
#1392=FACE_OUTER_BOUND('',#2062,.T.);
#1393=FACE_OUTER_BOUND('',#2063,.T.);
#1394=FACE_OUTER_BOUND('',#2064,.T.);
#1395=FACE_OUTER_BOUND('',#2065,.T.);
#1396=FACE_OUTER_BOUND('',#2066,.T.);
#1397=FACE_OUTER_BOUND('',#2067,.T.);
#1398=FACE_OUTER_BOUND('',#2068,.T.);
#1399=FACE_OUTER_BOUND('',#2069,.T.);
#1400=FACE_OUTER_BOUND('',#2070,.T.);
#1401=FACE_OUTER_BOUND('',#2071,.T.);
#1402=FACE_OUTER_BOUND('',#2072,.T.);
#1403=FACE_OUTER_BOUND('',#2073,.T.);
#1404=FACE_OUTER_BOUND('',#2074,.T.);
#1405=FACE_OUTER_BOUND('',#2075,.T.);
#1406=FACE_OUTER_BOUND('',#2076,.T.);
#1407=FACE_OUTER_BOUND('',#2077,.T.);
#1408=FACE_OUTER_BOUND('',#2078,.T.);
#1409=FACE_OUTER_BOUND('',#2079,.T.);
#1410=FACE_OUTER_BOUND('',#2080,.T.);
#1411=FACE_OUTER_BOUND('',#2081,.T.);
#1412=FACE_OUTER_BOUND('',#2082,.T.);
#1413=FACE_OUTER_BOUND('',#2083,.T.);
#1414=FACE_OUTER_BOUND('',#2084,.T.);
#1415=FACE_OUTER_BOUND('',#2085,.T.);
#1416=FACE_OUTER_BOUND('',#2086,.T.);
#1417=FACE_OUTER_BOUND('',#2087,.T.);
#1418=FACE_OUTER_BOUND('',#2088,.T.);
#1419=FACE_OUTER_BOUND('',#2089,.T.);
#1420=FACE_OUTER_BOUND('',#2090,.T.);
#1421=FACE_OUTER_BOUND('',#2091,.T.);
#1422=FACE_OUTER_BOUND('',#2092,.T.);
#1423=FACE_OUTER_BOUND('',#2093,.T.);
#1424=FACE_OUTER_BOUND('',#2094,.T.);
#1425=FACE_OUTER_BOUND('',#2095,.T.);
#1426=FACE_OUTER_BOUND('',#2096,.T.);
#1427=FACE_OUTER_BOUND('',#2097,.T.);
#1428=FACE_OUTER_BOUND('',#2098,.T.);
#1429=FACE_OUTER_BOUND('',#2099,.T.);
#1430=FACE_OUTER_BOUND('',#2100,.T.);
#1431=FACE_OUTER_BOUND('',#2101,.T.);
#1432=FACE_OUTER_BOUND('',#2102,.T.);
#1433=FACE_OUTER_BOUND('',#2103,.T.);
#1434=FACE_OUTER_BOUND('',#2104,.T.);
#1435=FACE_OUTER_BOUND('',#2105,.T.);
#1436=FACE_OUTER_BOUND('',#2106,.T.);
#1437=FACE_OUTER_BOUND('',#2107,.T.);
#1438=FACE_OUTER_BOUND('',#2108,.T.);
#1439=FACE_OUTER_BOUND('',#2109,.T.);
#1440=FACE_OUTER_BOUND('',#2110,.T.);
#1441=FACE_OUTER_BOUND('',#2111,.T.);
#1442=FACE_OUTER_BOUND('',#2112,.T.);
#1443=FACE_OUTER_BOUND('',#2113,.T.);
#1444=FACE_OUTER_BOUND('',#2114,.T.);
#1445=FACE_OUTER_BOUND('',#2115,.T.);
#1446=FACE_OUTER_BOUND('',#2116,.T.);
#1447=FACE_OUTER_BOUND('',#2117,.T.);
#1448=FACE_OUTER_BOUND('',#2118,.T.);
#1449=FACE_OUTER_BOUND('',#2119,.T.);
#1450=FACE_OUTER_BOUND('',#2120,.T.);
#1451=FACE_OUTER_BOUND('',#2121,.T.);
#1452=FACE_OUTER_BOUND('',#2122,.T.);
#1453=FACE_OUTER_BOUND('',#2123,.T.);
#1454=FACE_OUTER_BOUND('',#2124,.T.);
#1455=FACE_OUTER_BOUND('',#2125,.T.);
#1456=FACE_OUTER_BOUND('',#2126,.T.);
#1457=FACE_OUTER_BOUND('',#2127,.T.);
#1458=FACE_OUTER_BOUND('',#2128,.T.);
#1459=FACE_OUTER_BOUND('',#2129,.T.);
#1460=FACE_OUTER_BOUND('',#2130,.T.);
#1461=FACE_OUTER_BOUND('',#2131,.T.);
#1462=FACE_OUTER_BOUND('',#2132,.T.);
#1463=FACE_OUTER_BOUND('',#2133,.T.);
#1464=FACE_OUTER_BOUND('',#2134,.T.);
#1465=FACE_OUTER_BOUND('',#2135,.T.);
#1466=FACE_OUTER_BOUND('',#2136,.T.);
#1467=FACE_OUTER_BOUND('',#2137,.T.);
#1468=FACE_OUTER_BOUND('',#2138,.T.);
#1469=FACE_OUTER_BOUND('',#2139,.T.);
#1470=FACE_OUTER_BOUND('',#2140,.T.);
#1471=FACE_OUTER_BOUND('',#2141,.T.);
#1472=FACE_OUTER_BOUND('',#2142,.T.);
#1473=FACE_OUTER_BOUND('',#2143,.T.);
#1474=FACE_OUTER_BOUND('',#2144,.T.);
#1475=FACE_OUTER_BOUND('',#2145,.T.);
#1476=FACE_OUTER_BOUND('',#2146,.T.);
#1477=FACE_OUTER_BOUND('',#2147,.T.);
#1478=FACE_OUTER_BOUND('',#2148,.T.);
#1479=FACE_OUTER_BOUND('',#2149,.T.);
#1480=FACE_OUTER_BOUND('',#2150,.T.);
#1481=FACE_OUTER_BOUND('',#2151,.T.);
#1482=FACE_OUTER_BOUND('',#2152,.T.);
#1483=FACE_OUTER_BOUND('',#2153,.T.);
#1484=FACE_OUTER_BOUND('',#2154,.T.);
#1485=FACE_OUTER_BOUND('',#2155,.T.);
#1486=FACE_OUTER_BOUND('',#2156,.T.);
#1487=FACE_OUTER_BOUND('',#2157,.T.);
#1488=FACE_OUTER_BOUND('',#2158,.T.);
#1489=FACE_OUTER_BOUND('',#2159,.T.);
#1490=FACE_OUTER_BOUND('',#2160,.T.);
#1491=FACE_OUTER_BOUND('',#2161,.T.);
#1492=FACE_OUTER_BOUND('',#2162,.T.);
#1493=FACE_OUTER_BOUND('',#2163,.T.);
#1494=FACE_OUTER_BOUND('',#2164,.T.);
#1495=FACE_OUTER_BOUND('',#2165,.T.);
#1496=FACE_OUTER_BOUND('',#2166,.T.);
#1497=FACE_OUTER_BOUND('',#2167,.T.);
#1498=FACE_OUTER_BOUND('',#2168,.T.);
#1499=FACE_OUTER_BOUND('',#2169,.T.);
#1500=FACE_OUTER_BOUND('',#2170,.T.);
#1501=FACE_OUTER_BOUND('',#2171,.T.);
#1502=FACE_OUTER_BOUND('',#2172,.T.);
#1503=FACE_OUTER_BOUND('',#2173,.T.);
#1504=FACE_OUTER_BOUND('',#2174,.T.);
#1505=FACE_OUTER_BOUND('',#2175,.T.);
#1506=FACE_OUTER_BOUND('',#2176,.T.);
#1507=FACE_OUTER_BOUND('',#2177,.T.);
#1508=FACE_OUTER_BOUND('',#2178,.T.);
#1509=FACE_OUTER_BOUND('',#2179,.T.);
#1510=FACE_OUTER_BOUND('',#2180,.T.);
#1511=FACE_OUTER_BOUND('',#2181,.T.);
#1512=FACE_OUTER_BOUND('',#2182,.T.);
#1513=FACE_OUTER_BOUND('',#2183,.T.);
#1514=FACE_OUTER_BOUND('',#2184,.T.);
#1515=FACE_OUTER_BOUND('',#2185,.T.);
#1516=FACE_OUTER_BOUND('',#2186,.T.);
#1517=FACE_OUTER_BOUND('',#2187,.T.);
#1518=FACE_OUTER_BOUND('',#2188,.T.);
#1519=FACE_OUTER_BOUND('',#2189,.T.);
#1520=FACE_OUTER_BOUND('',#2190,.T.);
#1521=FACE_OUTER_BOUND('',#2191,.T.);
#1522=FACE_OUTER_BOUND('',#2192,.T.);
#1523=FACE_OUTER_BOUND('',#2193,.T.);
#1524=FACE_OUTER_BOUND('',#2229,.T.);
#1525=FACE_OUTER_BOUND('',#2265,.T.);
#1526=FACE_OUTER_BOUND('',#2266,.T.);
#1527=FACE_OUTER_BOUND('',#2267,.T.);
#1528=FACE_OUTER_BOUND('',#2268,.T.);
#1529=FACE_OUTER_BOUND('',#2269,.T.);
#1530=FACE_OUTER_BOUND('',#2270,.T.);
#1531=FACE_OUTER_BOUND('',#2271,.T.);
#1532=FACE_OUTER_BOUND('',#2272,.T.);
#1533=FACE_OUTER_BOUND('',#2273,.T.);
#1534=FACE_OUTER_BOUND('',#2274,.T.);
#1535=FACE_OUTER_BOUND('',#2275,.T.);
#1536=FACE_OUTER_BOUND('',#2277,.T.);
#1537=FACE_OUTER_BOUND('',#2278,.T.);
#1538=FACE_OUTER_BOUND('',#2279,.T.);
#1539=FACE_OUTER_BOUND('',#2280,.T.);
#1540=FACE_OUTER_BOUND('',#2281,.T.);
#1541=FACE_OUTER_BOUND('',#2282,.T.);
#1542=FACE_OUTER_BOUND('',#2283,.T.);
#1543=FACE_OUTER_BOUND('',#2284,.T.);
#1544=FACE_OUTER_BOUND('',#2285,.T.);
#1545=FACE_OUTER_BOUND('',#2286,.T.);
#1546=FACE_OUTER_BOUND('',#2288,.T.);
#1547=FACE_OUTER_BOUND('',#2289,.T.);
#1548=FACE_OUTER_BOUND('',#2291,.T.);
#1549=FACE_OUTER_BOUND('',#2292,.T.);
#1550=FACE_OUTER_BOUND('',#2293,.T.);
#1551=FACE_OUTER_BOUND('',#2294,.T.);
#1552=FACE_OUTER_BOUND('',#2295,.T.);
#1553=FACE_OUTER_BOUND('',#2296,.T.);
#1554=FACE_OUTER_BOUND('',#2297,.T.);
#1555=FACE_OUTER_BOUND('',#2298,.T.);
#1556=FACE_OUTER_BOUND('',#2299,.T.);
#1557=FACE_OUTER_BOUND('',#2300,.T.);
#1558=FACE_OUTER_BOUND('',#2301,.T.);
#1559=FACE_OUTER_BOUND('',#2302,.T.);
#1560=FACE_OUTER_BOUND('',#2304,.T.);
#1561=FACE_OUTER_BOUND('',#2306,.T.);
#1562=FACE_OUTER_BOUND('',#2307,.T.);
#1563=FACE_OUTER_BOUND('',#2308,.T.);
#1564=FACE_OUTER_BOUND('',#2309,.T.);
#1565=FACE_OUTER_BOUND('',#2310,.T.);
#1566=FACE_OUTER_BOUND('',#2311,.T.);
#1567=FACE_OUTER_BOUND('',#2312,.T.);
#1568=FACE_OUTER_BOUND('',#2313,.T.);
#1569=FACE_OUTER_BOUND('',#2314,.T.);
#1570=FACE_OUTER_BOUND('',#2315,.T.);
#1571=FACE_OUTER_BOUND('',#2316,.T.);
#1572=FACE_OUTER_BOUND('',#2317,.T.);
#1573=FACE_OUTER_BOUND('',#2318,.T.);
#1574=FACE_OUTER_BOUND('',#2319,.T.);
#1575=FACE_OUTER_BOUND('',#2321,.T.);
#1576=FACE_OUTER_BOUND('',#2322,.T.);
#1577=EDGE_LOOP('',(#7799,#7800,#7801,#7802));
#1578=EDGE_LOOP('',(#7803,#7804,#7805,#7806));
#1579=EDGE_LOOP('',(#7807,#7808,#7809,#7810));
#1580=EDGE_LOOP('',(#7811,#7812,#7813,#7814));
#1581=EDGE_LOOP('',(#7815,#7816,#7817,#7818));
#1582=EDGE_LOOP('',(#7819,#7820,#7821,#7822));
#1583=EDGE_LOOP('',(#7823,#7824,#7825,#7826));
#1584=EDGE_LOOP('',(#7827,#7828,#7829,#7830));
#1585=EDGE_LOOP('',(#7831,#7832,#7833,#7834));
#1586=EDGE_LOOP('',(#7835,#7836,#7837,#7838));
#1587=EDGE_LOOP('',(#7839,#7840,#7841,#7842));
#1588=EDGE_LOOP('',(#7843,#7844,#7845,#7846));
#1589=EDGE_LOOP('',(#7847,#7848,#7849,#7850));
#1590=EDGE_LOOP('',(#7851,#7852,#7853,#7854));
#1591=EDGE_LOOP('',(#7855,#7856,#7857,#7858));
#1592=EDGE_LOOP('',(#7859,#7860,#7861,#7862));
#1593=EDGE_LOOP('',(#7863,#7864,#7865,#7866));
#1594=EDGE_LOOP('',(#7867,#7868,#7869,#7870));
#1595=EDGE_LOOP('',(#7871,#7872,#7873,#7874));
#1596=EDGE_LOOP('',(#7875,#7876,#7877,#7878));
#1597=EDGE_LOOP('',(#7879,#7880,#7881,#7882));
#1598=EDGE_LOOP('',(#7883,#7884,#7885,#7886));
#1599=EDGE_LOOP('',(#7887,#7888,#7889,#7890));
#1600=EDGE_LOOP('',(#7891,#7892,#7893,#7894));
#1601=EDGE_LOOP('',(#7895,#7896,#7897,#7898));
#1602=EDGE_LOOP('',(#7899,#7900,#7901,#7902));
#1603=EDGE_LOOP('',(#7903,#7904,#7905,#7906));
#1604=EDGE_LOOP('',(#7907,#7908,#7909,#7910));
#1605=EDGE_LOOP('',(#7911,#7912,#7913,#7914));
#1606=EDGE_LOOP('',(#7915,#7916,#7917,#7918));
#1607=EDGE_LOOP('',(#7919,#7920,#7921,#7922));
#1608=EDGE_LOOP('',(#7923,#7924,#7925,#7926));
#1609=EDGE_LOOP('',(#7927,#7928,#7929,#7930));
#1610=EDGE_LOOP('',(#7931,#7932,#7933,#7934));
#1611=EDGE_LOOP('',(#7935,#7936,#7937,#7938));
#1612=EDGE_LOOP('',(#7939,#7940,#7941,#7942));
#1613=EDGE_LOOP('',(#7943,#7944,#7945,#7946));
#1614=EDGE_LOOP('',(#7947,#7948,#7949,#7950));
#1615=EDGE_LOOP('',(#7951,#7952,#7953,#7954));
#1616=EDGE_LOOP('',(#7955,#7956,#7957,#7958));
#1617=EDGE_LOOP('',(#7959,#7960,#7961,#7962));
#1618=EDGE_LOOP('',(#7963,#7964,#7965,#7966));
#1619=EDGE_LOOP('',(#7967,#7968,#7969,#7970));
#1620=EDGE_LOOP('',(#7971,#7972,#7973,#7974));
#1621=EDGE_LOOP('',(#7975,#7976,#7977,#7978));
#1622=EDGE_LOOP('',(#7979,#7980,#7981,#7982));
#1623=EDGE_LOOP('',(#7983,#7984,#7985,#7986));
#1624=EDGE_LOOP('',(#7987,#7988,#7989,#7990));
#1625=EDGE_LOOP('',(#7991,#7992,#7993,#7994));
#1626=EDGE_LOOP('',(#7995,#7996,#7997,#7998));
#1627=EDGE_LOOP('',(#7999,#8000,#8001,#8002));
#1628=EDGE_LOOP('',(#8003,#8004,#8005,#8006));
#1629=EDGE_LOOP('',(#8007,#8008,#8009,#8010));
#1630=EDGE_LOOP('',(#8011,#8012,#8013,#8014));
#1631=EDGE_LOOP('',(#8015,#8016,#8017,#8018));
#1632=EDGE_LOOP('',(#8019,#8020,#8021,#8022));
#1633=EDGE_LOOP('',(#8023,#8024,#8025,#8026));
#1634=EDGE_LOOP('',(#8027,#8028,#8029,#8030));
#1635=EDGE_LOOP('',(#8031,#8032,#8033,#8034));
#1636=EDGE_LOOP('',(#8035,#8036,#8037,#8038));
#1637=EDGE_LOOP('',(#8039,#8040,#8041,#8042));
#1638=EDGE_LOOP('',(#8043,#8044,#8045,#8046));
#1639=EDGE_LOOP('',(#8047,#8048,#8049,#8050));
#1640=EDGE_LOOP('',(#8051,#8052,#8053,#8054));
#1641=EDGE_LOOP('',(#8055,#8056,#8057,#8058));
#1642=EDGE_LOOP('',(#8059,#8060,#8061,#8062));
#1643=EDGE_LOOP('',(#8063,#8064,#8065,#8066));
#1644=EDGE_LOOP('',(#8067,#8068,#8069,#8070));
#1645=EDGE_LOOP('',(#8071,#8072,#8073,#8074));
#1646=EDGE_LOOP('',(#8075,#8076,#8077,#8078));
#1647=EDGE_LOOP('',(#8079,#8080,#8081,#8082));
#1648=EDGE_LOOP('',(#8083,#8084,#8085,#8086));
#1649=EDGE_LOOP('',(#8087,#8088,#8089,#8090));
#1650=EDGE_LOOP('',(#8091,#8092,#8093,#8094));
#1651=EDGE_LOOP('',(#8095,#8096,#8097,#8098));
#1652=EDGE_LOOP('',(#8099,#8100,#8101,#8102));
#1653=EDGE_LOOP('',(#8103,#8104,#8105,#8106));
#1654=EDGE_LOOP('',(#8107,#8108,#8109,#8110));
#1655=EDGE_LOOP('',(#8111,#8112,#8113,#8114));
#1656=EDGE_LOOP('',(#8115,#8116,#8117,#8118));
#1657=EDGE_LOOP('',(#8119,#8120,#8121,#8122));
#1658=EDGE_LOOP('',(#8123,#8124,#8125,#8126));
#1659=EDGE_LOOP('',(#8127,#8128,#8129,#8130));
#1660=EDGE_LOOP('',(#8131,#8132,#8133,#8134));
#1661=EDGE_LOOP('',(#8135,#8136,#8137,#8138));
#1662=EDGE_LOOP('',(#8139,#8140,#8141,#8142));
#1663=EDGE_LOOP('',(#8143,#8144,#8145,#8146));
#1664=EDGE_LOOP('',(#8147,#8148,#8149,#8150));
#1665=EDGE_LOOP('',(#8151,#8152,#8153,#8154));
#1666=EDGE_LOOP('',(#8155,#8156,#8157,#8158));
#1667=EDGE_LOOP('',(#8159,#8160,#8161,#8162));
#1668=EDGE_LOOP('',(#8163,#8164,#8165,#8166));
#1669=EDGE_LOOP('',(#8167,#8168,#8169,#8170));
#1670=EDGE_LOOP('',(#8171,#8172,#8173,#8174));
#1671=EDGE_LOOP('',(#8175,#8176,#8177,#8178));
#1672=EDGE_LOOP('',(#8179,#8180,#8181,#8182));
#1673=EDGE_LOOP('',(#8183,#8184,#8185,#8186));
#1674=EDGE_LOOP('',(#8187,#8188,#8189,#8190));
#1675=EDGE_LOOP('',(#8191,#8192,#8193,#8194));
#1676=EDGE_LOOP('',(#8195,#8196,#8197,#8198));
#1677=EDGE_LOOP('',(#8199,#8200,#8201,#8202));
#1678=EDGE_LOOP('',(#8203,#8204,#8205,#8206));
#1679=EDGE_LOOP('',(#8207,#8208,#8209,#8210));
#1680=EDGE_LOOP('',(#8211,#8212,#8213,#8214));
#1681=EDGE_LOOP('',(#8215,#8216,#8217,#8218));
#1682=EDGE_LOOP('',(#8219,#8220,#8221,#8222));
#1683=EDGE_LOOP('',(#8223,#8224,#8225,#8226));
#1684=EDGE_LOOP('',(#8227,#8228,#8229,#8230));
#1685=EDGE_LOOP('',(#8231,#8232,#8233,#8234));
#1686=EDGE_LOOP('',(#8235,#8236,#8237,#8238));
#1687=EDGE_LOOP('',(#8239,#8240,#8241,#8242));
#1688=EDGE_LOOP('',(#8243,#8244,#8245,#8246));
#1689=EDGE_LOOP('',(#8247,#8248,#8249,#8250));
#1690=EDGE_LOOP('',(#8251,#8252,#8253,#8254));
#1691=EDGE_LOOP('',(#8255,#8256,#8257,#8258));
#1692=EDGE_LOOP('',(#8259,#8260,#8261,#8262));
#1693=EDGE_LOOP('',(#8263,#8264,#8265,#8266));
#1694=EDGE_LOOP('',(#8267,#8268,#8269,#8270));
#1695=EDGE_LOOP('',(#8271,#8272,#8273,#8274));
#1696=EDGE_LOOP('',(#8275,#8276,#8277,#8278));
#1697=EDGE_LOOP('',(#8279,#8280,#8281,#8282));
#1698=EDGE_LOOP('',(#8283,#8284,#8285,#8286));
#1699=EDGE_LOOP('',(#8287,#8288,#8289,#8290));
#1700=EDGE_LOOP('',(#8291,#8292,#8293,#8294));
#1701=EDGE_LOOP('',(#8295,#8296,#8297,#8298));
#1702=EDGE_LOOP('',(#8299,#8300,#8301,#8302));
#1703=EDGE_LOOP('',(#8303,#8304,#8305,#8306));
#1704=EDGE_LOOP('',(#8307,#8308,#8309,#8310));
#1705=EDGE_LOOP('',(#8311,#8312,#8313,#8314));
#1706=EDGE_LOOP('',(#8315,#8316,#8317,#8318));
#1707=EDGE_LOOP('',(#8319,#8320,#8321,#8322));
#1708=EDGE_LOOP('',(#8323,#8324,#8325,#8326));
#1709=EDGE_LOOP('',(#8327,#8328,#8329,#8330));
#1710=EDGE_LOOP('',(#8331,#8332,#8333,#8334));
#1711=EDGE_LOOP('',(#8335,#8336,#8337,#8338));
#1712=EDGE_LOOP('',(#8339,#8340,#8341,#8342));
#1713=EDGE_LOOP('',(#8343,#8344,#8345,#8346));
#1714=EDGE_LOOP('',(#8347,#8348,#8349,#8350));
#1715=EDGE_LOOP('',(#8351,#8352,#8353,#8354));
#1716=EDGE_LOOP('',(#8355,#8356,#8357,#8358));
#1717=EDGE_LOOP('',(#8359,#8360,#8361,#8362));
#1718=EDGE_LOOP('',(#8363,#8364,#8365,#8366));
#1719=EDGE_LOOP('',(#8367,#8368,#8369,#8370));
#1720=EDGE_LOOP('',(#8371,#8372,#8373,#8374));
#1721=EDGE_LOOP('',(#8375,#8376,#8377,#8378));
#1722=EDGE_LOOP('',(#8379,#8380,#8381,#8382));
#1723=EDGE_LOOP('',(#8383,#8384,#8385,#8386));
#1724=EDGE_LOOP('',(#8387,#8388,#8389,#8390));
#1725=EDGE_LOOP('',(#8391,#8392,#8393,#8394));
#1726=EDGE_LOOP('',(#8395,#8396,#8397,#8398));
#1727=EDGE_LOOP('',(#8399,#8400,#8401,#8402));
#1728=EDGE_LOOP('',(#8403,#8404,#8405,#8406));
#1729=EDGE_LOOP('',(#8407,#8408,#8409,#8410));
#1730=EDGE_LOOP('',(#8411,#8412,#8413,#8414));
#1731=EDGE_LOOP('',(#8415,#8416,#8417,#8418));
#1732=EDGE_LOOP('',(#8419,#8420,#8421,#8422));
#1733=EDGE_LOOP('',(#8423,#8424,#8425,#8426));
#1734=EDGE_LOOP('',(#8427,#8428,#8429,#8430));
#1735=EDGE_LOOP('',(#8431,#8432,#8433,#8434));
#1736=EDGE_LOOP('',(#8435,#8436,#8437,#8438));
#1737=EDGE_LOOP('',(#8439,#8440,#8441,#8442));
#1738=EDGE_LOOP('',(#8443,#8444,#8445,#8446));
#1739=EDGE_LOOP('',(#8447,#8448,#8449,#8450));
#1740=EDGE_LOOP('',(#8451,#8452,#8453,#8454));
#1741=EDGE_LOOP('',(#8455,#8456,#8457,#8458));
#1742=EDGE_LOOP('',(#8459,#8460,#8461,#8462));
#1743=EDGE_LOOP('',(#8463,#8464,#8465,#8466));
#1744=EDGE_LOOP('',(#8467,#8468,#8469,#8470));
#1745=EDGE_LOOP('',(#8471,#8472,#8473,#8474));
#1746=EDGE_LOOP('',(#8475,#8476,#8477,#8478));
#1747=EDGE_LOOP('',(#8479,#8480,#8481,#8482));
#1748=EDGE_LOOP('',(#8483,#8484,#8485,#8486));
#1749=EDGE_LOOP('',(#8487,#8488,#8489,#8490));
#1750=EDGE_LOOP('',(#8491,#8492,#8493,#8494));
#1751=EDGE_LOOP('',(#8495,#8496,#8497,#8498));
#1752=EDGE_LOOP('',(#8499,#8500,#8501,#8502));
#1753=EDGE_LOOP('',(#8503,#8504,#8505,#8506));
#1754=EDGE_LOOP('',(#8507,#8508,#8509,#8510));
#1755=EDGE_LOOP('',(#8511,#8512,#8513,#8514));
#1756=EDGE_LOOP('',(#8515,#8516,#8517,#8518));
#1757=EDGE_LOOP('',(#8519,#8520,#8521,#8522));
#1758=EDGE_LOOP('',(#8523,#8524,#8525,#8526));
#1759=EDGE_LOOP('',(#8527,#8528,#8529,#8530));
#1760=EDGE_LOOP('',(#8531,#8532,#8533,#8534));
#1761=EDGE_LOOP('',(#8535,#8536,#8537,#8538));
#1762=EDGE_LOOP('',(#8539,#8540,#8541,#8542));
#1763=EDGE_LOOP('',(#8543,#8544,#8545,#8546));
#1764=EDGE_LOOP('',(#8547,#8548,#8549,#8550));
#1765=EDGE_LOOP('',(#8551,#8552,#8553,#8554));
#1766=EDGE_LOOP('',(#8555,#8556,#8557,#8558));
#1767=EDGE_LOOP('',(#8559,#8560,#8561,#8562));
#1768=EDGE_LOOP('',(#8563,#8564,#8565,#8566));
#1769=EDGE_LOOP('',(#8567,#8568,#8569,#8570));
#1770=EDGE_LOOP('',(#8571,#8572,#8573,#8574));
#1771=EDGE_LOOP('',(#8575,#8576,#8577,#8578));
#1772=EDGE_LOOP('',(#8579,#8580,#8581,#8582));
#1773=EDGE_LOOP('',(#8583,#8584,#8585,#8586));
#1774=EDGE_LOOP('',(#8587,#8588,#8589,#8590));
#1775=EDGE_LOOP('',(#8591,#8592,#8593,#8594));
#1776=EDGE_LOOP('',(#8595,#8596,#8597,#8598));
#1777=EDGE_LOOP('',(#8599,#8600,#8601,#8602));
#1778=EDGE_LOOP('',(#8603,#8604,#8605,#8606));
#1779=EDGE_LOOP('',(#8607,#8608,#8609,#8610));
#1780=EDGE_LOOP('',(#8611,#8612,#8613,#8614));
#1781=EDGE_LOOP('',(#8615,#8616,#8617,#8618));
#1782=EDGE_LOOP('',(#8619,#8620,#8621,#8622));
#1783=EDGE_LOOP('',(#8623,#8624,#8625,#8626));
#1784=EDGE_LOOP('',(#8627,#8628,#8629,#8630));
#1785=EDGE_LOOP('',(#8631,#8632,#8633,#8634));
#1786=EDGE_LOOP('',(#8635,#8636,#8637,#8638));
#1787=EDGE_LOOP('',(#8639,#8640,#8641,#8642));
#1788=EDGE_LOOP('',(#8643,#8644,#8645,#8646));
#1789=EDGE_LOOP('',(#8647,#8648,#8649,#8650));
#1790=EDGE_LOOP('',(#8651,#8652,#8653,#8654));
#1791=EDGE_LOOP('',(#8655,#8656,#8657,#8658));
#1792=EDGE_LOOP('',(#8659,#8660,#8661,#8662));
#1793=EDGE_LOOP('',(#8663,#8664,#8665,#8666));
#1794=EDGE_LOOP('',(#8667,#8668,#8669,#8670));
#1795=EDGE_LOOP('',(#8671,#8672,#8673,#8674));
#1796=EDGE_LOOP('',(#8675,#8676,#8677,#8678));
#1797=EDGE_LOOP('',(#8679,#8680,#8681,#8682));
#1798=EDGE_LOOP('',(#8683,#8684,#8685,#8686));
#1799=EDGE_LOOP('',(#8687,#8688,#8689,#8690));
#1800=EDGE_LOOP('',(#8691,#8692,#8693,#8694));
#1801=EDGE_LOOP('',(#8695,#8696,#8697,#8698));
#1802=EDGE_LOOP('',(#8699,#8700,#8701,#8702));
#1803=EDGE_LOOP('',(#8703,#8704,#8705,#8706));
#1804=EDGE_LOOP('',(#8707,#8708,#8709,#8710));
#1805=EDGE_LOOP('',(#8711,#8712,#8713,#8714));
#1806=EDGE_LOOP('',(#8715,#8716,#8717,#8718));
#1807=EDGE_LOOP('',(#8719,#8720,#8721,#8722));
#1808=EDGE_LOOP('',(#8723,#8724,#8725,#8726));
#1809=EDGE_LOOP('',(#8727,#8728,#8729,#8730));
#1810=EDGE_LOOP('',(#8731,#8732,#8733,#8734));
#1811=EDGE_LOOP('',(#8735,#8736,#8737,#8738));
#1812=EDGE_LOOP('',(#8739,#8740,#8741,#8742));
#1813=EDGE_LOOP('',(#8743,#8744,#8745,#8746));
#1814=EDGE_LOOP('',(#8747,#8748,#8749,#8750));
#1815=EDGE_LOOP('',(#8751,#8752,#8753,#8754));
#1816=EDGE_LOOP('',(#8755,#8756,#8757,#8758));
#1817=EDGE_LOOP('',(#8759,#8760,#8761,#8762));
#1818=EDGE_LOOP('',(#8763,#8764,#8765,#8766));
#1819=EDGE_LOOP('',(#8767,#8768,#8769,#8770));
#1820=EDGE_LOOP('',(#8771,#8772,#8773,#8774));
#1821=EDGE_LOOP('',(#8775,#8776,#8777,#8778));
#1822=EDGE_LOOP('',(#8779,#8780,#8781,#8782));
#1823=EDGE_LOOP('',(#8783,#8784,#8785,#8786));
#1824=EDGE_LOOP('',(#8787,#8788,#8789,#8790));
#1825=EDGE_LOOP('',(#8791,#8792,#8793,#8794));
#1826=EDGE_LOOP('',(#8795,#8796,#8797,#8798));
#1827=EDGE_LOOP('',(#8799,#8800,#8801,#8802));
#1828=EDGE_LOOP('',(#8803,#8804,#8805,#8806));
#1829=EDGE_LOOP('',(#8807,#8808,#8809,#8810));
#1830=EDGE_LOOP('',(#8811,#8812,#8813,#8814));
#1831=EDGE_LOOP('',(#8815,#8816,#8817,#8818));
#1832=EDGE_LOOP('',(#8819,#8820,#8821,#8822));
#1833=EDGE_LOOP('',(#8823,#8824,#8825,#8826));
#1834=EDGE_LOOP('',(#8827,#8828,#8829,#8830));
#1835=EDGE_LOOP('',(#8831,#8832,#8833,#8834));
#1836=EDGE_LOOP('',(#8835,#8836,#8837,#8838));
#1837=EDGE_LOOP('',(#8839,#8840,#8841,#8842));
#1838=EDGE_LOOP('',(#8843,#8844,#8845,#8846));
#1839=EDGE_LOOP('',(#8847,#8848,#8849,#8850));
#1840=EDGE_LOOP('',(#8851,#8852,#8853,#8854));
#1841=EDGE_LOOP('',(#8855,#8856,#8857,#8858,#8859,#8860,#8861,#8862));
#1842=EDGE_LOOP('',(#8863,#8864,#8865,#8866,#8867,#8868,#8869,#8870));
#1843=EDGE_LOOP('',(#8871,#8872,#8873,#8874,#8875,#8876,#8877,#8878));
#1844=EDGE_LOOP('',(#8879,#8880,#8881,#8882,#8883,#8884,#8885,#8886));
#1845=EDGE_LOOP('',(#8887,#8888,#8889,#8890,#8891,#8892,#8893,#8894));
#1846=EDGE_LOOP('',(#8895,#8896,#8897,#8898,#8899,#8900,#8901,#8902));
#1847=EDGE_LOOP('',(#8903,#8904,#8905,#8906,#8907,#8908,#8909,#8910));
#1848=EDGE_LOOP('',(#8911,#8912,#8913,#8914,#8915,#8916,#8917,#8918));
#1849=EDGE_LOOP('',(#8919,#8920,#8921,#8922,#8923,#8924,#8925,#8926));
#1850=EDGE_LOOP('',(#8927,#8928,#8929,#8930,#8931,#8932,#8933,#8934));
#1851=EDGE_LOOP('',(#8935,#8936,#8937,#8938,#8939,#8940,#8941,#8942));
#1852=EDGE_LOOP('',(#8943,#8944,#8945,#8946,#8947,#8948,#8949,#8950));
#1853=EDGE_LOOP('',(#8951,#8952,#8953,#8954,#8955,#8956,#8957,#8958));
#1854=EDGE_LOOP('',(#8959,#8960,#8961,#8962,#8963,#8964,#8965,#8966));
#1855=EDGE_LOOP('',(#8967,#8968,#8969,#8970,#8971,#8972,#8973,#8974));
#1856=EDGE_LOOP('',(#8975,#8976,#8977,#8978,#8979,#8980,#8981,#8982));
#1857=EDGE_LOOP('',(#8983,#8984,#8985,#8986,#8987,#8988,#8989,#8990));
#1858=EDGE_LOOP('',(#8991,#8992,#8993,#8994,#8995,#8996,#8997,#8998));
#1859=EDGE_LOOP('',(#8999,#9000,#9001,#9002,#9003,#9004,#9005,#9006));
#1860=EDGE_LOOP('',(#9007,#9008,#9009,#9010,#9011,#9012,#9013,#9014));
#1861=EDGE_LOOP('',(#9015,#9016,#9017,#9018,#9019,#9020,#9021,#9022));
#1862=EDGE_LOOP('',(#9023,#9024,#9025,#9026,#9027,#9028,#9029,#9030));
#1863=EDGE_LOOP('',(#9031,#9032,#9033,#9034,#9035,#9036,#9037,#9038));
#1864=EDGE_LOOP('',(#9039,#9040,#9041,#9042,#9043,#9044,#9045,#9046));
#1865=EDGE_LOOP('',(#9047,#9048,#9049,#9050,#9051,#9052,#9053,#9054));
#1866=EDGE_LOOP('',(#9055,#9056,#9057,#9058,#9059,#9060,#9061,#9062));
#1867=EDGE_LOOP('',(#9063,#9064,#9065,#9066,#9067,#9068,#9069,#9070));
#1868=EDGE_LOOP('',(#9071,#9072,#9073,#9074,#9075,#9076,#9077,#9078));
#1869=EDGE_LOOP('',(#9079,#9080,#9081,#9082,#9083,#9084,#9085,#9086));
#1870=EDGE_LOOP('',(#9087,#9088,#9089,#9090,#9091,#9092,#9093,#9094));
#1871=EDGE_LOOP('',(#9095,#9096,#9097,#9098,#9099,#9100,#9101,#9102));
#1872=EDGE_LOOP('',(#9103,#9104,#9105,#9106,#9107,#9108,#9109,#9110));
#1873=EDGE_LOOP('',(#9111,#9112,#9113,#9114,#9115,#9116,#9117,#9118));
#1874=EDGE_LOOP('',(#9119,#9120,#9121,#9122,#9123,#9124,#9125,#9126));
#1875=EDGE_LOOP('',(#9127,#9128,#9129,#9130,#9131,#9132,#9133,#9134));
#1876=EDGE_LOOP('',(#9135,#9136,#9137,#9138,#9139,#9140,#9141,#9142));
#1877=EDGE_LOOP('',(#9143,#9144,#9145,#9146,#9147,#9148,#9149,#9150));
#1878=EDGE_LOOP('',(#9151,#9152,#9153,#9154,#9155,#9156,#9157,#9158));
#1879=EDGE_LOOP('',(#9159,#9160,#9161,#9162,#9163,#9164,#9165,#9166));
#1880=EDGE_LOOP('',(#9167,#9168,#9169,#9170,#9171,#9172,#9173,#9174));
#1881=EDGE_LOOP('',(#9175,#9176,#9177,#9178,#9179,#9180,#9181,#9182));
#1882=EDGE_LOOP('',(#9183,#9184,#9185,#9186,#9187,#9188,#9189,#9190));
#1883=EDGE_LOOP('',(#9191,#9192,#9193,#9194,#9195,#9196,#9197,#9198));
#1884=EDGE_LOOP('',(#9199,#9200,#9201,#9202,#9203,#9204,#9205,#9206));
#1885=EDGE_LOOP('',(#9207,#9208,#9209,#9210,#9211,#9212,#9213,#9214));
#1886=EDGE_LOOP('',(#9215,#9216,#9217,#9218,#9219,#9220,#9221,#9222));
#1887=EDGE_LOOP('',(#9223,#9224,#9225,#9226,#9227,#9228,#9229,#9230));
#1888=EDGE_LOOP('',(#9231,#9232,#9233,#9234,#9235,#9236,#9237,#9238));
#1889=EDGE_LOOP('',(#9239,#9240,#9241,#9242,#9243,#9244,#9245,#9246));
#1890=EDGE_LOOP('',(#9247,#9248,#9249,#9250,#9251,#9252,#9253,#9254));
#1891=EDGE_LOOP('',(#9255,#9256,#9257,#9258,#9259,#9260,#9261,#9262));
#1892=EDGE_LOOP('',(#9263,#9264,#9265,#9266,#9267,#9268,#9269,#9270));
#1893=EDGE_LOOP('',(#9271,#9272,#9273,#9274,#9275,#9276,#9277,#9278));
#1894=EDGE_LOOP('',(#9279,#9280,#9281,#9282,#9283,#9284,#9285,#9286));
#1895=EDGE_LOOP('',(#9287,#9288,#9289,#9290,#9291,#9292,#9293,#9294));
#1896=EDGE_LOOP('',(#9295,#9296,#9297,#9298,#9299,#9300,#9301,#9302));
#1897=EDGE_LOOP('',(#9303,#9304,#9305,#9306,#9307,#9308,#9309,#9310));
#1898=EDGE_LOOP('',(#9311,#9312,#9313,#9314,#9315,#9316,#9317,#9318));
#1899=EDGE_LOOP('',(#9319,#9320,#9321,#9322,#9323,#9324,#9325,#9326));
#1900=EDGE_LOOP('',(#9327,#9328,#9329,#9330,#9331,#9332,#9333,#9334));
#1901=EDGE_LOOP('',(#9335,#9336,#9337,#9338,#9339,#9340,#9341,#9342));
#1902=EDGE_LOOP('',(#9343,#9344,#9345,#9346,#9347,#9348,#9349,#9350));
#1903=EDGE_LOOP('',(#9351,#9352,#9353,#9354,#9355,#9356,#9357,#9358));
#1904=EDGE_LOOP('',(#9359,#9360,#9361,#9362,#9363,#9364,#9365,#9366));
#1905=EDGE_LOOP('',(#9367,#9368,#9369,#9370,#9371,#9372,#9373,#9374));
#1906=EDGE_LOOP('',(#9375,#9376,#9377,#9378,#9379,#9380,#9381,#9382));
#1907=EDGE_LOOP('',(#9383,#9384,#9385,#9386));
#1908=EDGE_LOOP('',(#9387,#9388,#9389,#9390));
#1909=EDGE_LOOP('',(#9391,#9392,#9393,#9394));
#1910=EDGE_LOOP('',(#9395,#9396,#9397,#9398));
#1911=EDGE_LOOP('',(#9399,#9400,#9401,#9402));
#1912=EDGE_LOOP('',(#9403,#9404,#9405,#9406));
#1913=EDGE_LOOP('',(#9407,#9408,#9409,#9410));
#1914=EDGE_LOOP('',(#9411,#9412,#9413,#9414));
#1915=EDGE_LOOP('',(#9415,#9416,#9417,#9418));
#1916=EDGE_LOOP('',(#9419,#9420,#9421,#9422));
#1917=EDGE_LOOP('',(#9423,#9424,#9425,#9426));
#1918=EDGE_LOOP('',(#9427,#9428,#9429,#9430));
#1919=EDGE_LOOP('',(#9431,#9432,#9433,#9434));
#1920=EDGE_LOOP('',(#9435,#9436,#9437,#9438));
#1921=EDGE_LOOP('',(#9439,#9440,#9441,#9442));
#1922=EDGE_LOOP('',(#9443,#9444,#9445,#9446));
#1923=EDGE_LOOP('',(#9447,#9448,#9449,#9450));
#1924=EDGE_LOOP('',(#9451,#9452,#9453,#9454));
#1925=EDGE_LOOP('',(#9455,#9456,#9457,#9458));
#1926=EDGE_LOOP('',(#9459,#9460,#9461,#9462));
#1927=EDGE_LOOP('',(#9463,#9464,#9465,#9466));
#1928=EDGE_LOOP('',(#9467,#9468,#9469,#9470));
#1929=EDGE_LOOP('',(#9471,#9472,#9473,#9474));
#1930=EDGE_LOOP('',(#9475,#9476,#9477,#9478));
#1931=EDGE_LOOP('',(#9479,#9480,#9481,#9482));
#1932=EDGE_LOOP('',(#9483,#9484,#9485,#9486));
#1933=EDGE_LOOP('',(#9487,#9488,#9489,#9490));
#1934=EDGE_LOOP('',(#9491,#9492,#9493,#9494));
#1935=EDGE_LOOP('',(#9495,#9496,#9497,#9498));
#1936=EDGE_LOOP('',(#9499,#9500,#9501,#9502));
#1937=EDGE_LOOP('',(#9503,#9504,#9505,#9506));
#1938=EDGE_LOOP('',(#9507,#9508,#9509,#9510));
#1939=EDGE_LOOP('',(#9511,#9512,#9513,#9514));
#1940=EDGE_LOOP('',(#9515,#9516,#9517,#9518));
#1941=EDGE_LOOP('',(#9519,#9520,#9521,#9522));
#1942=EDGE_LOOP('',(#9523,#9524,#9525,#9526));
#1943=EDGE_LOOP('',(#9527,#9528,#9529,#9530));
#1944=EDGE_LOOP('',(#9531,#9532,#9533,#9534));
#1945=EDGE_LOOP('',(#9535,#9536,#9537,#9538));
#1946=EDGE_LOOP('',(#9539,#9540,#9541,#9542));
#1947=EDGE_LOOP('',(#9543,#9544,#9545,#9546));
#1948=EDGE_LOOP('',(#9547,#9548,#9549,#9550));
#1949=EDGE_LOOP('',(#9551,#9552,#9553,#9554));
#1950=EDGE_LOOP('',(#9555,#9556,#9557,#9558));
#1951=EDGE_LOOP('',(#9559,#9560,#9561,#9562));
#1952=EDGE_LOOP('',(#9563,#9564,#9565,#9566));
#1953=EDGE_LOOP('',(#9567,#9568,#9569,#9570));
#1954=EDGE_LOOP('',(#9571,#9572,#9573,#9574));
#1955=EDGE_LOOP('',(#9575,#9576,#9577,#9578));
#1956=EDGE_LOOP('',(#9579,#9580,#9581,#9582));
#1957=EDGE_LOOP('',(#9583,#9584,#9585,#9586));
#1958=EDGE_LOOP('',(#9587,#9588,#9589,#9590));
#1959=EDGE_LOOP('',(#9591,#9592,#9593,#9594));
#1960=EDGE_LOOP('',(#9595,#9596,#9597,#9598));
#1961=EDGE_LOOP('',(#9599,#9600,#9601,#9602));
#1962=EDGE_LOOP('',(#9603,#9604,#9605,#9606));
#1963=EDGE_LOOP('',(#9607,#9608,#9609,#9610));
#1964=EDGE_LOOP('',(#9611,#9612,#9613,#9614));
#1965=EDGE_LOOP('',(#9615,#9616,#9617,#9618));
#1966=EDGE_LOOP('',(#9619,#9620,#9621,#9622));
#1967=EDGE_LOOP('',(#9623,#9624,#9625,#9626));
#1968=EDGE_LOOP('',(#9627,#9628,#9629,#9630));
#1969=EDGE_LOOP('',(#9631,#9632,#9633,#9634));
#1970=EDGE_LOOP('',(#9635,#9636,#9637,#9638));
#1971=EDGE_LOOP('',(#9639,#9640,#9641,#9642));
#1972=EDGE_LOOP('',(#9643,#9644,#9645,#9646));
#1973=EDGE_LOOP('',(#9647,#9648,#9649,#9650));
#1974=EDGE_LOOP('',(#9651,#9652,#9653,#9654));
#1975=EDGE_LOOP('',(#9655,#9656,#9657,#9658));
#1976=EDGE_LOOP('',(#9659,#9660,#9661,#9662));
#1977=EDGE_LOOP('',(#9663,#9664,#9665,#9666));
#1978=EDGE_LOOP('',(#9667,#9668,#9669,#9670));
#1979=EDGE_LOOP('',(#9671,#9672,#9673,#9674));
#1980=EDGE_LOOP('',(#9675,#9676,#9677,#9678));
#1981=EDGE_LOOP('',(#9679,#9680,#9681,#9682));
#1982=EDGE_LOOP('',(#9683,#9684,#9685,#9686));
#1983=EDGE_LOOP('',(#9687,#9688,#9689,#9690));
#1984=EDGE_LOOP('',(#9691,#9692,#9693,#9694));
#1985=EDGE_LOOP('',(#9695,#9696,#9697,#9698));
#1986=EDGE_LOOP('',(#9699,#9700,#9701,#9702));
#1987=EDGE_LOOP('',(#9703,#9704,#9705,#9706));
#1988=EDGE_LOOP('',(#9707,#9708,#9709,#9710));
#1989=EDGE_LOOP('',(#9711,#9712,#9713,#9714));
#1990=EDGE_LOOP('',(#9715,#9716,#9717,#9718));
#1991=EDGE_LOOP('',(#9719,#9720,#9721,#9722));
#1992=EDGE_LOOP('',(#9723,#9724,#9725,#9726));
#1993=EDGE_LOOP('',(#9727,#9728,#9729,#9730));
#1994=EDGE_LOOP('',(#9731,#9732,#9733,#9734));
#1995=EDGE_LOOP('',(#9735,#9736,#9737,#9738));
#1996=EDGE_LOOP('',(#9739,#9740,#9741,#9742));
#1997=EDGE_LOOP('',(#9743,#9744,#9745,#9746));
#1998=EDGE_LOOP('',(#9747,#9748,#9749,#9750));
#1999=EDGE_LOOP('',(#9751,#9752,#9753,#9754));
#2000=EDGE_LOOP('',(#9755,#9756,#9757,#9758));
#2001=EDGE_LOOP('',(#9759,#9760,#9761,#9762));
#2002=EDGE_LOOP('',(#9763,#9764,#9765,#9766));
#2003=EDGE_LOOP('',(#9767,#9768,#9769,#9770));
#2004=EDGE_LOOP('',(#9771,#9772,#9773,#9774));
#2005=EDGE_LOOP('',(#9775,#9776,#9777,#9778));
#2006=EDGE_LOOP('',(#9779,#9780,#9781,#9782));
#2007=EDGE_LOOP('',(#9783,#9784,#9785,#9786));
#2008=EDGE_LOOP('',(#9787,#9788,#9789,#9790));
#2009=EDGE_LOOP('',(#9791,#9792,#9793,#9794));
#2010=EDGE_LOOP('',(#9795,#9796,#9797,#9798));
#2011=EDGE_LOOP('',(#9799,#9800,#9801,#9802));
#2012=EDGE_LOOP('',(#9803,#9804,#9805,#9806));
#2013=EDGE_LOOP('',(#9807,#9808,#9809,#9810));
#2014=EDGE_LOOP('',(#9811,#9812,#9813,#9814));
#2015=EDGE_LOOP('',(#9815,#9816,#9817,#9818));
#2016=EDGE_LOOP('',(#9819,#9820,#9821,#9822));
#2017=EDGE_LOOP('',(#9823,#9824,#9825,#9826));
#2018=EDGE_LOOP('',(#9827,#9828,#9829,#9830));
#2019=EDGE_LOOP('',(#9831,#9832,#9833,#9834));
#2020=EDGE_LOOP('',(#9835,#9836,#9837,#9838));
#2021=EDGE_LOOP('',(#9839,#9840,#9841,#9842));
#2022=EDGE_LOOP('',(#9843,#9844,#9845,#9846));
#2023=EDGE_LOOP('',(#9847,#9848,#9849,#9850));
#2024=EDGE_LOOP('',(#9851,#9852,#9853,#9854));
#2025=EDGE_LOOP('',(#9855,#9856,#9857,#9858));
#2026=EDGE_LOOP('',(#9859,#9860,#9861,#9862));
#2027=EDGE_LOOP('',(#9863,#9864,#9865,#9866));
#2028=EDGE_LOOP('',(#9867,#9868,#9869,#9870));
#2029=EDGE_LOOP('',(#9871,#9872,#9873,#9874));
#2030=EDGE_LOOP('',(#9875,#9876,#9877,#9878));
#2031=EDGE_LOOP('',(#9879,#9880,#9881,#9882));
#2032=EDGE_LOOP('',(#9883,#9884,#9885,#9886));
#2033=EDGE_LOOP('',(#9887,#9888,#9889,#9890));
#2034=EDGE_LOOP('',(#9891,#9892,#9893,#9894));
#2035=EDGE_LOOP('',(#9895,#9896,#9897,#9898));
#2036=EDGE_LOOP('',(#9899,#9900,#9901,#9902));
#2037=EDGE_LOOP('',(#9903,#9904,#9905,#9906));
#2038=EDGE_LOOP('',(#9907,#9908,#9909,#9910));
#2039=EDGE_LOOP('',(#9911,#9912,#9913,#9914));
#2040=EDGE_LOOP('',(#9915,#9916,#9917,#9918));
#2041=EDGE_LOOP('',(#9919,#9920,#9921,#9922));
#2042=EDGE_LOOP('',(#9923,#9924,#9925,#9926));
#2043=EDGE_LOOP('',(#9927,#9928,#9929,#9930));
#2044=EDGE_LOOP('',(#9931,#9932,#9933,#9934));
#2045=EDGE_LOOP('',(#9935,#9936,#9937,#9938));
#2046=EDGE_LOOP('',(#9939,#9940,#9941,#9942));
#2047=EDGE_LOOP('',(#9943,#9944,#9945,#9946));
#2048=EDGE_LOOP('',(#9947,#9948,#9949,#9950));
#2049=EDGE_LOOP('',(#9951,#9952,#9953,#9954));
#2050=EDGE_LOOP('',(#9955,#9956,#9957,#9958));
#2051=EDGE_LOOP('',(#9959,#9960,#9961,#9962));
#2052=EDGE_LOOP('',(#9963,#9964,#9965,#9966));
#2053=EDGE_LOOP('',(#9967,#9968,#9969,#9970));
#2054=EDGE_LOOP('',(#9971,#9972,#9973,#9974));
#2055=EDGE_LOOP('',(#9975,#9976,#9977,#9978));
#2056=EDGE_LOOP('',(#9979,#9980,#9981,#9982));
#2057=EDGE_LOOP('',(#9983,#9984,#9985,#9986));
#2058=EDGE_LOOP('',(#9987,#9988,#9989,#9990));
#2059=EDGE_LOOP('',(#9991,#9992,#9993,#9994));
#2060=EDGE_LOOP('',(#9995,#9996,#9997,#9998));
#2061=EDGE_LOOP('',(#9999,#10000,#10001,#10002));
#2062=EDGE_LOOP('',(#10003,#10004,#10005,#10006));
#2063=EDGE_LOOP('',(#10007,#10008,#10009,#10010));
#2064=EDGE_LOOP('',(#10011,#10012,#10013,#10014));
#2065=EDGE_LOOP('',(#10015,#10016,#10017,#10018));
#2066=EDGE_LOOP('',(#10019,#10020,#10021,#10022));
#2067=EDGE_LOOP('',(#10023,#10024,#10025,#10026));
#2068=EDGE_LOOP('',(#10027,#10028,#10029,#10030));
#2069=EDGE_LOOP('',(#10031,#10032,#10033,#10034));
#2070=EDGE_LOOP('',(#10035,#10036,#10037,#10038));
#2071=EDGE_LOOP('',(#10039,#10040,#10041,#10042));
#2072=EDGE_LOOP('',(#10043,#10044,#10045,#10046));
#2073=EDGE_LOOP('',(#10047,#10048,#10049,#10050));
#2074=EDGE_LOOP('',(#10051,#10052,#10053,#10054));
#2075=EDGE_LOOP('',(#10055,#10056,#10057,#10058));
#2076=EDGE_LOOP('',(#10059,#10060,#10061,#10062));
#2077=EDGE_LOOP('',(#10063,#10064,#10065,#10066));
#2078=EDGE_LOOP('',(#10067,#10068,#10069,#10070));
#2079=EDGE_LOOP('',(#10071,#10072,#10073,#10074));
#2080=EDGE_LOOP('',(#10075,#10076,#10077,#10078));
#2081=EDGE_LOOP('',(#10079,#10080,#10081,#10082));
#2082=EDGE_LOOP('',(#10083,#10084,#10085,#10086));
#2083=EDGE_LOOP('',(#10087,#10088,#10089,#10090));
#2084=EDGE_LOOP('',(#10091,#10092,#10093,#10094));
#2085=EDGE_LOOP('',(#10095,#10096,#10097,#10098));
#2086=EDGE_LOOP('',(#10099,#10100,#10101,#10102));
#2087=EDGE_LOOP('',(#10103,#10104,#10105,#10106));
#2088=EDGE_LOOP('',(#10107,#10108,#10109,#10110));
#2089=EDGE_LOOP('',(#10111,#10112,#10113,#10114));
#2090=EDGE_LOOP('',(#10115,#10116,#10117,#10118));
#2091=EDGE_LOOP('',(#10119,#10120,#10121,#10122));
#2092=EDGE_LOOP('',(#10123,#10124,#10125,#10126));
#2093=EDGE_LOOP('',(#10127,#10128,#10129,#10130));
#2094=EDGE_LOOP('',(#10131,#10132,#10133,#10134));
#2095=EDGE_LOOP('',(#10135,#10136,#10137,#10138));
#2096=EDGE_LOOP('',(#10139,#10140,#10141,#10142));
#2097=EDGE_LOOP('',(#10143,#10144,#10145,#10146));
#2098=EDGE_LOOP('',(#10147,#10148,#10149,#10150));
#2099=EDGE_LOOP('',(#10151,#10152,#10153,#10154));
#2100=EDGE_LOOP('',(#10155,#10156,#10157,#10158));
#2101=EDGE_LOOP('',(#10159,#10160,#10161,#10162));
#2102=EDGE_LOOP('',(#10163,#10164,#10165,#10166));
#2103=EDGE_LOOP('',(#10167,#10168,#10169,#10170));
#2104=EDGE_LOOP('',(#10171,#10172,#10173,#10174));
#2105=EDGE_LOOP('',(#10175,#10176,#10177,#10178));
#2106=EDGE_LOOP('',(#10179,#10180,#10181,#10182));
#2107=EDGE_LOOP('',(#10183,#10184,#10185,#10186));
#2108=EDGE_LOOP('',(#10187,#10188,#10189,#10190));
#2109=EDGE_LOOP('',(#10191,#10192,#10193,#10194));
#2110=EDGE_LOOP('',(#10195,#10196,#10197,#10198));
#2111=EDGE_LOOP('',(#10199,#10200,#10201,#10202));
#2112=EDGE_LOOP('',(#10203,#10204,#10205,#10206));
#2113=EDGE_LOOP('',(#10207,#10208,#10209,#10210));
#2114=EDGE_LOOP('',(#10211,#10212,#10213,#10214));
#2115=EDGE_LOOP('',(#10215,#10216,#10217,#10218));
#2116=EDGE_LOOP('',(#10219,#10220,#10221,#10222));
#2117=EDGE_LOOP('',(#10223,#10224,#10225,#10226));
#2118=EDGE_LOOP('',(#10227,#10228,#10229,#10230));
#2119=EDGE_LOOP('',(#10231,#10232,#10233,#10234));
#2120=EDGE_LOOP('',(#10235,#10236,#10237,#10238));
#2121=EDGE_LOOP('',(#10239,#10240,#10241,#10242));
#2122=EDGE_LOOP('',(#10243,#10244,#10245,#10246));
#2123=EDGE_LOOP('',(#10247,#10248,#10249,#10250));
#2124=EDGE_LOOP('',(#10251,#10252,#10253,#10254));
#2125=EDGE_LOOP('',(#10255,#10256,#10257,#10258));
#2126=EDGE_LOOP('',(#10259,#10260,#10261,#10262));
#2127=EDGE_LOOP('',(#10263,#10264,#10265,#10266));
#2128=EDGE_LOOP('',(#10267,#10268,#10269,#10270));
#2129=EDGE_LOOP('',(#10271,#10272,#10273,#10274));
#2130=EDGE_LOOP('',(#10275,#10276,#10277,#10278));
#2131=EDGE_LOOP('',(#10279,#10280,#10281,#10282));
#2132=EDGE_LOOP('',(#10283,#10284,#10285,#10286));
#2133=EDGE_LOOP('',(#10287,#10288,#10289,#10290));
#2134=EDGE_LOOP('',(#10291,#10292,#10293,#10294));
#2135=EDGE_LOOP('',(#10295,#10296,#10297,#10298));
#2136=EDGE_LOOP('',(#10299,#10300,#10301,#10302));
#2137=EDGE_LOOP('',(#10303,#10304,#10305,#10306));
#2138=EDGE_LOOP('',(#10307,#10308,#10309,#10310));
#2139=EDGE_LOOP('',(#10311,#10312,#10313,#10314));
#2140=EDGE_LOOP('',(#10315,#10316,#10317,#10318));
#2141=EDGE_LOOP('',(#10319,#10320,#10321,#10322));
#2142=EDGE_LOOP('',(#10323,#10324,#10325,#10326));
#2143=EDGE_LOOP('',(#10327,#10328,#10329,#10330));
#2144=EDGE_LOOP('',(#10331,#10332,#10333,#10334));
#2145=EDGE_LOOP('',(#10335,#10336,#10337,#10338));
#2146=EDGE_LOOP('',(#10339,#10340,#10341,#10342));
#2147=EDGE_LOOP('',(#10343,#10344,#10345,#10346));
#2148=EDGE_LOOP('',(#10347,#10348,#10349,#10350));
#2149=EDGE_LOOP('',(#10351,#10352,#10353,#10354));
#2150=EDGE_LOOP('',(#10355,#10356,#10357,#10358));
#2151=EDGE_LOOP('',(#10359,#10360,#10361,#10362));
#2152=EDGE_LOOP('',(#10363,#10364,#10365,#10366));
#2153=EDGE_LOOP('',(#10367,#10368,#10369,#10370));
#2154=EDGE_LOOP('',(#10371,#10372,#10373,#10374));
#2155=EDGE_LOOP('',(#10375,#10376,#10377,#10378));
#2156=EDGE_LOOP('',(#10379,#10380,#10381,#10382));
#2157=EDGE_LOOP('',(#10383,#10384,#10385,#10386));
#2158=EDGE_LOOP('',(#10387,#10388,#10389,#10390));
#2159=EDGE_LOOP('',(#10391,#10392,#10393,#10394));
#2160=EDGE_LOOP('',(#10395,#10396,#10397,#10398));
#2161=EDGE_LOOP('',(#10399,#10400,#10401,#10402));
#2162=EDGE_LOOP('',(#10403,#10404,#10405,#10406));
#2163=EDGE_LOOP('',(#10407,#10408,#10409,#10410));
#2164=EDGE_LOOP('',(#10411,#10412,#10413,#10414));
#2165=EDGE_LOOP('',(#10415,#10416,#10417,#10418));
#2166=EDGE_LOOP('',(#10419,#10420,#10421,#10422));
#2167=EDGE_LOOP('',(#10423,#10424,#10425,#10426));
#2168=EDGE_LOOP('',(#10427,#10428,#10429,#10430));
#2169=EDGE_LOOP('',(#10431,#10432,#10433,#10434));
#2170=EDGE_LOOP('',(#10435,#10436,#10437,#10438));
#2171=EDGE_LOOP('',(#10439,#10440,#10441,#10442));
#2172=EDGE_LOOP('',(#10443,#10444,#10445,#10446));
#2173=EDGE_LOOP('',(#10447,#10448,#10449,#10450));
#2174=EDGE_LOOP('',(#10451,#10452,#10453,#10454));
#2175=EDGE_LOOP('',(#10455,#10456,#10457,#10458));
#2176=EDGE_LOOP('',(#10459,#10460,#10461,#10462));
#2177=EDGE_LOOP('',(#10463,#10464,#10465,#10466));
#2178=EDGE_LOOP('',(#10467,#10468,#10469,#10470));
#2179=EDGE_LOOP('',(#10471,#10472,#10473,#10474));
#2180=EDGE_LOOP('',(#10475,#10476,#10477,#10478));
#2181=EDGE_LOOP('',(#10479,#10480,#10481,#10482));
#2182=EDGE_LOOP('',(#10483,#10484,#10485,#10486));
#2183=EDGE_LOOP('',(#10487,#10488,#10489,#10490));
#2184=EDGE_LOOP('',(#10491,#10492,#10493,#10494));
#2185=EDGE_LOOP('',(#10495,#10496,#10497,#10498));
#2186=EDGE_LOOP('',(#10499,#10500,#10501,#10502));
#2187=EDGE_LOOP('',(#10503,#10504,#10505,#10506));
#2188=EDGE_LOOP('',(#10507,#10508,#10509,#10510));
#2189=EDGE_LOOP('',(#10511,#10512,#10513,#10514));
#2190=EDGE_LOOP('',(#10515,#10516,#10517,#10518));
#2191=EDGE_LOOP('',(#10519,#10520,#10521,#10522));
#2192=EDGE_LOOP('',(#10523,#10524,#10525,#10526));
#2193=EDGE_LOOP('',(#10527,#10528,#10529,#10530,#10531,#10532));
#2194=EDGE_LOOP('',(#10533,#10534,#10535,#10536,#10537,#10538,#10539,#10540));
#2195=EDGE_LOOP('',(#10541,#10542,#10543,#10544,#10545,#10546,#10547,#10548));
#2196=EDGE_LOOP('',(#10549,#10550,#10551,#10552,#10553,#10554,#10555,#10556));
#2197=EDGE_LOOP('',(#10557,#10558,#10559,#10560,#10561,#10562,#10563,#10564));
#2198=EDGE_LOOP('',(#10565,#10566,#10567,#10568,#10569,#10570,#10571,#10572));
#2199=EDGE_LOOP('',(#10573,#10574,#10575,#10576,#10577,#10578,#10579,#10580));
#2200=EDGE_LOOP('',(#10581,#10582,#10583,#10584,#10585,#10586,#10587,#10588));
#2201=EDGE_LOOP('',(#10589,#10590,#10591,#10592,#10593,#10594,#10595,#10596));
#2202=EDGE_LOOP('',(#10597,#10598,#10599,#10600,#10601,#10602,#10603,#10604));
#2203=EDGE_LOOP('',(#10605,#10606,#10607,#10608,#10609,#10610,#10611,#10612));
#2204=EDGE_LOOP('',(#10613,#10614,#10615,#10616,#10617,#10618,#10619,#10620));
#2205=EDGE_LOOP('',(#10621,#10622,#10623,#10624,#10625,#10626,#10627,#10628));
#2206=EDGE_LOOP('',(#10629,#10630,#10631,#10632,#10633,#10634,#10635,#10636));
#2207=EDGE_LOOP('',(#10637,#10638,#10639,#10640,#10641,#10642,#10643,#10644));
#2208=EDGE_LOOP('',(#10645,#10646,#10647,#10648,#10649,#10650,#10651,#10652));
#2209=EDGE_LOOP('',(#10653,#10654,#10655,#10656,#10657,#10658,#10659,#10660));
#2210=EDGE_LOOP('',(#10661,#10662,#10663,#10664,#10665,#10666,#10667,#10668));
#2211=EDGE_LOOP('',(#10669,#10670,#10671,#10672,#10673,#10674,#10675,#10676));
#2212=EDGE_LOOP('',(#10677,#10678,#10679,#10680,#10681,#10682,#10683,#10684));
#2213=EDGE_LOOP('',(#10685,#10686,#10687,#10688,#10689,#10690,#10691,#10692));
#2214=EDGE_LOOP('',(#10693,#10694,#10695,#10696,#10697,#10698,#10699,#10700));
#2215=EDGE_LOOP('',(#10701,#10702,#10703,#10704,#10705,#10706,#10707,#10708));
#2216=EDGE_LOOP('',(#10709,#10710,#10711,#10712,#10713,#10714,#10715,#10716));
#2217=EDGE_LOOP('',(#10717,#10718,#10719,#10720,#10721,#10722,#10723,#10724));
#2218=EDGE_LOOP('',(#10725,#10726,#10727,#10728,#10729,#10730,#10731,#10732));
#2219=EDGE_LOOP('',(#10733,#10734,#10735,#10736,#10737,#10738,#10739,#10740));
#2220=EDGE_LOOP('',(#10741,#10742,#10743,#10744,#10745,#10746,#10747,#10748));
#2221=EDGE_LOOP('',(#10749,#10750,#10751,#10752,#10753,#10754,#10755,#10756));
#2222=EDGE_LOOP('',(#10757,#10758,#10759,#10760,#10761,#10762,#10763,#10764));
#2223=EDGE_LOOP('',(#10765,#10766,#10767,#10768,#10769,#10770,#10771,#10772));
#2224=EDGE_LOOP('',(#10773,#10774,#10775,#10776,#10777,#10778,#10779,#10780));
#2225=EDGE_LOOP('',(#10781,#10782,#10783,#10784,#10785,#10786,#10787,#10788));
#2226=EDGE_LOOP('',(#10789,#10790,#10791,#10792,#10793,#10794,#10795,#10796));
#2227=EDGE_LOOP('',(#10797,#10798,#10799,#10800,#10801,#10802,#10803,#10804));
#2228=EDGE_LOOP('',(#10805,#10806,#10807,#10808,#10809,#10810,#10811,#10812));
#2229=EDGE_LOOP('',(#10813,#10814,#10815,#10816,#10817,#10818));
#2230=EDGE_LOOP('',(#10819,#10820,#10821,#10822,#10823,#10824,#10825,#10826));
#2231=EDGE_LOOP('',(#10827,#10828,#10829,#10830,#10831,#10832,#10833,#10834));
#2232=EDGE_LOOP('',(#10835,#10836,#10837,#10838,#10839,#10840,#10841,#10842));
#2233=EDGE_LOOP('',(#10843,#10844,#10845,#10846,#10847,#10848,#10849,#10850));
#2234=EDGE_LOOP('',(#10851,#10852,#10853,#10854,#10855,#10856,#10857,#10858));
#2235=EDGE_LOOP('',(#10859,#10860,#10861,#10862,#10863,#10864,#10865,#10866));
#2236=EDGE_LOOP('',(#10867,#10868,#10869,#10870,#10871,#10872,#10873,#10874));
#2237=EDGE_LOOP('',(#10875,#10876,#10877,#10878,#10879,#10880,#10881,#10882));
#2238=EDGE_LOOP('',(#10883,#10884,#10885,#10886,#10887,#10888,#10889,#10890));
#2239=EDGE_LOOP('',(#10891,#10892,#10893,#10894,#10895,#10896,#10897,#10898));
#2240=EDGE_LOOP('',(#10899,#10900,#10901,#10902,#10903,#10904,#10905,#10906));
#2241=EDGE_LOOP('',(#10907,#10908,#10909,#10910,#10911,#10912,#10913,#10914));
#2242=EDGE_LOOP('',(#10915,#10916,#10917,#10918,#10919,#10920,#10921,#10922));
#2243=EDGE_LOOP('',(#10923,#10924,#10925,#10926,#10927,#10928,#10929,#10930));
#2244=EDGE_LOOP('',(#10931,#10932,#10933,#10934,#10935,#10936,#10937,#10938));
#2245=EDGE_LOOP('',(#10939,#10940,#10941,#10942,#10943,#10944,#10945,#10946));
#2246=EDGE_LOOP('',(#10947,#10948,#10949,#10950,#10951,#10952,#10953,#10954));
#2247=EDGE_LOOP('',(#10955,#10956,#10957,#10958,#10959,#10960,#10961,#10962));
#2248=EDGE_LOOP('',(#10963,#10964,#10965,#10966,#10967,#10968,#10969,#10970));
#2249=EDGE_LOOP('',(#10971,#10972,#10973,#10974,#10975,#10976,#10977,#10978));
#2250=EDGE_LOOP('',(#10979,#10980,#10981,#10982,#10983,#10984,#10985,#10986));
#2251=EDGE_LOOP('',(#10987,#10988,#10989,#10990,#10991,#10992,#10993,#10994));
#2252=EDGE_LOOP('',(#10995,#10996,#10997,#10998,#10999,#11000,#11001,#11002));
#2253=EDGE_LOOP('',(#11003,#11004,#11005,#11006,#11007,#11008,#11009,#11010));
#2254=EDGE_LOOP('',(#11011,#11012,#11013,#11014,#11015,#11016,#11017,#11018));
#2255=EDGE_LOOP('',(#11019,#11020,#11021,#11022,#11023,#11024,#11025,#11026));
#2256=EDGE_LOOP('',(#11027,#11028,#11029,#11030,#11031,#11032,#11033,#11034));
#2257=EDGE_LOOP('',(#11035,#11036,#11037,#11038,#11039,#11040,#11041,#11042));
#2258=EDGE_LOOP('',(#11043,#11044,#11045,#11046,#11047,#11048,#11049,#11050));
#2259=EDGE_LOOP('',(#11051,#11052,#11053,#11054,#11055,#11056,#11057,#11058));
#2260=EDGE_LOOP('',(#11059,#11060,#11061,#11062,#11063,#11064,#11065,#11066));
#2261=EDGE_LOOP('',(#11067,#11068,#11069,#11070,#11071,#11072,#11073,#11074));
#2262=EDGE_LOOP('',(#11075,#11076,#11077,#11078,#11079,#11080,#11081,#11082));
#2263=EDGE_LOOP('',(#11083,#11084,#11085,#11086,#11087,#11088,#11089,#11090));
#2264=EDGE_LOOP('',(#11091,#11092,#11093,#11094,#11095,#11096,#11097,#11098));
#2265=EDGE_LOOP('',(#11099,#11100,#11101,#11102,#11103,#11104));
#2266=EDGE_LOOP('',(#11105,#11106,#11107,#11108,#11109,#11110));
#2267=EDGE_LOOP('',(#11111,#11112,#11113,#11114));
#2268=EDGE_LOOP('',(#11115,#11116,#11117,#11118,#11119,#11120,#11121,#11122));
#2269=EDGE_LOOP('',(#11123,#11124,#11125,#11126));
#2270=EDGE_LOOP('',(#11127,#11128,#11129,#11130));
#2271=EDGE_LOOP('',(#11131,#11132,#11133,#11134));
#2272=EDGE_LOOP('',(#11135,#11136,#11137,#11138,#11139,#11140));
#2273=EDGE_LOOP('',(#11141,#11142,#11143,#11144));
#2274=EDGE_LOOP('',(#11145,#11146,#11147,#11148));
#2275=EDGE_LOOP('',(#11149,#11150,#11151,#11152,#11153,#11154));
#2276=EDGE_LOOP('',(#11155,#11156,#11157,#11158,#11159,#11160));
#2277=EDGE_LOOP('',(#11161,#11162,#11163,#11164));
#2278=EDGE_LOOP('',(#11165,#11166,#11167,#11168));
#2279=EDGE_LOOP('',(#11169,#11170,#11171,#11172));
#2280=EDGE_LOOP('',(#11173,#11174,#11175,#11176));
#2281=EDGE_LOOP('',(#11177,#11178,#11179,#11180));
#2282=EDGE_LOOP('',(#11181,#11182,#11183,#11184));
#2283=EDGE_LOOP('',(#11185,#11186,#11187,#11188));
#2284=EDGE_LOOP('',(#11189,#11190,#11191,#11192));
#2285=EDGE_LOOP('',(#11193,#11194,#11195,#11196));
#2286=EDGE_LOOP('',(#11197,#11198,#11199,#11200));
#2287=EDGE_LOOP('',(#11201,#11202));
#2288=EDGE_LOOP('',(#11203,#11204,#11205,#11206));
#2289=EDGE_LOOP('',(#11207,#11208,#11209,#11210,#11211,#11212));
#2290=EDGE_LOOP('',(#11213,#11214,#11215,#11216,#11217,#11218));
#2291=EDGE_LOOP('',(#11219,#11220,#11221,#11222,#11223,#11224,#11225,#11226));
#2292=EDGE_LOOP('',(#11227,#11228,#11229,#11230,#11231,#11232,#11233,#11234));
#2293=EDGE_LOOP('',(#11235,#11236,#11237,#11238));
#2294=EDGE_LOOP('',(#11239,#11240,#11241,#11242,#11243,#11244,#11245,#11246));
#2295=EDGE_LOOP('',(#11247,#11248,#11249,#11250,#11251,#11252));
#2296=EDGE_LOOP('',(#11253,#11254,#11255,#11256));
#2297=EDGE_LOOP('',(#11257,#11258,#11259,#11260));
#2298=EDGE_LOOP('',(#11261,#11262,#11263,#11264));
#2299=EDGE_LOOP('',(#11265,#11266,#11267,#11268));
#2300=EDGE_LOOP('',(#11269,#11270,#11271,#11272));
#2301=EDGE_LOOP('',(#11273,#11274,#11275,#11276));
#2302=EDGE_LOOP('',(#11277,#11278,#11279,#11280,#11281,#11282,#11283,#11284));
#2303=EDGE_LOOP('',(#11285,#11286,#11287,#11288,#11289,#11290,#11291,#11292));
#2304=EDGE_LOOP('',(#11293,#11294,#11295,#11296));
#2305=EDGE_LOOP('',(#11297,#11298));
#2306=EDGE_LOOP('',(#11299,#11300,#11301,#11302));
#2307=EDGE_LOOP('',(#11303,#11304,#11305,#11306));
#2308=EDGE_LOOP('',(#11307,#11308,#11309,#11310));
#2309=EDGE_LOOP('',(#11311,#11312,#11313,#11314));
#2310=EDGE_LOOP('',(#11315,#11316,#11317,#11318));
#2311=EDGE_LOOP('',(#11319,#11320,#11321,#11322));
#2312=EDGE_LOOP('',(#11323,#11324,#11325,#11326));
#2313=EDGE_LOOP('',(#11327,#11328,#11329,#11330));
#2314=EDGE_LOOP('',(#11331,#11332,#11333,#11334));
#2315=EDGE_LOOP('',(#11335,#11336,#11337,#11338));
#2316=EDGE_LOOP('',(#11339,#11340,#11341,#11342));
#2317=EDGE_LOOP('',(#11343,#11344,#11345,#11346));
#2318=EDGE_LOOP('',(#11347,#11348,#11349,#11350));
#2319=EDGE_LOOP('',(#11351,#11352,#11353,#11354,#11355,#11356,#11357,#11358));
#2320=EDGE_LOOP('',(#11359,#11360,#11361,#11362,#11363,#11364,#11365,#11366));
#2321=EDGE_LOOP('',(#11367,#11368,#11369,#11370));
#2322=EDGE_LOOP('',(#11371,#11372,#11373,#11374));
#2323=LINE('',#17026,#3571);
#2324=LINE('',#17028,#3572);
#2325=LINE('',#17030,#3573);
#2326=LINE('',#17031,#3574);
#2327=LINE('',#17037,#3575);
#2328=LINE('',#17040,#3576);
#2329=LINE('',#17042,#3577);
#2330=LINE('',#17043,#3578);
#2331=LINE('',#17049,#3579);
#2332=LINE('',#17052,#3580);
#2333=LINE('',#17054,#3581);
#2334=LINE('',#17055,#3582);
#2335=LINE('',#17061,#3583);
#2336=LINE('',#17064,#3584);
#2337=LINE('',#17066,#3585);
#2338=LINE('',#17067,#3586);
#2339=LINE('',#17074,#3587);
#2340=LINE('',#17076,#3588);
#2341=LINE('',#17078,#3589);
#2342=LINE('',#17079,#3590);
#2343=LINE('',#17085,#3591);
#2344=LINE('',#17088,#3592);
#2345=LINE('',#17090,#3593);
#2346=LINE('',#17091,#3594);
#2347=LINE('',#17097,#3595);
#2348=LINE('',#17100,#3596);
#2349=LINE('',#17102,#3597);
#2350=LINE('',#17103,#3598);
#2351=LINE('',#17109,#3599);
#2352=LINE('',#17112,#3600);
#2353=LINE('',#17114,#3601);
#2354=LINE('',#17115,#3602);
#2355=LINE('',#17122,#3603);
#2356=LINE('',#17124,#3604);
#2357=LINE('',#17126,#3605);
#2358=LINE('',#17127,#3606);
#2359=LINE('',#17133,#3607);
#2360=LINE('',#17136,#3608);
#2361=LINE('',#17138,#3609);
#2362=LINE('',#17139,#3610);
#2363=LINE('',#17145,#3611);
#2364=LINE('',#17148,#3612);
#2365=LINE('',#17150,#3613);
#2366=LINE('',#17151,#3614);
#2367=LINE('',#17157,#3615);
#2368=LINE('',#17160,#3616);
#2369=LINE('',#17162,#3617);
#2370=LINE('',#17163,#3618);
#2371=LINE('',#17170,#3619);
#2372=LINE('',#17172,#3620);
#2373=LINE('',#17174,#3621);
#2374=LINE('',#17175,#3622);
#2375=LINE('',#17181,#3623);
#2376=LINE('',#17184,#3624);
#2377=LINE('',#17186,#3625);
#2378=LINE('',#17187,#3626);
#2379=LINE('',#17193,#3627);
#2380=LINE('',#17196,#3628);
#2381=LINE('',#17198,#3629);
#2382=LINE('',#17199,#3630);
#2383=LINE('',#17205,#3631);
#2384=LINE('',#17208,#3632);
#2385=LINE('',#17210,#3633);
#2386=LINE('',#17211,#3634);
#2387=LINE('',#17218,#3635);
#2388=LINE('',#17220,#3636);
#2389=LINE('',#17222,#3637);
#2390=LINE('',#17223,#3638);
#2391=LINE('',#17229,#3639);
#2392=LINE('',#17232,#3640);
#2393=LINE('',#17234,#3641);
#2394=LINE('',#17235,#3642);
#2395=LINE('',#17241,#3643);
#2396=LINE('',#17244,#3644);
#2397=LINE('',#17246,#3645);
#2398=LINE('',#17247,#3646);
#2399=LINE('',#17253,#3647);
#2400=LINE('',#17256,#3648);
#2401=LINE('',#17258,#3649);
#2402=LINE('',#17259,#3650);
#2403=LINE('',#17266,#3651);
#2404=LINE('',#17268,#3652);
#2405=LINE('',#17270,#3653);
#2406=LINE('',#17271,#3654);
#2407=LINE('',#17277,#3655);
#2408=LINE('',#17280,#3656);
#2409=LINE('',#17282,#3657);
#2410=LINE('',#17283,#3658);
#2411=LINE('',#17289,#3659);
#2412=LINE('',#17292,#3660);
#2413=LINE('',#17294,#3661);
#2414=LINE('',#17295,#3662);
#2415=LINE('',#17301,#3663);
#2416=LINE('',#17304,#3664);
#2417=LINE('',#17306,#3665);
#2418=LINE('',#17307,#3666);
#2419=LINE('',#17314,#3667);
#2420=LINE('',#17316,#3668);
#2421=LINE('',#17318,#3669);
#2422=LINE('',#17319,#3670);
#2423=LINE('',#17325,#3671);
#2424=LINE('',#17328,#3672);
#2425=LINE('',#17330,#3673);
#2426=LINE('',#17331,#3674);
#2427=LINE('',#17337,#3675);
#2428=LINE('',#17340,#3676);
#2429=LINE('',#17342,#3677);
#2430=LINE('',#17343,#3678);
#2431=LINE('',#17349,#3679);
#2432=LINE('',#17352,#3680);
#2433=LINE('',#17354,#3681);
#2434=LINE('',#17355,#3682);
#2435=LINE('',#17362,#3683);
#2436=LINE('',#17364,#3684);
#2437=LINE('',#17366,#3685);
#2438=LINE('',#17367,#3686);
#2439=LINE('',#17373,#3687);
#2440=LINE('',#17376,#3688);
#2441=LINE('',#17378,#3689);
#2442=LINE('',#17379,#3690);
#2443=LINE('',#17385,#3691);
#2444=LINE('',#17388,#3692);
#2445=LINE('',#17390,#3693);
#2446=LINE('',#17391,#3694);
#2447=LINE('',#17397,#3695);
#2448=LINE('',#17400,#3696);
#2449=LINE('',#17402,#3697);
#2450=LINE('',#17403,#3698);
#2451=LINE('',#17410,#3699);
#2452=LINE('',#17412,#3700);
#2453=LINE('',#17414,#3701);
#2454=LINE('',#17415,#3702);
#2455=LINE('',#17421,#3703);
#2456=LINE('',#17424,#3704);
#2457=LINE('',#17426,#3705);
#2458=LINE('',#17427,#3706);
#2459=LINE('',#17433,#3707);
#2460=LINE('',#17436,#3708);
#2461=LINE('',#17438,#3709);
#2462=LINE('',#17439,#3710);
#2463=LINE('',#17445,#3711);
#2464=LINE('',#17448,#3712);
#2465=LINE('',#17450,#3713);
#2466=LINE('',#17451,#3714);
#2467=LINE('',#17458,#3715);
#2468=LINE('',#17460,#3716);
#2469=LINE('',#17462,#3717);
#2470=LINE('',#17463,#3718);
#2471=LINE('',#17469,#3719);
#2472=LINE('',#17472,#3720);
#2473=LINE('',#17474,#3721);
#2474=LINE('',#17475,#3722);
#2475=LINE('',#17481,#3723);
#2476=LINE('',#17484,#3724);
#2477=LINE('',#17486,#3725);
#2478=LINE('',#17487,#3726);
#2479=LINE('',#17493,#3727);
#2480=LINE('',#17496,#3728);
#2481=LINE('',#17498,#3729);
#2482=LINE('',#17499,#3730);
#2483=LINE('',#17506,#3731);
#2484=LINE('',#17508,#3732);
#2485=LINE('',#17510,#3733);
#2486=LINE('',#17511,#3734);
#2487=LINE('',#17517,#3735);
#2488=LINE('',#17520,#3736);
#2489=LINE('',#17522,#3737);
#2490=LINE('',#17523,#3738);
#2491=LINE('',#17529,#3739);
#2492=LINE('',#17532,#3740);
#2493=LINE('',#17534,#3741);
#2494=LINE('',#17535,#3742);
#2495=LINE('',#17541,#3743);
#2496=LINE('',#17544,#3744);
#2497=LINE('',#17546,#3745);
#2498=LINE('',#17547,#3746);
#2499=LINE('',#17554,#3747);
#2500=LINE('',#17556,#3748);
#2501=LINE('',#17558,#3749);
#2502=LINE('',#17559,#3750);
#2503=LINE('',#17565,#3751);
#2504=LINE('',#17568,#3752);
#2505=LINE('',#17570,#3753);
#2506=LINE('',#17571,#3754);
#2507=LINE('',#17577,#3755);
#2508=LINE('',#17580,#3756);
#2509=LINE('',#17582,#3757);
#2510=LINE('',#17583,#3758);
#2511=LINE('',#17589,#3759);
#2512=LINE('',#17592,#3760);
#2513=LINE('',#17594,#3761);
#2514=LINE('',#17595,#3762);
#2515=LINE('',#17602,#3763);
#2516=LINE('',#17604,#3764);
#2517=LINE('',#17606,#3765);
#2518=LINE('',#17607,#3766);
#2519=LINE('',#17613,#3767);
#2520=LINE('',#17616,#3768);
#2521=LINE('',#17618,#3769);
#2522=LINE('',#17619,#3770);
#2523=LINE('',#17625,#3771);
#2524=LINE('',#17628,#3772);
#2525=LINE('',#17630,#3773);
#2526=LINE('',#17631,#3774);
#2527=LINE('',#17637,#3775);
#2528=LINE('',#17640,#3776);
#2529=LINE('',#17642,#3777);
#2530=LINE('',#17643,#3778);
#2531=LINE('',#17650,#3779);
#2532=LINE('',#17652,#3780);
#2533=LINE('',#17654,#3781);
#2534=LINE('',#17655,#3782);
#2535=LINE('',#17661,#3783);
#2536=LINE('',#17664,#3784);
#2537=LINE('',#17666,#3785);
#2538=LINE('',#17667,#3786);
#2539=LINE('',#17673,#3787);
#2540=LINE('',#17676,#3788);
#2541=LINE('',#17678,#3789);
#2542=LINE('',#17679,#3790);
#2543=LINE('',#17685,#3791);
#2544=LINE('',#17688,#3792);
#2545=LINE('',#17690,#3793);
#2546=LINE('',#17691,#3794);
#2547=LINE('',#17698,#3795);
#2548=LINE('',#17700,#3796);
#2549=LINE('',#17702,#3797);
#2550=LINE('',#17703,#3798);
#2551=LINE('',#17709,#3799);
#2552=LINE('',#17712,#3800);
#2553=LINE('',#17714,#3801);
#2554=LINE('',#17715,#3802);
#2555=LINE('',#17721,#3803);
#2556=LINE('',#17724,#3804);
#2557=LINE('',#17726,#3805);
#2558=LINE('',#17727,#3806);
#2559=LINE('',#17733,#3807);
#2560=LINE('',#17736,#3808);
#2561=LINE('',#17738,#3809);
#2562=LINE('',#17739,#3810);
#2563=LINE('',#17746,#3811);
#2564=LINE('',#17748,#3812);
#2565=LINE('',#17750,#3813);
#2566=LINE('',#17751,#3814);
#2567=LINE('',#17757,#3815);
#2568=LINE('',#17760,#3816);
#2569=LINE('',#17762,#3817);
#2570=LINE('',#17763,#3818);
#2571=LINE('',#17769,#3819);
#2572=LINE('',#17772,#3820);
#2573=LINE('',#17774,#3821);
#2574=LINE('',#17775,#3822);
#2575=LINE('',#17781,#3823);
#2576=LINE('',#17784,#3824);
#2577=LINE('',#17786,#3825);
#2578=LINE('',#17787,#3826);
#2579=LINE('',#17794,#3827);
#2580=LINE('',#17796,#3828);
#2581=LINE('',#17798,#3829);
#2582=LINE('',#17799,#3830);
#2583=LINE('',#17805,#3831);
#2584=LINE('',#17808,#3832);
#2585=LINE('',#17810,#3833);
#2586=LINE('',#17811,#3834);
#2587=LINE('',#17817,#3835);
#2588=LINE('',#17820,#3836);
#2589=LINE('',#17822,#3837);
#2590=LINE('',#17823,#3838);
#2591=LINE('',#17829,#3839);
#2592=LINE('',#17832,#3840);
#2593=LINE('',#17834,#3841);
#2594=LINE('',#17835,#3842);
#2595=LINE('',#17842,#3843);
#2596=LINE('',#17844,#3844);
#2597=LINE('',#17846,#3845);
#2598=LINE('',#17847,#3846);
#2599=LINE('',#17853,#3847);
#2600=LINE('',#17856,#3848);
#2601=LINE('',#17858,#3849);
#2602=LINE('',#17859,#3850);
#2603=LINE('',#17865,#3851);
#2604=LINE('',#17868,#3852);
#2605=LINE('',#17870,#3853);
#2606=LINE('',#17871,#3854);
#2607=LINE('',#17877,#3855);
#2608=LINE('',#17880,#3856);
#2609=LINE('',#17882,#3857);
#2610=LINE('',#17883,#3858);
#2611=LINE('',#17890,#3859);
#2612=LINE('',#17892,#3860);
#2613=LINE('',#17894,#3861);
#2614=LINE('',#17895,#3862);
#2615=LINE('',#17901,#3863);
#2616=LINE('',#17904,#3864);
#2617=LINE('',#17906,#3865);
#2618=LINE('',#17907,#3866);
#2619=LINE('',#17913,#3867);
#2620=LINE('',#17916,#3868);
#2621=LINE('',#17918,#3869);
#2622=LINE('',#17919,#3870);
#2623=LINE('',#17925,#3871);
#2624=LINE('',#17928,#3872);
#2625=LINE('',#17930,#3873);
#2626=LINE('',#17931,#3874);
#2627=LINE('',#17938,#3875);
#2628=LINE('',#17940,#3876);
#2629=LINE('',#17942,#3877);
#2630=LINE('',#17943,#3878);
#2631=LINE('',#17949,#3879);
#2632=LINE('',#17952,#3880);
#2633=LINE('',#17954,#3881);
#2634=LINE('',#17955,#3882);
#2635=LINE('',#17961,#3883);
#2636=LINE('',#17964,#3884);
#2637=LINE('',#17966,#3885);
#2638=LINE('',#17967,#3886);
#2639=LINE('',#17973,#3887);
#2640=LINE('',#17976,#3888);
#2641=LINE('',#17978,#3889);
#2642=LINE('',#17979,#3890);
#2643=LINE('',#17986,#3891);
#2644=LINE('',#17988,#3892);
#2645=LINE('',#17990,#3893);
#2646=LINE('',#17991,#3894);
#2647=LINE('',#17997,#3895);
#2648=LINE('',#18000,#3896);
#2649=LINE('',#18002,#3897);
#2650=LINE('',#18003,#3898);
#2651=LINE('',#18009,#3899);
#2652=LINE('',#18012,#3900);
#2653=LINE('',#18014,#3901);
#2654=LINE('',#18015,#3902);
#2655=LINE('',#18021,#3903);
#2656=LINE('',#18024,#3904);
#2657=LINE('',#18026,#3905);
#2658=LINE('',#18027,#3906);
#2659=LINE('',#18034,#3907);
#2660=LINE('',#18036,#3908);
#2661=LINE('',#18038,#3909);
#2662=LINE('',#18039,#3910);
#2663=LINE('',#18045,#3911);
#2664=LINE('',#18048,#3912);
#2665=LINE('',#18050,#3913);
#2666=LINE('',#18051,#3914);
#2667=LINE('',#18057,#3915);
#2668=LINE('',#18060,#3916);
#2669=LINE('',#18062,#3917);
#2670=LINE('',#18063,#3918);
#2671=LINE('',#18069,#3919);
#2672=LINE('',#18072,#3920);
#2673=LINE('',#18074,#3921);
#2674=LINE('',#18075,#3922);
#2675=LINE('',#18082,#3923);
#2676=LINE('',#18084,#3924);
#2677=LINE('',#18086,#3925);
#2678=LINE('',#18087,#3926);
#2679=LINE('',#18093,#3927);
#2680=LINE('',#18096,#3928);
#2681=LINE('',#18098,#3929);
#2682=LINE('',#18099,#3930);
#2683=LINE('',#18105,#3931);
#2684=LINE('',#18108,#3932);
#2685=LINE('',#18110,#3933);
#2686=LINE('',#18111,#3934);
#2687=LINE('',#18117,#3935);
#2688=LINE('',#18120,#3936);
#2689=LINE('',#18122,#3937);
#2690=LINE('',#18123,#3938);
#2691=LINE('',#18130,#3939);
#2692=LINE('',#18132,#3940);
#2693=LINE('',#18134,#3941);
#2694=LINE('',#18135,#3942);
#2695=LINE('',#18141,#3943);
#2696=LINE('',#18144,#3944);
#2697=LINE('',#18146,#3945);
#2698=LINE('',#18147,#3946);
#2699=LINE('',#18153,#3947);
#2700=LINE('',#18156,#3948);
#2701=LINE('',#18158,#3949);
#2702=LINE('',#18159,#3950);
#2703=LINE('',#18165,#3951);
#2704=LINE('',#18168,#3952);
#2705=LINE('',#18170,#3953);
#2706=LINE('',#18171,#3954);
#2707=LINE('',#18178,#3955);
#2708=LINE('',#18180,#3956);
#2709=LINE('',#18182,#3957);
#2710=LINE('',#18183,#3958);
#2711=LINE('',#18189,#3959);
#2712=LINE('',#18192,#3960);
#2713=LINE('',#18194,#3961);
#2714=LINE('',#18195,#3962);
#2715=LINE('',#18201,#3963);
#2716=LINE('',#18204,#3964);
#2717=LINE('',#18206,#3965);
#2718=LINE('',#18207,#3966);
#2719=LINE('',#18213,#3967);
#2720=LINE('',#18216,#3968);
#2721=LINE('',#18218,#3969);
#2722=LINE('',#18219,#3970);
#2723=LINE('',#18226,#3971);
#2724=LINE('',#18228,#3972);
#2725=LINE('',#18230,#3973);
#2726=LINE('',#18231,#3974);
#2727=LINE('',#18237,#3975);
#2728=LINE('',#18240,#3976);
#2729=LINE('',#18242,#3977);
#2730=LINE('',#18243,#3978);
#2731=LINE('',#18249,#3979);
#2732=LINE('',#18252,#3980);
#2733=LINE('',#18254,#3981);
#2734=LINE('',#18255,#3982);
#2735=LINE('',#18261,#3983);
#2736=LINE('',#18264,#3984);
#2737=LINE('',#18266,#3985);
#2738=LINE('',#18267,#3986);
#2739=LINE('',#18274,#3987);
#2740=LINE('',#18276,#3988);
#2741=LINE('',#18278,#3989);
#2742=LINE('',#18279,#3990);
#2743=LINE('',#18285,#3991);
#2744=LINE('',#18288,#3992);
#2745=LINE('',#18290,#3993);
#2746=LINE('',#18291,#3994);
#2747=LINE('',#18297,#3995);
#2748=LINE('',#18300,#3996);
#2749=LINE('',#18302,#3997);
#2750=LINE('',#18303,#3998);
#2751=LINE('',#18309,#3999);
#2752=LINE('',#18312,#4000);
#2753=LINE('',#18314,#4001);
#2754=LINE('',#18315,#4002);
#2755=LINE('',#18322,#4003);
#2756=LINE('',#18324,#4004);
#2757=LINE('',#18326,#4005);
#2758=LINE('',#18327,#4006);
#2759=LINE('',#18333,#4007);
#2760=LINE('',#18336,#4008);
#2761=LINE('',#18338,#4009);
#2762=LINE('',#18339,#4010);
#2763=LINE('',#18345,#4011);
#2764=LINE('',#18348,#4012);
#2765=LINE('',#18350,#4013);
#2766=LINE('',#18351,#4014);
#2767=LINE('',#18357,#4015);
#2768=LINE('',#18360,#4016);
#2769=LINE('',#18362,#4017);
#2770=LINE('',#18363,#4018);
#2771=LINE('',#18370,#4019);
#2772=LINE('',#18372,#4020);
#2773=LINE('',#18374,#4021);
#2774=LINE('',#18375,#4022);
#2775=LINE('',#18381,#4023);
#2776=LINE('',#18384,#4024);
#2777=LINE('',#18386,#4025);
#2778=LINE('',#18387,#4026);
#2779=LINE('',#18393,#4027);
#2780=LINE('',#18396,#4028);
#2781=LINE('',#18398,#4029);
#2782=LINE('',#18399,#4030);
#2783=LINE('',#18405,#4031);
#2784=LINE('',#18408,#4032);
#2785=LINE('',#18410,#4033);
#2786=LINE('',#18411,#4034);
#2787=LINE('',#18418,#4035);
#2788=LINE('',#18420,#4036);
#2789=LINE('',#18422,#4037);
#2790=LINE('',#18423,#4038);
#2791=LINE('',#18429,#4039);
#2792=LINE('',#18432,#4040);
#2793=LINE('',#18434,#4041);
#2794=LINE('',#18435,#4042);
#2795=LINE('',#18441,#4043);
#2796=LINE('',#18444,#4044);
#2797=LINE('',#18446,#4045);
#2798=LINE('',#18447,#4046);
#2799=LINE('',#18453,#4047);
#2800=LINE('',#18456,#4048);
#2801=LINE('',#18458,#4049);
#2802=LINE('',#18459,#4050);
#2803=LINE('',#18466,#4051);
#2804=LINE('',#18468,#4052);
#2805=LINE('',#18470,#4053);
#2806=LINE('',#18471,#4054);
#2807=LINE('',#18477,#4055);
#2808=LINE('',#18480,#4056);
#2809=LINE('',#18482,#4057);
#2810=LINE('',#18483,#4058);
#2811=LINE('',#18489,#4059);
#2812=LINE('',#18492,#4060);
#2813=LINE('',#18494,#4061);
#2814=LINE('',#18495,#4062);
#2815=LINE('',#18501,#4063);
#2816=LINE('',#18504,#4064);
#2817=LINE('',#18506,#4065);
#2818=LINE('',#18507,#4066);
#2819=LINE('',#18514,#4067);
#2820=LINE('',#18516,#4068);
#2821=LINE('',#18518,#4069);
#2822=LINE('',#18519,#4070);
#2823=LINE('',#18525,#4071);
#2824=LINE('',#18528,#4072);
#2825=LINE('',#18530,#4073);
#2826=LINE('',#18531,#4074);
#2827=LINE('',#18537,#4075);
#2828=LINE('',#18540,#4076);
#2829=LINE('',#18542,#4077);
#2830=LINE('',#18543,#4078);
#2831=LINE('',#18549,#4079);
#2832=LINE('',#18552,#4080);
#2833=LINE('',#18554,#4081);
#2834=LINE('',#18555,#4082);
#2835=LINE('',#18562,#4083);
#2836=LINE('',#18564,#4084);
#2837=LINE('',#18566,#4085);
#2838=LINE('',#18567,#4086);
#2839=LINE('',#18570,#4087);
#2840=LINE('',#18572,#4088);
#2841=LINE('',#18573,#4089);
#2842=LINE('',#18576,#4090);
#2843=LINE('',#18578,#4091);
#2844=LINE('',#18579,#4092);
#2845=LINE('',#18582,#4093);
#2846=LINE('',#18584,#4094);
#2847=LINE('',#18585,#4095);
#2848=LINE('',#18588,#4096);
#2849=LINE('',#18590,#4097);
#2850=LINE('',#18591,#4098);
#2851=LINE('',#18594,#4099);
#2852=LINE('',#18596,#4100);
#2853=LINE('',#18597,#4101);
#2854=LINE('',#18600,#4102);
#2855=LINE('',#18602,#4103);
#2856=LINE('',#18603,#4104);
#2857=LINE('',#18605,#4105);
#2858=LINE('',#18606,#4106);
#2859=LINE('',#18612,#4107);
#2860=LINE('',#18614,#4108);
#2861=LINE('',#18616,#4109);
#2862=LINE('',#18617,#4110);
#2863=LINE('',#18623,#4111);
#2864=LINE('',#18626,#4112);
#2865=LINE('',#18628,#4113);
#2866=LINE('',#18629,#4114);
#2867=LINE('',#18635,#4115);
#2868=LINE('',#18638,#4116);
#2869=LINE('',#18640,#4117);
#2870=LINE('',#18641,#4118);
#2871=LINE('',#18647,#4119);
#2872=LINE('',#18650,#4120);
#2873=LINE('',#18652,#4121);
#2874=LINE('',#18653,#4122);
#2875=LINE('',#18660,#4123);
#2876=LINE('',#18662,#4124);
#2877=LINE('',#18664,#4125);
#2878=LINE('',#18665,#4126);
#2879=LINE('',#18671,#4127);
#2880=LINE('',#18674,#4128);
#2881=LINE('',#18676,#4129);
#2882=LINE('',#18677,#4130);
#2883=LINE('',#18683,#4131);
#2884=LINE('',#18686,#4132);
#2885=LINE('',#18688,#4133);
#2886=LINE('',#18689,#4134);
#2887=LINE('',#18695,#4135);
#2888=LINE('',#18698,#4136);
#2889=LINE('',#18700,#4137);
#2890=LINE('',#18701,#4138);
#2891=LINE('',#18708,#4139);
#2892=LINE('',#18710,#4140);
#2893=LINE('',#18712,#4141);
#2894=LINE('',#18713,#4142);
#2895=LINE('',#18719,#4143);
#2896=LINE('',#18722,#4144);
#2897=LINE('',#18724,#4145);
#2898=LINE('',#18725,#4146);
#2899=LINE('',#18731,#4147);
#2900=LINE('',#18734,#4148);
#2901=LINE('',#18736,#4149);
#2902=LINE('',#18737,#4150);
#2903=LINE('',#18743,#4151);
#2904=LINE('',#18746,#4152);
#2905=LINE('',#18748,#4153);
#2906=LINE('',#18749,#4154);
#2907=LINE('',#18756,#4155);
#2908=LINE('',#18758,#4156);
#2909=LINE('',#18760,#4157);
#2910=LINE('',#18761,#4158);
#2911=LINE('',#18767,#4159);
#2912=LINE('',#18770,#4160);
#2913=LINE('',#18772,#4161);
#2914=LINE('',#18773,#4162);
#2915=LINE('',#18779,#4163);
#2916=LINE('',#18782,#4164);
#2917=LINE('',#18784,#4165);
#2918=LINE('',#18785,#4166);
#2919=LINE('',#18791,#4167);
#2920=LINE('',#18794,#4168);
#2921=LINE('',#18796,#4169);
#2922=LINE('',#18797,#4170);
#2923=LINE('',#18804,#4171);
#2924=LINE('',#18806,#4172);
#2925=LINE('',#18808,#4173);
#2926=LINE('',#18809,#4174);
#2927=LINE('',#18815,#4175);
#2928=LINE('',#18818,#4176);
#2929=LINE('',#18820,#4177);
#2930=LINE('',#18821,#4178);
#2931=LINE('',#18827,#4179);
#2932=LINE('',#18830,#4180);
#2933=LINE('',#18832,#4181);
#2934=LINE('',#18833,#4182);
#2935=LINE('',#18839,#4183);
#2936=LINE('',#18842,#4184);
#2937=LINE('',#18844,#4185);
#2938=LINE('',#18845,#4186);
#2939=LINE('',#18852,#4187);
#2940=LINE('',#18854,#4188);
#2941=LINE('',#18856,#4189);
#2942=LINE('',#18857,#4190);
#2943=LINE('',#18863,#4191);
#2944=LINE('',#18866,#4192);
#2945=LINE('',#18868,#4193);
#2946=LINE('',#18869,#4194);
#2947=LINE('',#18875,#4195);
#2948=LINE('',#18878,#4196);
#2949=LINE('',#18880,#4197);
#2950=LINE('',#18881,#4198);
#2951=LINE('',#18887,#4199);
#2952=LINE('',#18890,#4200);
#2953=LINE('',#18892,#4201);
#2954=LINE('',#18893,#4202);
#2955=LINE('',#18900,#4203);
#2956=LINE('',#18902,#4204);
#2957=LINE('',#18904,#4205);
#2958=LINE('',#18905,#4206);
#2959=LINE('',#18911,#4207);
#2960=LINE('',#18914,#4208);
#2961=LINE('',#18916,#4209);
#2962=LINE('',#18917,#4210);
#2963=LINE('',#18923,#4211);
#2964=LINE('',#18926,#4212);
#2965=LINE('',#18928,#4213);
#2966=LINE('',#18929,#4214);
#2967=LINE('',#18935,#4215);
#2968=LINE('',#18938,#4216);
#2969=LINE('',#18940,#4217);
#2970=LINE('',#18941,#4218);
#2971=LINE('',#18948,#4219);
#2972=LINE('',#18950,#4220);
#2973=LINE('',#18952,#4221);
#2974=LINE('',#18953,#4222);
#2975=LINE('',#18959,#4223);
#2976=LINE('',#18962,#4224);
#2977=LINE('',#18964,#4225);
#2978=LINE('',#18965,#4226);
#2979=LINE('',#18971,#4227);
#2980=LINE('',#18974,#4228);
#2981=LINE('',#18976,#4229);
#2982=LINE('',#18977,#4230);
#2983=LINE('',#18983,#4231);
#2984=LINE('',#18986,#4232);
#2985=LINE('',#18988,#4233);
#2986=LINE('',#18989,#4234);
#2987=LINE('',#18996,#4235);
#2988=LINE('',#18998,#4236);
#2989=LINE('',#19000,#4237);
#2990=LINE('',#19001,#4238);
#2991=LINE('',#19007,#4239);
#2992=LINE('',#19010,#4240);
#2993=LINE('',#19012,#4241);
#2994=LINE('',#19013,#4242);
#2995=LINE('',#19019,#4243);
#2996=LINE('',#19022,#4244);
#2997=LINE('',#19024,#4245);
#2998=LINE('',#19025,#4246);
#2999=LINE('',#19031,#4247);
#3000=LINE('',#19034,#4248);
#3001=LINE('',#19036,#4249);
#3002=LINE('',#19037,#4250);
#3003=LINE('',#19044,#4251);
#3004=LINE('',#19046,#4252);
#3005=LINE('',#19048,#4253);
#3006=LINE('',#19049,#4254);
#3007=LINE('',#19055,#4255);
#3008=LINE('',#19058,#4256);
#3009=LINE('',#19060,#4257);
#3010=LINE('',#19061,#4258);
#3011=LINE('',#19067,#4259);
#3012=LINE('',#19070,#4260);
#3013=LINE('',#19072,#4261);
#3014=LINE('',#19073,#4262);
#3015=LINE('',#19079,#4263);
#3016=LINE('',#19082,#4264);
#3017=LINE('',#19084,#4265);
#3018=LINE('',#19085,#4266);
#3019=LINE('',#19092,#4267);
#3020=LINE('',#19094,#4268);
#3021=LINE('',#19096,#4269);
#3022=LINE('',#19097,#4270);
#3023=LINE('',#19103,#4271);
#3024=LINE('',#19106,#4272);
#3025=LINE('',#19108,#4273);
#3026=LINE('',#19109,#4274);
#3027=LINE('',#19115,#4275);
#3028=LINE('',#19118,#4276);
#3029=LINE('',#19120,#4277);
#3030=LINE('',#19121,#4278);
#3031=LINE('',#19127,#4279);
#3032=LINE('',#19130,#4280);
#3033=LINE('',#19132,#4281);
#3034=LINE('',#19133,#4282);
#3035=LINE('',#19140,#4283);
#3036=LINE('',#19142,#4284);
#3037=LINE('',#19144,#4285);
#3038=LINE('',#19145,#4286);
#3039=LINE('',#19151,#4287);
#3040=LINE('',#19154,#4288);
#3041=LINE('',#19156,#4289);
#3042=LINE('',#19157,#4290);
#3043=LINE('',#19163,#4291);
#3044=LINE('',#19166,#4292);
#3045=LINE('',#19168,#4293);
#3046=LINE('',#19169,#4294);
#3047=LINE('',#19175,#4295);
#3048=LINE('',#19178,#4296);
#3049=LINE('',#19180,#4297);
#3050=LINE('',#19181,#4298);
#3051=LINE('',#19188,#4299);
#3052=LINE('',#19190,#4300);
#3053=LINE('',#19192,#4301);
#3054=LINE('',#19193,#4302);
#3055=LINE('',#19199,#4303);
#3056=LINE('',#19202,#4304);
#3057=LINE('',#19204,#4305);
#3058=LINE('',#19205,#4306);
#3059=LINE('',#19211,#4307);
#3060=LINE('',#19214,#4308);
#3061=LINE('',#19216,#4309);
#3062=LINE('',#19217,#4310);
#3063=LINE('',#19223,#4311);
#3064=LINE('',#19226,#4312);
#3065=LINE('',#19228,#4313);
#3066=LINE('',#19229,#4314);
#3067=LINE('',#19236,#4315);
#3068=LINE('',#19238,#4316);
#3069=LINE('',#19240,#4317);
#3070=LINE('',#19241,#4318);
#3071=LINE('',#19247,#4319);
#3072=LINE('',#19250,#4320);
#3073=LINE('',#19252,#4321);
#3074=LINE('',#19253,#4322);
#3075=LINE('',#19259,#4323);
#3076=LINE('',#19262,#4324);
#3077=LINE('',#19264,#4325);
#3078=LINE('',#19265,#4326);
#3079=LINE('',#19271,#4327);
#3080=LINE('',#19274,#4328);
#3081=LINE('',#19276,#4329);
#3082=LINE('',#19277,#4330);
#3083=LINE('',#19284,#4331);
#3084=LINE('',#19286,#4332);
#3085=LINE('',#19288,#4333);
#3086=LINE('',#19289,#4334);
#3087=LINE('',#19295,#4335);
#3088=LINE('',#19298,#4336);
#3089=LINE('',#19300,#4337);
#3090=LINE('',#19301,#4338);
#3091=LINE('',#19307,#4339);
#3092=LINE('',#19310,#4340);
#3093=LINE('',#19312,#4341);
#3094=LINE('',#19313,#4342);
#3095=LINE('',#19319,#4343);
#3096=LINE('',#19322,#4344);
#3097=LINE('',#19324,#4345);
#3098=LINE('',#19325,#4346);
#3099=LINE('',#19332,#4347);
#3100=LINE('',#19334,#4348);
#3101=LINE('',#19336,#4349);
#3102=LINE('',#19337,#4350);
#3103=LINE('',#19343,#4351);
#3104=LINE('',#19346,#4352);
#3105=LINE('',#19348,#4353);
#3106=LINE('',#19349,#4354);
#3107=LINE('',#19355,#4355);
#3108=LINE('',#19358,#4356);
#3109=LINE('',#19360,#4357);
#3110=LINE('',#19361,#4358);
#3111=LINE('',#19367,#4359);
#3112=LINE('',#19370,#4360);
#3113=LINE('',#19372,#4361);
#3114=LINE('',#19373,#4362);
#3115=LINE('',#19380,#4363);
#3116=LINE('',#19382,#4364);
#3117=LINE('',#19384,#4365);
#3118=LINE('',#19385,#4366);
#3119=LINE('',#19391,#4367);
#3120=LINE('',#19394,#4368);
#3121=LINE('',#19396,#4369);
#3122=LINE('',#19397,#4370);
#3123=LINE('',#19403,#4371);
#3124=LINE('',#19406,#4372);
#3125=LINE('',#19408,#4373);
#3126=LINE('',#19409,#4374);
#3127=LINE('',#19415,#4375);
#3128=LINE('',#19418,#4376);
#3129=LINE('',#19420,#4377);
#3130=LINE('',#19421,#4378);
#3131=LINE('',#19428,#4379);
#3132=LINE('',#19430,#4380);
#3133=LINE('',#19432,#4381);
#3134=LINE('',#19433,#4382);
#3135=LINE('',#19439,#4383);
#3136=LINE('',#19442,#4384);
#3137=LINE('',#19444,#4385);
#3138=LINE('',#19445,#4386);
#3139=LINE('',#19451,#4387);
#3140=LINE('',#19454,#4388);
#3141=LINE('',#19456,#4389);
#3142=LINE('',#19457,#4390);
#3143=LINE('',#19463,#4391);
#3144=LINE('',#19466,#4392);
#3145=LINE('',#19468,#4393);
#3146=LINE('',#19469,#4394);
#3147=LINE('',#19476,#4395);
#3148=LINE('',#19478,#4396);
#3149=LINE('',#19480,#4397);
#3150=LINE('',#19481,#4398);
#3151=LINE('',#19487,#4399);
#3152=LINE('',#19490,#4400);
#3153=LINE('',#19492,#4401);
#3154=LINE('',#19493,#4402);
#3155=LINE('',#19499,#4403);
#3156=LINE('',#19502,#4404);
#3157=LINE('',#19504,#4405);
#3158=LINE('',#19505,#4406);
#3159=LINE('',#19511,#4407);
#3160=LINE('',#19514,#4408);
#3161=LINE('',#19516,#4409);
#3162=LINE('',#19517,#4410);
#3163=LINE('',#19524,#4411);
#3164=LINE('',#19526,#4412);
#3165=LINE('',#19528,#4413);
#3166=LINE('',#19529,#4414);
#3167=LINE('',#19535,#4415);
#3168=LINE('',#19538,#4416);
#3169=LINE('',#19540,#4417);
#3170=LINE('',#19541,#4418);
#3171=LINE('',#19547,#4419);
#3172=LINE('',#19550,#4420);
#3173=LINE('',#19552,#4421);
#3174=LINE('',#19553,#4422);
#3175=LINE('',#19559,#4423);
#3176=LINE('',#19562,#4424);
#3177=LINE('',#19564,#4425);
#3178=LINE('',#19565,#4426);
#3179=LINE('',#19572,#4427);
#3180=LINE('',#19574,#4428);
#3181=LINE('',#19576,#4429);
#3182=LINE('',#19577,#4430);
#3183=LINE('',#19583,#4431);
#3184=LINE('',#19586,#4432);
#3185=LINE('',#19588,#4433);
#3186=LINE('',#19589,#4434);
#3187=LINE('',#19595,#4435);
#3188=LINE('',#19598,#4436);
#3189=LINE('',#19600,#4437);
#3190=LINE('',#19601,#4438);
#3191=LINE('',#19607,#4439);
#3192=LINE('',#19610,#4440);
#3193=LINE('',#19612,#4441);
#3194=LINE('',#19613,#4442);
#3195=LINE('',#19620,#4443);
#3196=LINE('',#19622,#4444);
#3197=LINE('',#19624,#4445);
#3198=LINE('',#19625,#4446);
#3199=LINE('',#19631,#4447);
#3200=LINE('',#19634,#4448);
#3201=LINE('',#19636,#4449);
#3202=LINE('',#19637,#4450);
#3203=LINE('',#19643,#4451);
#3204=LINE('',#19646,#4452);
#3205=LINE('',#19648,#4453);
#3206=LINE('',#19649,#4454);
#3207=LINE('',#19655,#4455);
#3208=LINE('',#19658,#4456);
#3209=LINE('',#19660,#4457);
#3210=LINE('',#19661,#4458);
#3211=LINE('',#19668,#4459);
#3212=LINE('',#19670,#4460);
#3213=LINE('',#19672,#4461);
#3214=LINE('',#19673,#4462);
#3215=LINE('',#19679,#4463);
#3216=LINE('',#19682,#4464);
#3217=LINE('',#19684,#4465);
#3218=LINE('',#19685,#4466);
#3219=LINE('',#19691,#4467);
#3220=LINE('',#19694,#4468);
#3221=LINE('',#19696,#4469);
#3222=LINE('',#19697,#4470);
#3223=LINE('',#19703,#4471);
#3224=LINE('',#19706,#4472);
#3225=LINE('',#19708,#4473);
#3226=LINE('',#19709,#4474);
#3227=LINE('',#19716,#4475);
#3228=LINE('',#19718,#4476);
#3229=LINE('',#19720,#4477);
#3230=LINE('',#19721,#4478);
#3231=LINE('',#19727,#4479);
#3232=LINE('',#19730,#4480);
#3233=LINE('',#19732,#4481);
#3234=LINE('',#19733,#4482);
#3235=LINE('',#19739,#4483);
#3236=LINE('',#19742,#4484);
#3237=LINE('',#19744,#4485);
#3238=LINE('',#19745,#4486);
#3239=LINE('',#19751,#4487);
#3240=LINE('',#19754,#4488);
#3241=LINE('',#19756,#4489);
#3242=LINE('',#19757,#4490);
#3243=LINE('',#19764,#4491);
#3244=LINE('',#19766,#4492);
#3245=LINE('',#19768,#4493);
#3246=LINE('',#19769,#4494);
#3247=LINE('',#19775,#4495);
#3248=LINE('',#19778,#4496);
#3249=LINE('',#19780,#4497);
#3250=LINE('',#19781,#4498);
#3251=LINE('',#19787,#4499);
#3252=LINE('',#19790,#4500);
#3253=LINE('',#19792,#4501);
#3254=LINE('',#19793,#4502);
#3255=LINE('',#19799,#4503);
#3256=LINE('',#19802,#4504);
#3257=LINE('',#19804,#4505);
#3258=LINE('',#19805,#4506);
#3259=LINE('',#19812,#4507);
#3260=LINE('',#19814,#4508);
#3261=LINE('',#19816,#4509);
#3262=LINE('',#19817,#4510);
#3263=LINE('',#19823,#4511);
#3264=LINE('',#19826,#4512);
#3265=LINE('',#19828,#4513);
#3266=LINE('',#19829,#4514);
#3267=LINE('',#19835,#4515);
#3268=LINE('',#19838,#4516);
#3269=LINE('',#19840,#4517);
#3270=LINE('',#19841,#4518);
#3271=LINE('',#19847,#4519);
#3272=LINE('',#19850,#4520);
#3273=LINE('',#19852,#4521);
#3274=LINE('',#19853,#4522);
#3275=LINE('',#19860,#4523);
#3276=LINE('',#19862,#4524);
#3277=LINE('',#19864,#4525);
#3278=LINE('',#19865,#4526);
#3279=LINE('',#19871,#4527);
#3280=LINE('',#19874,#4528);
#3281=LINE('',#19876,#4529);
#3282=LINE('',#19877,#4530);
#3283=LINE('',#19883,#4531);
#3284=LINE('',#19886,#4532);
#3285=LINE('',#19888,#4533);
#3286=LINE('',#19889,#4534);
#3287=LINE('',#19895,#4535);
#3288=LINE('',#19898,#4536);
#3289=LINE('',#19900,#4537);
#3290=LINE('',#19901,#4538);
#3291=LINE('',#19908,#4539);
#3292=LINE('',#19910,#4540);
#3293=LINE('',#19912,#4541);
#3294=LINE('',#19913,#4542);
#3295=LINE('',#19919,#4543);
#3296=LINE('',#19922,#4544);
#3297=LINE('',#19924,#4545);
#3298=LINE('',#19925,#4546);
#3299=LINE('',#19931,#4547);
#3300=LINE('',#19934,#4548);
#3301=LINE('',#19936,#4549);
#3302=LINE('',#19937,#4550);
#3303=LINE('',#19943,#4551);
#3304=LINE('',#19946,#4552);
#3305=LINE('',#19948,#4553);
#3306=LINE('',#19949,#4554);
#3307=LINE('',#19956,#4555);
#3308=LINE('',#19958,#4556);
#3309=LINE('',#19960,#4557);
#3310=LINE('',#19961,#4558);
#3311=LINE('',#19967,#4559);
#3312=LINE('',#19970,#4560);
#3313=LINE('',#19972,#4561);
#3314=LINE('',#19973,#4562);
#3315=LINE('',#19979,#4563);
#3316=LINE('',#19982,#4564);
#3317=LINE('',#19984,#4565);
#3318=LINE('',#19985,#4566);
#3319=LINE('',#19991,#4567);
#3320=LINE('',#19994,#4568);
#3321=LINE('',#19996,#4569);
#3322=LINE('',#19997,#4570);
#3323=LINE('',#20004,#4571);
#3324=LINE('',#20006,#4572);
#3325=LINE('',#20008,#4573);
#3326=LINE('',#20009,#4574);
#3327=LINE('',#20015,#4575);
#3328=LINE('',#20018,#4576);
#3329=LINE('',#20020,#4577);
#3330=LINE('',#20021,#4578);
#3331=LINE('',#20027,#4579);
#3332=LINE('',#20030,#4580);
#3333=LINE('',#20032,#4581);
#3334=LINE('',#20033,#4582);
#3335=LINE('',#20039,#4583);
#3336=LINE('',#20042,#4584);
#3337=LINE('',#20044,#4585);
#3338=LINE('',#20045,#4586);
#3339=LINE('',#20052,#4587);
#3340=LINE('',#20054,#4588);
#3341=LINE('',#20056,#4589);
#3342=LINE('',#20057,#4590);
#3343=LINE('',#20063,#4591);
#3344=LINE('',#20066,#4592);
#3345=LINE('',#20068,#4593);
#3346=LINE('',#20069,#4594);
#3347=LINE('',#20075,#4595);
#3348=LINE('',#20078,#4596);
#3349=LINE('',#20080,#4597);
#3350=LINE('',#20081,#4598);
#3351=LINE('',#20087,#4599);
#3352=LINE('',#20090,#4600);
#3353=LINE('',#20092,#4601);
#3354=LINE('',#20093,#4602);
#3355=LINE('',#20100,#4603);
#3356=LINE('',#20102,#4604);
#3357=LINE('',#20104,#4605);
#3358=LINE('',#20105,#4606);
#3359=LINE('',#20111,#4607);
#3360=LINE('',#20114,#4608);
#3361=LINE('',#20116,#4609);
#3362=LINE('',#20117,#4610);
#3363=LINE('',#20123,#4611);
#3364=LINE('',#20126,#4612);
#3365=LINE('',#20128,#4613);
#3366=LINE('',#20129,#4614);
#3367=LINE('',#20135,#4615);
#3368=LINE('',#20138,#4616);
#3369=LINE('',#20140,#4617);
#3370=LINE('',#20141,#4618);
#3371=LINE('',#20148,#4619);
#3372=LINE('',#20150,#4620);
#3373=LINE('',#20152,#4621);
#3374=LINE('',#20153,#4622);
#3375=LINE('',#20159,#4623);
#3376=LINE('',#20162,#4624);
#3377=LINE('',#20164,#4625);
#3378=LINE('',#20165,#4626);
#3379=LINE('',#20171,#4627);
#3380=LINE('',#20174,#4628);
#3381=LINE('',#20176,#4629);
#3382=LINE('',#20177,#4630);
#3383=LINE('',#20183,#4631);
#3384=LINE('',#20186,#4632);
#3385=LINE('',#20188,#4633);
#3386=LINE('',#20189,#4634);
#3387=LINE('',#20196,#4635);
#3388=LINE('',#20198,#4636);
#3389=LINE('',#20200,#4637);
#3390=LINE('',#20201,#4638);
#3391=LINE('',#20207,#4639);
#3392=LINE('',#20210,#4640);
#3393=LINE('',#20212,#4641);
#3394=LINE('',#20213,#4642);
#3395=LINE('',#20219,#4643);
#3396=LINE('',#20222,#4644);
#3397=LINE('',#20224,#4645);
#3398=LINE('',#20225,#4646);
#3399=LINE('',#20231,#4647);
#3400=LINE('',#20234,#4648);
#3401=LINE('',#20236,#4649);
#3402=LINE('',#20237,#4650);
#3403=LINE('',#20244,#4651);
#3404=LINE('',#20246,#4652);
#3405=LINE('',#20248,#4653);
#3406=LINE('',#20249,#4654);
#3407=LINE('',#20255,#4655);
#3408=LINE('',#20258,#4656);
#3409=LINE('',#20260,#4657);
#3410=LINE('',#20261,#4658);
#3411=LINE('',#20267,#4659);
#3412=LINE('',#20270,#4660);
#3413=LINE('',#20272,#4661);
#3414=LINE('',#20273,#4662);
#3415=LINE('',#20279,#4663);
#3416=LINE('',#20282,#4664);
#3417=LINE('',#20284,#4665);
#3418=LINE('',#20285,#4666);
#3419=LINE('',#20292,#4667);
#3420=LINE('',#20294,#4668);
#3421=LINE('',#20296,#4669);
#3422=LINE('',#20297,#4670);
#3423=LINE('',#20300,#4671);
#3424=LINE('',#20302,#4672);
#3425=LINE('',#20303,#4673);
#3426=LINE('',#20306,#4674);
#3427=LINE('',#20308,#4675);
#3428=LINE('',#20309,#4676);
#3429=LINE('',#20312,#4677);
#3430=LINE('',#20314,#4678);
#3431=LINE('',#20315,#4679);
#3432=LINE('',#20318,#4680);
#3433=LINE('',#20320,#4681);
#3434=LINE('',#20321,#4682);
#3435=LINE('',#20323,#4683);
#3436=LINE('',#20324,#4684);
#3437=LINE('',#20330,#4685);
#3438=LINE('',#20332,#4686);
#3439=LINE('',#20334,#4687);
#3440=LINE('',#20336,#4688);
#3441=LINE('',#20338,#4689);
#3442=LINE('',#20339,#4690);
#3443=LINE('',#20343,#4691);
#3444=LINE('',#20345,#4692);
#3445=LINE('',#20347,#4693);
#3446=LINE('',#20349,#4694);
#3447=LINE('',#20351,#4695);
#3448=LINE('',#20352,#4696);
#3449=LINE('',#20356,#4697);
#3450=LINE('',#20360,#4698);
#3451=LINE('',#20363,#4699);
#3452=LINE('',#20365,#4700);
#3453=LINE('',#20367,#4701);
#3454=LINE('',#20368,#4702);
#3455=LINE('',#20369,#4703);
#3456=LINE('',#20372,#4704);
#3457=LINE('',#20374,#4705);
#3458=LINE('',#20375,#4706);
#3459=LINE('',#20378,#4707);
#3460=LINE('',#20380,#4708);
#3461=LINE('',#20381,#4709);
#3462=LINE('',#20383,#4710);
#3463=LINE('',#20386,#4711);
#3464=LINE('',#20387,#4712);
#3465=LINE('',#20390,#4713);
#3466=LINE('',#20392,#4714);
#3467=LINE('',#20393,#4715);
#3468=LINE('',#20395,#4716);
#3469=LINE('',#20399,#4717);
#3470=LINE('',#20401,#4718);
#3471=LINE('',#20403,#4719);
#3472=LINE('',#20405,#4720);
#3473=LINE('',#20407,#4721);
#3474=LINE('',#20408,#4722);
#3475=LINE('',#20410,#4723);
#3476=LINE('',#20411,#4724);
#3477=LINE('',#20413,#4725);
#3478=LINE('',#20417,#4726);
#3479=LINE('',#20419,#4727);
#3480=LINE('',#20420,#4728);
#3481=LINE('',#20423,#4729);
#3482=LINE('',#20424,#4730);
#3483=LINE('',#20427,#4731);
#3484=LINE('',#20428,#4732);
#3485=LINE('',#20431,#4733);
#3486=LINE('',#20432,#4734);
#3487=LINE('',#20435,#4735);
#3488=LINE('',#20436,#4736);
#3489=LINE('',#20438,#4737);
#3490=LINE('',#20441,#4738);
#3491=LINE('',#20442,#4739);
#3492=LINE('',#20445,#4740);
#3493=LINE('',#20446,#4741);
#3494=LINE('',#20448,#4742);
#3495=LINE('',#20453,#4743);
#3496=LINE('',#20455,#4744);
#3497=LINE('',#20457,#4745);
#3498=LINE('',#20459,#4746);
#3499=LINE('',#20461,#4747);
#3500=LINE('',#20463,#4748);
#3501=LINE('',#20465,#4749);
#3502=LINE('',#20466,#4750);
#3503=LINE('',#20470,#4751);
#3504=LINE('',#20472,#4752);
#3505=LINE('',#20474,#4753);
#3506=LINE('',#20476,#4754);
#3507=LINE('',#20478,#4755);
#3508=LINE('',#20480,#4756);
#3509=LINE('',#20482,#4757);
#3510=LINE('',#20483,#4758);
#3511=LINE('',#20487,#4759);
#3512=LINE('',#20491,#4760);
#3513=LINE('',#20494,#4761);
#3514=LINE('',#20495,#4762);
#3515=LINE('',#20497,#4763);
#3516=LINE('',#20499,#4764);
#3517=LINE('',#20500,#4765);
#3518=LINE('',#20503,#4766);
#3519=LINE('',#20504,#4767);
#3520=LINE('',#20507,#4768);
#3521=LINE('',#20508,#4769);
#3522=LINE('',#20511,#4770);
#3523=LINE('',#20512,#4771);
#3524=LINE('',#20515,#4772);
#3525=LINE('',#20516,#4773);
#3526=LINE('',#20519,#4774);
#3527=LINE('',#20520,#4775);
#3528=LINE('',#20523,#4776);
#3529=LINE('',#20524,#4777);
#3530=LINE('',#20526,#4778);
#3531=LINE('',#20530,#4779);
#3532=LINE('',#20532,#4780);
#3533=LINE('',#20534,#4781);
#3534=LINE('',#20536,#4782);
#3535=LINE('',#20538,#4783);
#3536=LINE('',#20540,#4784);
#3537=LINE('',#20542,#4785);
#3538=LINE('',#20543,#4786);
#3539=LINE('',#20546,#4787);
#3540=LINE('',#20548,#4788);
#3541=LINE('',#20549,#4789);
#3542=LINE('',#20552,#4790);
#3543=LINE('',#20553,#4791);
#3544=LINE('',#20556,#4792);
#3545=LINE('',#20558,#4793);
#3546=LINE('',#20559,#4794);
#3547=LINE('',#20561,#4795);
#3548=LINE('',#20564,#4796);
#3549=LINE('',#20566,#4797);
#3550=LINE('',#20567,#4798);
#3551=LINE('',#20570,#4799);
#3552=LINE('',#20571,#4800);
#3553=LINE('',#20574,#4801);
#3554=LINE('',#20575,#4802);
#3555=LINE('',#20578,#4803);
#3556=LINE('',#20579,#4804);
#3557=LINE('',#20582,#4805);
#3558=LINE('',#20583,#4806);
#3559=LINE('',#20586,#4807);
#3560=LINE('',#20587,#4808);
#3561=LINE('',#20590,#4809);
#3562=LINE('',#20591,#4810);
#3563=LINE('',#20593,#4811);
#3564=LINE('',#20596,#4812);
#3565=LINE('',#20597,#4813);
#3566=LINE('',#20600,#4814);
#3567=LINE('',#20601,#4815);
#3568=LINE('',#20604,#4816);
#3569=LINE('',#20605,#4817);
#3570=LINE('',#20607,#4818);
#3571=VECTOR('',#13484,10.);
#3572=VECTOR('',#13485,10.);
#3573=VECTOR('',#13486,10.);
#3574=VECTOR('',#13487,10.);
#3575=VECTOR('',#13494,10.);
#3576=VECTOR('',#13497,10.);
#3577=VECTOR('',#13498,10.);
#3578=VECTOR('',#13499,10.);
#3579=VECTOR('',#13506,10.);
#3580=VECTOR('',#13509,10.);
#3581=VECTOR('',#13510,10.);
#3582=VECTOR('',#13511,10.);
#3583=VECTOR('',#13518,10.);
#3584=VECTOR('',#13521,10.);
#3585=VECTOR('',#13522,10.);
#3586=VECTOR('',#13523,10.);
#3587=VECTOR('',#13532,10.);
#3588=VECTOR('',#13533,10.);
#3589=VECTOR('',#13534,10.);
#3590=VECTOR('',#13535,10.);
#3591=VECTOR('',#13542,10.);
#3592=VECTOR('',#13545,10.);
#3593=VECTOR('',#13546,10.);
#3594=VECTOR('',#13547,10.);
#3595=VECTOR('',#13554,10.);
#3596=VECTOR('',#13557,10.);
#3597=VECTOR('',#13558,10.);
#3598=VECTOR('',#13559,10.);
#3599=VECTOR('',#13566,10.);
#3600=VECTOR('',#13569,10.);
#3601=VECTOR('',#13570,10.);
#3602=VECTOR('',#13571,10.);
#3603=VECTOR('',#13580,10.);
#3604=VECTOR('',#13581,10.);
#3605=VECTOR('',#13582,10.);
#3606=VECTOR('',#13583,10.);
#3607=VECTOR('',#13590,10.);
#3608=VECTOR('',#13593,10.);
#3609=VECTOR('',#13594,10.);
#3610=VECTOR('',#13595,10.);
#3611=VECTOR('',#13602,10.);
#3612=VECTOR('',#13605,10.);
#3613=VECTOR('',#13606,10.);
#3614=VECTOR('',#13607,10.);
#3615=VECTOR('',#13614,10.);
#3616=VECTOR('',#13617,10.);
#3617=VECTOR('',#13618,10.);
#3618=VECTOR('',#13619,10.);
#3619=VECTOR('',#13628,10.);
#3620=VECTOR('',#13629,10.);
#3621=VECTOR('',#13630,10.);
#3622=VECTOR('',#13631,10.);
#3623=VECTOR('',#13638,10.);
#3624=VECTOR('',#13641,10.);
#3625=VECTOR('',#13642,10.);
#3626=VECTOR('',#13643,10.);
#3627=VECTOR('',#13650,10.);
#3628=VECTOR('',#13653,10.);
#3629=VECTOR('',#13654,10.);
#3630=VECTOR('',#13655,10.);
#3631=VECTOR('',#13662,10.);
#3632=VECTOR('',#13665,10.);
#3633=VECTOR('',#13666,10.);
#3634=VECTOR('',#13667,10.);
#3635=VECTOR('',#13676,10.);
#3636=VECTOR('',#13677,10.);
#3637=VECTOR('',#13678,10.);
#3638=VECTOR('',#13679,10.);
#3639=VECTOR('',#13686,10.);
#3640=VECTOR('',#13689,10.);
#3641=VECTOR('',#13690,10.);
#3642=VECTOR('',#13691,10.);
#3643=VECTOR('',#13698,10.);
#3644=VECTOR('',#13701,10.);
#3645=VECTOR('',#13702,10.);
#3646=VECTOR('',#13703,10.);
#3647=VECTOR('',#13710,10.);
#3648=VECTOR('',#13713,10.);
#3649=VECTOR('',#13714,10.);
#3650=VECTOR('',#13715,10.);
#3651=VECTOR('',#13724,10.);
#3652=VECTOR('',#13725,10.);
#3653=VECTOR('',#13726,10.);
#3654=VECTOR('',#13727,10.);
#3655=VECTOR('',#13734,10.);
#3656=VECTOR('',#13737,10.);
#3657=VECTOR('',#13738,10.);
#3658=VECTOR('',#13739,10.);
#3659=VECTOR('',#13746,10.);
#3660=VECTOR('',#13749,10.);
#3661=VECTOR('',#13750,10.);
#3662=VECTOR('',#13751,10.);
#3663=VECTOR('',#13758,10.);
#3664=VECTOR('',#13761,10.);
#3665=VECTOR('',#13762,10.);
#3666=VECTOR('',#13763,10.);
#3667=VECTOR('',#13772,10.);
#3668=VECTOR('',#13773,10.);
#3669=VECTOR('',#13774,10.);
#3670=VECTOR('',#13775,10.);
#3671=VECTOR('',#13782,10.);
#3672=VECTOR('',#13785,10.);
#3673=VECTOR('',#13786,10.);
#3674=VECTOR('',#13787,10.);
#3675=VECTOR('',#13794,10.);
#3676=VECTOR('',#13797,10.);
#3677=VECTOR('',#13798,10.);
#3678=VECTOR('',#13799,10.);
#3679=VECTOR('',#13806,10.);
#3680=VECTOR('',#13809,10.);
#3681=VECTOR('',#13810,10.);
#3682=VECTOR('',#13811,10.);
#3683=VECTOR('',#13820,10.);
#3684=VECTOR('',#13821,10.);
#3685=VECTOR('',#13822,10.);
#3686=VECTOR('',#13823,10.);
#3687=VECTOR('',#13830,10.);
#3688=VECTOR('',#13833,10.);
#3689=VECTOR('',#13834,10.);
#3690=VECTOR('',#13835,10.);
#3691=VECTOR('',#13842,10.);
#3692=VECTOR('',#13845,10.);
#3693=VECTOR('',#13846,10.);
#3694=VECTOR('',#13847,10.);
#3695=VECTOR('',#13854,10.);
#3696=VECTOR('',#13857,10.);
#3697=VECTOR('',#13858,10.);
#3698=VECTOR('',#13859,10.);
#3699=VECTOR('',#13868,10.);
#3700=VECTOR('',#13869,10.);
#3701=VECTOR('',#13870,10.);
#3702=VECTOR('',#13871,10.);
#3703=VECTOR('',#13878,10.);
#3704=VECTOR('',#13881,10.);
#3705=VECTOR('',#13882,10.);
#3706=VECTOR('',#13883,10.);
#3707=VECTOR('',#13890,10.);
#3708=VECTOR('',#13893,10.);
#3709=VECTOR('',#13894,10.);
#3710=VECTOR('',#13895,10.);
#3711=VECTOR('',#13902,10.);
#3712=VECTOR('',#13905,10.);
#3713=VECTOR('',#13906,10.);
#3714=VECTOR('',#13907,10.);
#3715=VECTOR('',#13916,10.);
#3716=VECTOR('',#13917,10.);
#3717=VECTOR('',#13918,10.);
#3718=VECTOR('',#13919,10.);
#3719=VECTOR('',#13926,10.);
#3720=VECTOR('',#13929,10.);
#3721=VECTOR('',#13930,10.);
#3722=VECTOR('',#13931,10.);
#3723=VECTOR('',#13938,10.);
#3724=VECTOR('',#13941,10.);
#3725=VECTOR('',#13942,10.);
#3726=VECTOR('',#13943,10.);
#3727=VECTOR('',#13950,10.);
#3728=VECTOR('',#13953,10.);
#3729=VECTOR('',#13954,10.);
#3730=VECTOR('',#13955,10.);
#3731=VECTOR('',#13964,10.);
#3732=VECTOR('',#13965,10.);
#3733=VECTOR('',#13966,10.);
#3734=VECTOR('',#13967,10.);
#3735=VECTOR('',#13974,10.);
#3736=VECTOR('',#13977,10.);
#3737=VECTOR('',#13978,10.);
#3738=VECTOR('',#13979,10.);
#3739=VECTOR('',#13986,10.);
#3740=VECTOR('',#13989,10.);
#3741=VECTOR('',#13990,10.);
#3742=VECTOR('',#13991,10.);
#3743=VECTOR('',#13998,10.);
#3744=VECTOR('',#14001,10.);
#3745=VECTOR('',#14002,10.);
#3746=VECTOR('',#14003,10.);
#3747=VECTOR('',#14012,10.);
#3748=VECTOR('',#14013,10.);
#3749=VECTOR('',#14014,10.);
#3750=VECTOR('',#14015,10.);
#3751=VECTOR('',#14022,10.);
#3752=VECTOR('',#14025,10.);
#3753=VECTOR('',#14026,10.);
#3754=VECTOR('',#14027,10.);
#3755=VECTOR('',#14034,10.);
#3756=VECTOR('',#14037,10.);
#3757=VECTOR('',#14038,10.);
#3758=VECTOR('',#14039,10.);
#3759=VECTOR('',#14046,10.);
#3760=VECTOR('',#14049,10.);
#3761=VECTOR('',#14050,10.);
#3762=VECTOR('',#14051,10.);
#3763=VECTOR('',#14060,10.);
#3764=VECTOR('',#14061,10.);
#3765=VECTOR('',#14062,10.);
#3766=VECTOR('',#14063,10.);
#3767=VECTOR('',#14070,10.);
#3768=VECTOR('',#14073,10.);
#3769=VECTOR('',#14074,10.);
#3770=VECTOR('',#14075,10.);
#3771=VECTOR('',#14082,10.);
#3772=VECTOR('',#14085,10.);
#3773=VECTOR('',#14086,10.);
#3774=VECTOR('',#14087,10.);
#3775=VECTOR('',#14094,10.);
#3776=VECTOR('',#14097,10.);
#3777=VECTOR('',#14098,10.);
#3778=VECTOR('',#14099,10.);
#3779=VECTOR('',#14108,10.);
#3780=VECTOR('',#14109,10.);
#3781=VECTOR('',#14110,10.);
#3782=VECTOR('',#14111,10.);
#3783=VECTOR('',#14118,10.);
#3784=VECTOR('',#14121,10.);
#3785=VECTOR('',#14122,10.);
#3786=VECTOR('',#14123,10.);
#3787=VECTOR('',#14130,10.);
#3788=VECTOR('',#14133,10.);
#3789=VECTOR('',#14134,10.);
#3790=VECTOR('',#14135,10.);
#3791=VECTOR('',#14142,10.);
#3792=VECTOR('',#14145,10.);
#3793=VECTOR('',#14146,10.);
#3794=VECTOR('',#14147,10.);
#3795=VECTOR('',#14156,10.);
#3796=VECTOR('',#14157,10.);
#3797=VECTOR('',#14158,10.);
#3798=VECTOR('',#14159,10.);
#3799=VECTOR('',#14166,10.);
#3800=VECTOR('',#14169,10.);
#3801=VECTOR('',#14170,10.);
#3802=VECTOR('',#14171,10.);
#3803=VECTOR('',#14178,10.);
#3804=VECTOR('',#14181,10.);
#3805=VECTOR('',#14182,10.);
#3806=VECTOR('',#14183,10.);
#3807=VECTOR('',#14190,10.);
#3808=VECTOR('',#14193,10.);
#3809=VECTOR('',#14194,10.);
#3810=VECTOR('',#14195,10.);
#3811=VECTOR('',#14204,10.);
#3812=VECTOR('',#14205,10.);
#3813=VECTOR('',#14206,10.);
#3814=VECTOR('',#14207,10.);
#3815=VECTOR('',#14214,10.);
#3816=VECTOR('',#14217,10.);
#3817=VECTOR('',#14218,10.);
#3818=VECTOR('',#14219,10.);
#3819=VECTOR('',#14226,10.);
#3820=VECTOR('',#14229,10.);
#3821=VECTOR('',#14230,10.);
#3822=VECTOR('',#14231,10.);
#3823=VECTOR('',#14238,10.);
#3824=VECTOR('',#14241,10.);
#3825=VECTOR('',#14242,10.);
#3826=VECTOR('',#14243,10.);
#3827=VECTOR('',#14252,10.);
#3828=VECTOR('',#14253,10.);
#3829=VECTOR('',#14254,10.);
#3830=VECTOR('',#14255,10.);
#3831=VECTOR('',#14262,10.);
#3832=VECTOR('',#14265,10.);
#3833=VECTOR('',#14266,10.);
#3834=VECTOR('',#14267,10.);
#3835=VECTOR('',#14274,10.);
#3836=VECTOR('',#14277,10.);
#3837=VECTOR('',#14278,10.);
#3838=VECTOR('',#14279,10.);
#3839=VECTOR('',#14286,10.);
#3840=VECTOR('',#14289,10.);
#3841=VECTOR('',#14290,10.);
#3842=VECTOR('',#14291,10.);
#3843=VECTOR('',#14300,10.);
#3844=VECTOR('',#14301,10.);
#3845=VECTOR('',#14302,10.);
#3846=VECTOR('',#14303,10.);
#3847=VECTOR('',#14310,10.);
#3848=VECTOR('',#14313,10.);
#3849=VECTOR('',#14314,10.);
#3850=VECTOR('',#14315,10.);
#3851=VECTOR('',#14322,10.);
#3852=VECTOR('',#14325,10.);
#3853=VECTOR('',#14326,10.);
#3854=VECTOR('',#14327,10.);
#3855=VECTOR('',#14334,10.);
#3856=VECTOR('',#14337,10.);
#3857=VECTOR('',#14338,10.);
#3858=VECTOR('',#14339,10.);
#3859=VECTOR('',#14348,10.);
#3860=VECTOR('',#14349,10.);
#3861=VECTOR('',#14350,10.);
#3862=VECTOR('',#14351,10.);
#3863=VECTOR('',#14358,10.);
#3864=VECTOR('',#14361,10.);
#3865=VECTOR('',#14362,10.);
#3866=VECTOR('',#14363,10.);
#3867=VECTOR('',#14370,10.);
#3868=VECTOR('',#14373,10.);
#3869=VECTOR('',#14374,10.);
#3870=VECTOR('',#14375,10.);
#3871=VECTOR('',#14382,10.);
#3872=VECTOR('',#14385,10.);
#3873=VECTOR('',#14386,10.);
#3874=VECTOR('',#14387,10.);
#3875=VECTOR('',#14396,10.);
#3876=VECTOR('',#14397,10.);
#3877=VECTOR('',#14398,10.);
#3878=VECTOR('',#14399,10.);
#3879=VECTOR('',#14406,10.);
#3880=VECTOR('',#14409,10.);
#3881=VECTOR('',#14410,10.);
#3882=VECTOR('',#14411,10.);
#3883=VECTOR('',#14418,10.);
#3884=VECTOR('',#14421,10.);
#3885=VECTOR('',#14422,10.);
#3886=VECTOR('',#14423,10.);
#3887=VECTOR('',#14430,10.);
#3888=VECTOR('',#14433,10.);
#3889=VECTOR('',#14434,10.);
#3890=VECTOR('',#14435,10.);
#3891=VECTOR('',#14444,10.);
#3892=VECTOR('',#14445,10.);
#3893=VECTOR('',#14446,10.);
#3894=VECTOR('',#14447,10.);
#3895=VECTOR('',#14454,10.);
#3896=VECTOR('',#14457,10.);
#3897=VECTOR('',#14458,10.);
#3898=VECTOR('',#14459,10.);
#3899=VECTOR('',#14466,10.);
#3900=VECTOR('',#14469,10.);
#3901=VECTOR('',#14470,10.);
#3902=VECTOR('',#14471,10.);
#3903=VECTOR('',#14478,10.);
#3904=VECTOR('',#14481,10.);
#3905=VECTOR('',#14482,10.);
#3906=VECTOR('',#14483,10.);
#3907=VECTOR('',#14492,10.);
#3908=VECTOR('',#14493,10.);
#3909=VECTOR('',#14494,10.);
#3910=VECTOR('',#14495,10.);
#3911=VECTOR('',#14502,10.);
#3912=VECTOR('',#14505,10.);
#3913=VECTOR('',#14506,10.);
#3914=VECTOR('',#14507,10.);
#3915=VECTOR('',#14514,10.);
#3916=VECTOR('',#14517,10.);
#3917=VECTOR('',#14518,10.);
#3918=VECTOR('',#14519,10.);
#3919=VECTOR('',#14526,10.);
#3920=VECTOR('',#14529,10.);
#3921=VECTOR('',#14530,10.);
#3922=VECTOR('',#14531,10.);
#3923=VECTOR('',#14540,10.);
#3924=VECTOR('',#14541,10.);
#3925=VECTOR('',#14542,10.);
#3926=VECTOR('',#14543,10.);
#3927=VECTOR('',#14550,10.);
#3928=VECTOR('',#14553,10.);
#3929=VECTOR('',#14554,10.);
#3930=VECTOR('',#14555,10.);
#3931=VECTOR('',#14562,10.);
#3932=VECTOR('',#14565,10.);
#3933=VECTOR('',#14566,10.);
#3934=VECTOR('',#14567,10.);
#3935=VECTOR('',#14574,10.);
#3936=VECTOR('',#14577,10.);
#3937=VECTOR('',#14578,10.);
#3938=VECTOR('',#14579,10.);
#3939=VECTOR('',#14588,10.);
#3940=VECTOR('',#14589,10.);
#3941=VECTOR('',#14590,10.);
#3942=VECTOR('',#14591,10.);
#3943=VECTOR('',#14598,10.);
#3944=VECTOR('',#14601,10.);
#3945=VECTOR('',#14602,10.);
#3946=VECTOR('',#14603,10.);
#3947=VECTOR('',#14610,10.);
#3948=VECTOR('',#14613,10.);
#3949=VECTOR('',#14614,10.);
#3950=VECTOR('',#14615,10.);
#3951=VECTOR('',#14622,10.);
#3952=VECTOR('',#14625,10.);
#3953=VECTOR('',#14626,10.);
#3954=VECTOR('',#14627,10.);
#3955=VECTOR('',#14636,10.);
#3956=VECTOR('',#14637,10.);
#3957=VECTOR('',#14638,10.);
#3958=VECTOR('',#14639,10.);
#3959=VECTOR('',#14646,10.);
#3960=VECTOR('',#14649,10.);
#3961=VECTOR('',#14650,10.);
#3962=VECTOR('',#14651,10.);
#3963=VECTOR('',#14658,10.);
#3964=VECTOR('',#14661,10.);
#3965=VECTOR('',#14662,10.);
#3966=VECTOR('',#14663,10.);
#3967=VECTOR('',#14670,10.);
#3968=VECTOR('',#14673,10.);
#3969=VECTOR('',#14674,10.);
#3970=VECTOR('',#14675,10.);
#3971=VECTOR('',#14684,10.);
#3972=VECTOR('',#14685,10.);
#3973=VECTOR('',#14686,10.);
#3974=VECTOR('',#14687,10.);
#3975=VECTOR('',#14694,10.);
#3976=VECTOR('',#14697,10.);
#3977=VECTOR('',#14698,10.);
#3978=VECTOR('',#14699,10.);
#3979=VECTOR('',#14706,10.);
#3980=VECTOR('',#14709,10.);
#3981=VECTOR('',#14710,10.);
#3982=VECTOR('',#14711,10.);
#3983=VECTOR('',#14718,10.);
#3984=VECTOR('',#14721,10.);
#3985=VECTOR('',#14722,10.);
#3986=VECTOR('',#14723,10.);
#3987=VECTOR('',#14732,10.);
#3988=VECTOR('',#14733,10.);
#3989=VECTOR('',#14734,10.);
#3990=VECTOR('',#14735,10.);
#3991=VECTOR('',#14742,10.);
#3992=VECTOR('',#14745,10.);
#3993=VECTOR('',#14746,10.);
#3994=VECTOR('',#14747,10.);
#3995=VECTOR('',#14754,10.);
#3996=VECTOR('',#14757,10.);
#3997=VECTOR('',#14758,10.);
#3998=VECTOR('',#14759,10.);
#3999=VECTOR('',#14766,10.);
#4000=VECTOR('',#14769,10.);
#4001=VECTOR('',#14770,10.);
#4002=VECTOR('',#14771,10.);
#4003=VECTOR('',#14780,10.);
#4004=VECTOR('',#14781,10.);
#4005=VECTOR('',#14782,10.);
#4006=VECTOR('',#14783,10.);
#4007=VECTOR('',#14790,10.);
#4008=VECTOR('',#14793,10.);
#4009=VECTOR('',#14794,10.);
#4010=VECTOR('',#14795,10.);
#4011=VECTOR('',#14802,10.);
#4012=VECTOR('',#14805,10.);
#4013=VECTOR('',#14806,10.);
#4014=VECTOR('',#14807,10.);
#4015=VECTOR('',#14814,10.);
#4016=VECTOR('',#14817,10.);
#4017=VECTOR('',#14818,10.);
#4018=VECTOR('',#14819,10.);
#4019=VECTOR('',#14828,10.);
#4020=VECTOR('',#14829,10.);
#4021=VECTOR('',#14830,10.);
#4022=VECTOR('',#14831,10.);
#4023=VECTOR('',#14838,10.);
#4024=VECTOR('',#14841,10.);
#4025=VECTOR('',#14842,10.);
#4026=VECTOR('',#14843,10.);
#4027=VECTOR('',#14850,10.);
#4028=VECTOR('',#14853,10.);
#4029=VECTOR('',#14854,10.);
#4030=VECTOR('',#14855,10.);
#4031=VECTOR('',#14862,10.);
#4032=VECTOR('',#14865,10.);
#4033=VECTOR('',#14866,10.);
#4034=VECTOR('',#14867,10.);
#4035=VECTOR('',#14876,10.);
#4036=VECTOR('',#14877,10.);
#4037=VECTOR('',#14878,10.);
#4038=VECTOR('',#14879,10.);
#4039=VECTOR('',#14886,10.);
#4040=VECTOR('',#14889,10.);
#4041=VECTOR('',#14890,10.);
#4042=VECTOR('',#14891,10.);
#4043=VECTOR('',#14898,10.);
#4044=VECTOR('',#14901,10.);
#4045=VECTOR('',#14902,10.);
#4046=VECTOR('',#14903,10.);
#4047=VECTOR('',#14910,10.);
#4048=VECTOR('',#14913,10.);
#4049=VECTOR('',#14914,10.);
#4050=VECTOR('',#14915,10.);
#4051=VECTOR('',#14924,10.);
#4052=VECTOR('',#14925,10.);
#4053=VECTOR('',#14926,10.);
#4054=VECTOR('',#14927,10.);
#4055=VECTOR('',#14934,10.);
#4056=VECTOR('',#14937,10.);
#4057=VECTOR('',#14938,10.);
#4058=VECTOR('',#14939,10.);
#4059=VECTOR('',#14946,10.);
#4060=VECTOR('',#14949,10.);
#4061=VECTOR('',#14950,10.);
#4062=VECTOR('',#14951,10.);
#4063=VECTOR('',#14958,10.);
#4064=VECTOR('',#14961,10.);
#4065=VECTOR('',#14962,10.);
#4066=VECTOR('',#14963,10.);
#4067=VECTOR('',#14972,10.);
#4068=VECTOR('',#14973,10.);
#4069=VECTOR('',#14974,10.);
#4070=VECTOR('',#14975,10.);
#4071=VECTOR('',#14982,10.);
#4072=VECTOR('',#14985,10.);
#4073=VECTOR('',#14986,10.);
#4074=VECTOR('',#14987,10.);
#4075=VECTOR('',#14994,10.);
#4076=VECTOR('',#14997,10.);
#4077=VECTOR('',#14998,10.);
#4078=VECTOR('',#14999,10.);
#4079=VECTOR('',#15006,10.);
#4080=VECTOR('',#15009,10.);
#4081=VECTOR('',#15010,10.);
#4082=VECTOR('',#15011,10.);
#4083=VECTOR('',#15020,10.);
#4084=VECTOR('',#15021,10.);
#4085=VECTOR('',#15022,10.);
#4086=VECTOR('',#15023,10.);
#4087=VECTOR('',#15026,10.);
#4088=VECTOR('',#15027,10.);
#4089=VECTOR('',#15028,10.);
#4090=VECTOR('',#15031,10.);
#4091=VECTOR('',#15032,10.);
#4092=VECTOR('',#15033,10.);
#4093=VECTOR('',#15036,10.);
#4094=VECTOR('',#15037,10.);
#4095=VECTOR('',#15038,10.);
#4096=VECTOR('',#15041,10.);
#4097=VECTOR('',#15042,10.);
#4098=VECTOR('',#15043,10.);
#4099=VECTOR('',#15046,10.);
#4100=VECTOR('',#15047,10.);
#4101=VECTOR('',#15048,10.);
#4102=VECTOR('',#15051,10.);
#4103=VECTOR('',#15052,10.);
#4104=VECTOR('',#15053,10.);
#4105=VECTOR('',#15056,10.);
#4106=VECTOR('',#15057,10.);
#4107=VECTOR('',#15064,10.);
#4108=VECTOR('',#15065,10.);
#4109=VECTOR('',#15066,10.);
#4110=VECTOR('',#15067,10.);
#4111=VECTOR('',#15074,10.);
#4112=VECTOR('',#15077,10.);
#4113=VECTOR('',#15078,10.);
#4114=VECTOR('',#15079,10.);
#4115=VECTOR('',#15086,10.);
#4116=VECTOR('',#15089,10.);
#4117=VECTOR('',#15090,10.);
#4118=VECTOR('',#15091,10.);
#4119=VECTOR('',#15098,10.);
#4120=VECTOR('',#15101,10.);
#4121=VECTOR('',#15102,10.);
#4122=VECTOR('',#15103,10.);
#4123=VECTOR('',#15112,10.);
#4124=VECTOR('',#15113,10.);
#4125=VECTOR('',#15114,10.);
#4126=VECTOR('',#15115,10.);
#4127=VECTOR('',#15122,10.);
#4128=VECTOR('',#15125,10.);
#4129=VECTOR('',#15126,10.);
#4130=VECTOR('',#15127,10.);
#4131=VECTOR('',#15134,10.);
#4132=VECTOR('',#15137,10.);
#4133=VECTOR('',#15138,10.);
#4134=VECTOR('',#15139,10.);
#4135=VECTOR('',#15146,10.);
#4136=VECTOR('',#15149,10.);
#4137=VECTOR('',#15150,10.);
#4138=VECTOR('',#15151,10.);
#4139=VECTOR('',#15160,10.);
#4140=VECTOR('',#15161,10.);
#4141=VECTOR('',#15162,10.);
#4142=VECTOR('',#15163,10.);
#4143=VECTOR('',#15170,10.);
#4144=VECTOR('',#15173,10.);
#4145=VECTOR('',#15174,10.);
#4146=VECTOR('',#15175,10.);
#4147=VECTOR('',#15182,10.);
#4148=VECTOR('',#15185,10.);
#4149=VECTOR('',#15186,10.);
#4150=VECTOR('',#15187,10.);
#4151=VECTOR('',#15194,10.);
#4152=VECTOR('',#15197,10.);
#4153=VECTOR('',#15198,10.);
#4154=VECTOR('',#15199,10.);
#4155=VECTOR('',#15208,10.);
#4156=VECTOR('',#15209,10.);
#4157=VECTOR('',#15210,10.);
#4158=VECTOR('',#15211,10.);
#4159=VECTOR('',#15218,10.);
#4160=VECTOR('',#15221,10.);
#4161=VECTOR('',#15222,10.);
#4162=VECTOR('',#15223,10.);
#4163=VECTOR('',#15230,10.);
#4164=VECTOR('',#15233,10.);
#4165=VECTOR('',#15234,10.);
#4166=VECTOR('',#15235,10.);
#4167=VECTOR('',#15242,10.);
#4168=VECTOR('',#15245,10.);
#4169=VECTOR('',#15246,10.);
#4170=VECTOR('',#15247,10.);
#4171=VECTOR('',#15256,10.);
#4172=VECTOR('',#15257,10.);
#4173=VECTOR('',#15258,10.);
#4174=VECTOR('',#15259,10.);
#4175=VECTOR('',#15266,10.);
#4176=VECTOR('',#15269,10.);
#4177=VECTOR('',#15270,10.);
#4178=VECTOR('',#15271,10.);
#4179=VECTOR('',#15278,10.);
#4180=VECTOR('',#15281,10.);
#4181=VECTOR('',#15282,10.);
#4182=VECTOR('',#15283,10.);
#4183=VECTOR('',#15290,10.);
#4184=VECTOR('',#15293,10.);
#4185=VECTOR('',#15294,10.);
#4186=VECTOR('',#15295,10.);
#4187=VECTOR('',#15304,10.);
#4188=VECTOR('',#15305,10.);
#4189=VECTOR('',#15306,10.);
#4190=VECTOR('',#15307,10.);
#4191=VECTOR('',#15314,10.);
#4192=VECTOR('',#15317,10.);
#4193=VECTOR('',#15318,10.);
#4194=VECTOR('',#15319,10.);
#4195=VECTOR('',#15326,10.);
#4196=VECTOR('',#15329,10.);
#4197=VECTOR('',#15330,10.);
#4198=VECTOR('',#15331,10.);
#4199=VECTOR('',#15338,10.);
#4200=VECTOR('',#15341,10.);
#4201=VECTOR('',#15342,10.);
#4202=VECTOR('',#15343,10.);
#4203=VECTOR('',#15352,10.);
#4204=VECTOR('',#15353,10.);
#4205=VECTOR('',#15354,10.);
#4206=VECTOR('',#15355,10.);
#4207=VECTOR('',#15362,10.);
#4208=VECTOR('',#15365,10.);
#4209=VECTOR('',#15366,10.);
#4210=VECTOR('',#15367,10.);
#4211=VECTOR('',#15374,10.);
#4212=VECTOR('',#15377,10.);
#4213=VECTOR('',#15378,10.);
#4214=VECTOR('',#15379,10.);
#4215=VECTOR('',#15386,10.);
#4216=VECTOR('',#15389,10.);
#4217=VECTOR('',#15390,10.);
#4218=VECTOR('',#15391,10.);
#4219=VECTOR('',#15400,10.);
#4220=VECTOR('',#15401,10.);
#4221=VECTOR('',#15402,10.);
#4222=VECTOR('',#15403,10.);
#4223=VECTOR('',#15410,10.);
#4224=VECTOR('',#15413,10.);
#4225=VECTOR('',#15414,10.);
#4226=VECTOR('',#15415,10.);
#4227=VECTOR('',#15422,10.);
#4228=VECTOR('',#15425,10.);
#4229=VECTOR('',#15426,10.);
#4230=VECTOR('',#15427,10.);
#4231=VECTOR('',#15434,10.);
#4232=VECTOR('',#15437,10.);
#4233=VECTOR('',#15438,10.);
#4234=VECTOR('',#15439,10.);
#4235=VECTOR('',#15448,10.);
#4236=VECTOR('',#15449,10.);
#4237=VECTOR('',#15450,10.);
#4238=VECTOR('',#15451,10.);
#4239=VECTOR('',#15458,10.);
#4240=VECTOR('',#15461,10.);
#4241=VECTOR('',#15462,10.);
#4242=VECTOR('',#15463,10.);
#4243=VECTOR('',#15470,10.);
#4244=VECTOR('',#15473,10.);
#4245=VECTOR('',#15474,10.);
#4246=VECTOR('',#15475,10.);
#4247=VECTOR('',#15482,10.);
#4248=VECTOR('',#15485,10.);
#4249=VECTOR('',#15486,10.);
#4250=VECTOR('',#15487,10.);
#4251=VECTOR('',#15496,10.);
#4252=VECTOR('',#15497,10.);
#4253=VECTOR('',#15498,10.);
#4254=VECTOR('',#15499,10.);
#4255=VECTOR('',#15506,10.);
#4256=VECTOR('',#15509,10.);
#4257=VECTOR('',#15510,10.);
#4258=VECTOR('',#15511,10.);
#4259=VECTOR('',#15518,10.);
#4260=VECTOR('',#15521,10.);
#4261=VECTOR('',#15522,10.);
#4262=VECTOR('',#15523,10.);
#4263=VECTOR('',#15530,10.);
#4264=VECTOR('',#15533,10.);
#4265=VECTOR('',#15534,10.);
#4266=VECTOR('',#15535,10.);
#4267=VECTOR('',#15544,10.);
#4268=VECTOR('',#15545,10.);
#4269=VECTOR('',#15546,10.);
#4270=VECTOR('',#15547,10.);
#4271=VECTOR('',#15554,10.);
#4272=VECTOR('',#15557,10.);
#4273=VECTOR('',#15558,10.);
#4274=VECTOR('',#15559,10.);
#4275=VECTOR('',#15566,10.);
#4276=VECTOR('',#15569,10.);
#4277=VECTOR('',#15570,10.);
#4278=VECTOR('',#15571,10.);
#4279=VECTOR('',#15578,10.);
#4280=VECTOR('',#15581,10.);
#4281=VECTOR('',#15582,10.);
#4282=VECTOR('',#15583,10.);
#4283=VECTOR('',#15592,10.);
#4284=VECTOR('',#15593,10.);
#4285=VECTOR('',#15594,10.);
#4286=VECTOR('',#15595,10.);
#4287=VECTOR('',#15602,10.);
#4288=VECTOR('',#15605,10.);
#4289=VECTOR('',#15606,10.);
#4290=VECTOR('',#15607,10.);
#4291=VECTOR('',#15614,10.);
#4292=VECTOR('',#15617,10.);
#4293=VECTOR('',#15618,10.);
#4294=VECTOR('',#15619,10.);
#4295=VECTOR('',#15626,10.);
#4296=VECTOR('',#15629,10.);
#4297=VECTOR('',#15630,10.);
#4298=VECTOR('',#15631,10.);
#4299=VECTOR('',#15640,10.);
#4300=VECTOR('',#15641,10.);
#4301=VECTOR('',#15642,10.);
#4302=VECTOR('',#15643,10.);
#4303=VECTOR('',#15650,10.);
#4304=VECTOR('',#15653,10.);
#4305=VECTOR('',#15654,10.);
#4306=VECTOR('',#15655,10.);
#4307=VECTOR('',#15662,10.);
#4308=VECTOR('',#15665,10.);
#4309=VECTOR('',#15666,10.);
#4310=VECTOR('',#15667,10.);
#4311=VECTOR('',#15674,10.);
#4312=VECTOR('',#15677,10.);
#4313=VECTOR('',#15678,10.);
#4314=VECTOR('',#15679,10.);
#4315=VECTOR('',#15688,10.);
#4316=VECTOR('',#15689,10.);
#4317=VECTOR('',#15690,10.);
#4318=VECTOR('',#15691,10.);
#4319=VECTOR('',#15698,10.);
#4320=VECTOR('',#15701,10.);
#4321=VECTOR('',#15702,10.);
#4322=VECTOR('',#15703,10.);
#4323=VECTOR('',#15710,10.);
#4324=VECTOR('',#15713,10.);
#4325=VECTOR('',#15714,10.);
#4326=VECTOR('',#15715,10.);
#4327=VECTOR('',#15722,10.);
#4328=VECTOR('',#15725,10.);
#4329=VECTOR('',#15726,10.);
#4330=VECTOR('',#15727,10.);
#4331=VECTOR('',#15736,10.);
#4332=VECTOR('',#15737,10.);
#4333=VECTOR('',#15738,10.);
#4334=VECTOR('',#15739,10.);
#4335=VECTOR('',#15746,10.);
#4336=VECTOR('',#15749,10.);
#4337=VECTOR('',#15750,10.);
#4338=VECTOR('',#15751,10.);
#4339=VECTOR('',#15758,10.);
#4340=VECTOR('',#15761,10.);
#4341=VECTOR('',#15762,10.);
#4342=VECTOR('',#15763,10.);
#4343=VECTOR('',#15770,10.);
#4344=VECTOR('',#15773,10.);
#4345=VECTOR('',#15774,10.);
#4346=VECTOR('',#15775,10.);
#4347=VECTOR('',#15784,10.);
#4348=VECTOR('',#15785,10.);
#4349=VECTOR('',#15786,10.);
#4350=VECTOR('',#15787,10.);
#4351=VECTOR('',#15794,10.);
#4352=VECTOR('',#15797,10.);
#4353=VECTOR('',#15798,10.);
#4354=VECTOR('',#15799,10.);
#4355=VECTOR('',#15806,10.);
#4356=VECTOR('',#15809,10.);
#4357=VECTOR('',#15810,10.);
#4358=VECTOR('',#15811,10.);
#4359=VECTOR('',#15818,10.);
#4360=VECTOR('',#15821,10.);
#4361=VECTOR('',#15822,10.);
#4362=VECTOR('',#15823,10.);
#4363=VECTOR('',#15832,10.);
#4364=VECTOR('',#15833,10.);
#4365=VECTOR('',#15834,10.);
#4366=VECTOR('',#15835,10.);
#4367=VECTOR('',#15842,10.);
#4368=VECTOR('',#15845,10.);
#4369=VECTOR('',#15846,10.);
#4370=VECTOR('',#15847,10.);
#4371=VECTOR('',#15854,10.);
#4372=VECTOR('',#15857,10.);
#4373=VECTOR('',#15858,10.);
#4374=VECTOR('',#15859,10.);
#4375=VECTOR('',#15866,10.);
#4376=VECTOR('',#15869,10.);
#4377=VECTOR('',#15870,10.);
#4378=VECTOR('',#15871,10.);
#4379=VECTOR('',#15880,10.);
#4380=VECTOR('',#15881,10.);
#4381=VECTOR('',#15882,10.);
#4382=VECTOR('',#15883,10.);
#4383=VECTOR('',#15890,10.);
#4384=VECTOR('',#15893,10.);
#4385=VECTOR('',#15894,10.);
#4386=VECTOR('',#15895,10.);
#4387=VECTOR('',#15902,10.);
#4388=VECTOR('',#15905,10.);
#4389=VECTOR('',#15906,10.);
#4390=VECTOR('',#15907,10.);
#4391=VECTOR('',#15914,10.);
#4392=VECTOR('',#15917,10.);
#4393=VECTOR('',#15918,10.);
#4394=VECTOR('',#15919,10.);
#4395=VECTOR('',#15928,10.);
#4396=VECTOR('',#15929,10.);
#4397=VECTOR('',#15930,10.);
#4398=VECTOR('',#15931,10.);
#4399=VECTOR('',#15938,10.);
#4400=VECTOR('',#15941,10.);
#4401=VECTOR('',#15942,10.);
#4402=VECTOR('',#15943,10.);
#4403=VECTOR('',#15950,10.);
#4404=VECTOR('',#15953,10.);
#4405=VECTOR('',#15954,10.);
#4406=VECTOR('',#15955,10.);
#4407=VECTOR('',#15962,10.);
#4408=VECTOR('',#15965,10.);
#4409=VECTOR('',#15966,10.);
#4410=VECTOR('',#15967,10.);
#4411=VECTOR('',#15976,10.);
#4412=VECTOR('',#15977,10.);
#4413=VECTOR('',#15978,10.);
#4414=VECTOR('',#15979,10.);
#4415=VECTOR('',#15986,10.);
#4416=VECTOR('',#15989,10.);
#4417=VECTOR('',#15990,10.);
#4418=VECTOR('',#15991,10.);
#4419=VECTOR('',#15998,10.);
#4420=VECTOR('',#16001,10.);
#4421=VECTOR('',#16002,10.);
#4422=VECTOR('',#16003,10.);
#4423=VECTOR('',#16010,10.);
#4424=VECTOR('',#16013,10.);
#4425=VECTOR('',#16014,10.);
#4426=VECTOR('',#16015,10.);
#4427=VECTOR('',#16024,10.);
#4428=VECTOR('',#16025,10.);
#4429=VECTOR('',#16026,10.);
#4430=VECTOR('',#16027,10.);
#4431=VECTOR('',#16034,10.);
#4432=VECTOR('',#16037,10.);
#4433=VECTOR('',#16038,10.);
#4434=VECTOR('',#16039,10.);
#4435=VECTOR('',#16046,10.);
#4436=VECTOR('',#16049,10.);
#4437=VECTOR('',#16050,10.);
#4438=VECTOR('',#16051,10.);
#4439=VECTOR('',#16058,10.);
#4440=VECTOR('',#16061,10.);
#4441=VECTOR('',#16062,10.);
#4442=VECTOR('',#16063,10.);
#4443=VECTOR('',#16072,10.);
#4444=VECTOR('',#16073,10.);
#4445=VECTOR('',#16074,10.);
#4446=VECTOR('',#16075,10.);
#4447=VECTOR('',#16082,10.);
#4448=VECTOR('',#16085,10.);
#4449=VECTOR('',#16086,10.);
#4450=VECTOR('',#16087,10.);
#4451=VECTOR('',#16094,10.);
#4452=VECTOR('',#16097,10.);
#4453=VECTOR('',#16098,10.);
#4454=VECTOR('',#16099,10.);
#4455=VECTOR('',#16106,10.);
#4456=VECTOR('',#16109,10.);
#4457=VECTOR('',#16110,10.);
#4458=VECTOR('',#16111,10.);
#4459=VECTOR('',#16120,10.);
#4460=VECTOR('',#16121,10.);
#4461=VECTOR('',#16122,10.);
#4462=VECTOR('',#16123,10.);
#4463=VECTOR('',#16130,10.);
#4464=VECTOR('',#16133,10.);
#4465=VECTOR('',#16134,10.);
#4466=VECTOR('',#16135,10.);
#4467=VECTOR('',#16142,10.);
#4468=VECTOR('',#16145,10.);
#4469=VECTOR('',#16146,10.);
#4470=VECTOR('',#16147,10.);
#4471=VECTOR('',#16154,10.);
#4472=VECTOR('',#16157,10.);
#4473=VECTOR('',#16158,10.);
#4474=VECTOR('',#16159,10.);
#4475=VECTOR('',#16168,10.);
#4476=VECTOR('',#16169,10.);
#4477=VECTOR('',#16170,10.);
#4478=VECTOR('',#16171,10.);
#4479=VECTOR('',#16178,10.);
#4480=VECTOR('',#16181,10.);
#4481=VECTOR('',#16182,10.);
#4482=VECTOR('',#16183,10.);
#4483=VECTOR('',#16190,10.);
#4484=VECTOR('',#16193,10.);
#4485=VECTOR('',#16194,10.);
#4486=VECTOR('',#16195,10.);
#4487=VECTOR('',#16202,10.);
#4488=VECTOR('',#16205,10.);
#4489=VECTOR('',#16206,10.);
#4490=VECTOR('',#16207,10.);
#4491=VECTOR('',#16216,10.);
#4492=VECTOR('',#16217,10.);
#4493=VECTOR('',#16218,10.);
#4494=VECTOR('',#16219,10.);
#4495=VECTOR('',#16226,10.);
#4496=VECTOR('',#16229,10.);
#4497=VECTOR('',#16230,10.);
#4498=VECTOR('',#16231,10.);
#4499=VECTOR('',#16238,10.);
#4500=VECTOR('',#16241,10.);
#4501=VECTOR('',#16242,10.);
#4502=VECTOR('',#16243,10.);
#4503=VECTOR('',#16250,10.);
#4504=VECTOR('',#16253,10.);
#4505=VECTOR('',#16254,10.);
#4506=VECTOR('',#16255,10.);
#4507=VECTOR('',#16264,10.);
#4508=VECTOR('',#16265,10.);
#4509=VECTOR('',#16266,10.);
#4510=VECTOR('',#16267,10.);
#4511=VECTOR('',#16274,10.);
#4512=VECTOR('',#16277,10.);
#4513=VECTOR('',#16278,10.);
#4514=VECTOR('',#16279,10.);
#4515=VECTOR('',#16286,10.);
#4516=VECTOR('',#16289,10.);
#4517=VECTOR('',#16290,10.);
#4518=VECTOR('',#16291,10.);
#4519=VECTOR('',#16298,10.);
#4520=VECTOR('',#16301,10.);
#4521=VECTOR('',#16302,10.);
#4522=VECTOR('',#16303,10.);
#4523=VECTOR('',#16312,10.);
#4524=VECTOR('',#16313,10.);
#4525=VECTOR('',#16314,10.);
#4526=VECTOR('',#16315,10.);
#4527=VECTOR('',#16322,10.);
#4528=VECTOR('',#16325,10.);
#4529=VECTOR('',#16326,10.);
#4530=VECTOR('',#16327,10.);
#4531=VECTOR('',#16334,10.);
#4532=VECTOR('',#16337,10.);
#4533=VECTOR('',#16338,10.);
#4534=VECTOR('',#16339,10.);
#4535=VECTOR('',#16346,10.);
#4536=VECTOR('',#16349,10.);
#4537=VECTOR('',#16350,10.);
#4538=VECTOR('',#16351,10.);
#4539=VECTOR('',#16360,10.);
#4540=VECTOR('',#16361,10.);
#4541=VECTOR('',#16362,10.);
#4542=VECTOR('',#16363,10.);
#4543=VECTOR('',#16370,10.);
#4544=VECTOR('',#16373,10.);
#4545=VECTOR('',#16374,10.);
#4546=VECTOR('',#16375,10.);
#4547=VECTOR('',#16382,10.);
#4548=VECTOR('',#16385,10.);
#4549=VECTOR('',#16386,10.);
#4550=VECTOR('',#16387,10.);
#4551=VECTOR('',#16394,10.);
#4552=VECTOR('',#16397,10.);
#4553=VECTOR('',#16398,10.);
#4554=VECTOR('',#16399,10.);
#4555=VECTOR('',#16408,10.);
#4556=VECTOR('',#16409,10.);
#4557=VECTOR('',#16410,10.);
#4558=VECTOR('',#16411,10.);
#4559=VECTOR('',#16418,10.);
#4560=VECTOR('',#16421,10.);
#4561=VECTOR('',#16422,10.);
#4562=VECTOR('',#16423,10.);
#4563=VECTOR('',#16430,10.);
#4564=VECTOR('',#16433,10.);
#4565=VECTOR('',#16434,10.);
#4566=VECTOR('',#16435,10.);
#4567=VECTOR('',#16442,10.);
#4568=VECTOR('',#16445,10.);
#4569=VECTOR('',#16446,10.);
#4570=VECTOR('',#16447,10.);
#4571=VECTOR('',#16456,10.);
#4572=VECTOR('',#16457,10.);
#4573=VECTOR('',#16458,10.);
#4574=VECTOR('',#16459,10.);
#4575=VECTOR('',#16466,10.);
#4576=VECTOR('',#16469,10.);
#4577=VECTOR('',#16470,10.);
#4578=VECTOR('',#16471,10.);
#4579=VECTOR('',#16478,10.);
#4580=VECTOR('',#16481,10.);
#4581=VECTOR('',#16482,10.);
#4582=VECTOR('',#16483,10.);
#4583=VECTOR('',#16490,10.);
#4584=VECTOR('',#16493,10.);
#4585=VECTOR('',#16494,10.);
#4586=VECTOR('',#16495,10.);
#4587=VECTOR('',#16504,10.);
#4588=VECTOR('',#16505,10.);
#4589=VECTOR('',#16506,10.);
#4590=VECTOR('',#16507,10.);
#4591=VECTOR('',#16514,10.);
#4592=VECTOR('',#16517,10.);
#4593=VECTOR('',#16518,10.);
#4594=VECTOR('',#16519,10.);
#4595=VECTOR('',#16526,10.);
#4596=VECTOR('',#16529,10.);
#4597=VECTOR('',#16530,10.);
#4598=VECTOR('',#16531,10.);
#4599=VECTOR('',#16538,10.);
#4600=VECTOR('',#16541,10.);
#4601=VECTOR('',#16542,10.);
#4602=VECTOR('',#16543,10.);
#4603=VECTOR('',#16552,10.);
#4604=VECTOR('',#16553,10.);
#4605=VECTOR('',#16554,10.);
#4606=VECTOR('',#16555,10.);
#4607=VECTOR('',#16562,10.);
#4608=VECTOR('',#16565,10.);
#4609=VECTOR('',#16566,10.);
#4610=VECTOR('',#16567,10.);
#4611=VECTOR('',#16574,10.);
#4612=VECTOR('',#16577,10.);
#4613=VECTOR('',#16578,10.);
#4614=VECTOR('',#16579,10.);
#4615=VECTOR('',#16586,10.);
#4616=VECTOR('',#16589,10.);
#4617=VECTOR('',#16590,10.);
#4618=VECTOR('',#16591,10.);
#4619=VECTOR('',#16600,10.);
#4620=VECTOR('',#16601,10.);
#4621=VECTOR('',#16602,10.);
#4622=VECTOR('',#16603,10.);
#4623=VECTOR('',#16610,10.);
#4624=VECTOR('',#16613,10.);
#4625=VECTOR('',#16614,10.);
#4626=VECTOR('',#16615,10.);
#4627=VECTOR('',#16622,10.);
#4628=VECTOR('',#16625,10.);
#4629=VECTOR('',#16626,10.);
#4630=VECTOR('',#16627,10.);
#4631=VECTOR('',#16634,10.);
#4632=VECTOR('',#16637,10.);
#4633=VECTOR('',#16638,10.);
#4634=VECTOR('',#16639,10.);
#4635=VECTOR('',#16648,10.);
#4636=VECTOR('',#16649,10.);
#4637=VECTOR('',#16650,10.);
#4638=VECTOR('',#16651,10.);
#4639=VECTOR('',#16658,10.);
#4640=VECTOR('',#16661,10.);
#4641=VECTOR('',#16662,10.);
#4642=VECTOR('',#16663,10.);
#4643=VECTOR('',#16670,10.);
#4644=VECTOR('',#16673,10.);
#4645=VECTOR('',#16674,10.);
#4646=VECTOR('',#16675,10.);
#4647=VECTOR('',#16682,10.);
#4648=VECTOR('',#16685,10.);
#4649=VECTOR('',#16686,10.);
#4650=VECTOR('',#16687,10.);
#4651=VECTOR('',#16696,10.);
#4652=VECTOR('',#16697,10.);
#4653=VECTOR('',#16698,10.);
#4654=VECTOR('',#16699,10.);
#4655=VECTOR('',#16706,10.);
#4656=VECTOR('',#16709,10.);
#4657=VECTOR('',#16710,10.);
#4658=VECTOR('',#16711,10.);
#4659=VECTOR('',#16718,10.);
#4660=VECTOR('',#16721,10.);
#4661=VECTOR('',#16722,10.);
#4662=VECTOR('',#16723,10.);
#4663=VECTOR('',#16730,10.);
#4664=VECTOR('',#16733,10.);
#4665=VECTOR('',#16734,10.);
#4666=VECTOR('',#16735,10.);
#4667=VECTOR('',#16744,10.);
#4668=VECTOR('',#16745,10.);
#4669=VECTOR('',#16746,10.);
#4670=VECTOR('',#16747,10.);
#4671=VECTOR('',#16750,10.);
#4672=VECTOR('',#16751,10.);
#4673=VECTOR('',#16752,10.);
#4674=VECTOR('',#16755,10.);
#4675=VECTOR('',#16756,10.);
#4676=VECTOR('',#16757,10.);
#4677=VECTOR('',#16760,10.);
#4678=VECTOR('',#16761,10.);
#4679=VECTOR('',#16762,10.);
#4680=VECTOR('',#16765,10.);
#4681=VECTOR('',#16766,10.);
#4682=VECTOR('',#16767,10.);
#4683=VECTOR('',#16770,10.);
#4684=VECTOR('',#16771,10.);
#4685=VECTOR('',#16778,10.);
#4686=VECTOR('',#16779,10.);
#4687=VECTOR('',#16780,10.);
#4688=VECTOR('',#16781,10.);
#4689=VECTOR('',#16782,10.);
#4690=VECTOR('',#16783,10.);
#4691=VECTOR('',#16786,10.);
#4692=VECTOR('',#16787,10.);
#4693=VECTOR('',#16788,10.);
#4694=VECTOR('',#16789,10.);
#4695=VECTOR('',#16790,10.);
#4696=VECTOR('',#16791,10.);
#4697=VECTOR('',#16794,10.);
#4698=VECTOR('',#16797,10.);
#4699=VECTOR('',#16802,10.);
#4700=VECTOR('',#16803,10.);
#4701=VECTOR('',#16804,10.);
#4702=VECTOR('',#16805,10.);
#4703=VECTOR('',#16806,10.);
#4704=VECTOR('',#16809,10.);
#4705=VECTOR('',#16810,10.);
#4706=VECTOR('',#16811,10.);
#4707=VECTOR('',#16814,10.);
#4708=VECTOR('',#16815,10.);
#4709=VECTOR('',#16816,10.);
#4710=VECTOR('',#16819,10.);
#4711=VECTOR('',#16822,10.);
#4712=VECTOR('',#16823,10.);
#4713=VECTOR('',#16826,10.);
#4714=VECTOR('',#16827,10.);
#4715=VECTOR('',#16828,10.);
#4716=VECTOR('',#16831,10.);
#4717=VECTOR('',#16834,10.);
#4718=VECTOR('',#16835,10.);
#4719=VECTOR('',#16836,10.);
#4720=VECTOR('',#16837,10.);
#4721=VECTOR('',#16838,10.);
#4722=VECTOR('',#16839,10.);
#4723=VECTOR('',#16840,10.);
#4724=VECTOR('',#16841,10.);
#4725=VECTOR('',#16844,10.);
#4726=VECTOR('',#16849,10.);
#4727=VECTOR('',#16850,10.);
#4728=VECTOR('',#16851,10.);
#4729=VECTOR('',#16854,10.);
#4730=VECTOR('',#16855,10.);
#4731=VECTOR('',#16858,10.);
#4732=VECTOR('',#16859,10.);
#4733=VECTOR('',#16862,10.);
#4734=VECTOR('',#16863,10.);
#4735=VECTOR('',#16866,10.);
#4736=VECTOR('',#16867,10.);
#4737=VECTOR('',#16870,10.);
#4738=VECTOR('',#16873,10.);
#4739=VECTOR('',#16874,10.);
#4740=VECTOR('',#16877,10.);
#4741=VECTOR('',#16878,10.);
#4742=VECTOR('',#16881,10.);
#4743=VECTOR('',#16886,10.);
#4744=VECTOR('',#16887,10.);
#4745=VECTOR('',#16888,10.);
#4746=VECTOR('',#16889,10.);
#4747=VECTOR('',#16890,10.);
#4748=VECTOR('',#16891,10.);
#4749=VECTOR('',#16892,10.);
#4750=VECTOR('',#16893,10.);
#4751=VECTOR('',#16896,10.);
#4752=VECTOR('',#16897,10.);
#4753=VECTOR('',#16898,10.);
#4754=VECTOR('',#16899,10.);
#4755=VECTOR('',#16900,10.);
#4756=VECTOR('',#16901,10.);
#4757=VECTOR('',#16902,10.);
#4758=VECTOR('',#16903,10.);
#4759=VECTOR('',#16906,10.);
#4760=VECTOR('',#16909,10.);
#4761=VECTOR('',#16914,10.);
#4762=VECTOR('',#16915,10.);
#4763=VECTOR('',#16916,10.);
#4764=VECTOR('',#16917,10.);
#4765=VECTOR('',#16918,10.);
#4766=VECTOR('',#16921,10.);
#4767=VECTOR('',#16922,10.);
#4768=VECTOR('',#16925,10.);
#4769=VECTOR('',#16926,10.);
#4770=VECTOR('',#16929,10.);
#4771=VECTOR('',#16930,10.);
#4772=VECTOR('',#16933,10.);
#4773=VECTOR('',#16934,10.);
#4774=VECTOR('',#16937,10.);
#4775=VECTOR('',#16938,10.);
#4776=VECTOR('',#16941,10.);
#4777=VECTOR('',#16942,10.);
#4778=VECTOR('',#16945,10.);
#4779=VECTOR('',#16948,10.);
#4780=VECTOR('',#16949,10.);
#4781=VECTOR('',#16950,10.);
#4782=VECTOR('',#16951,10.);
#4783=VECTOR('',#16952,10.);
#4784=VECTOR('',#16953,10.);
#4785=VECTOR('',#16954,10.);
#4786=VECTOR('',#16955,10.);
#4787=VECTOR('',#16958,10.);
#4788=VECTOR('',#16959,10.);
#4789=VECTOR('',#16960,10.);
#4790=VECTOR('',#16963,10.);
#4791=VECTOR('',#16964,10.);
#4792=VECTOR('',#16967,10.);
#4793=VECTOR('',#16968,10.);
#4794=VECTOR('',#16969,10.);
#4795=VECTOR('',#16972,10.);
#4796=VECTOR('',#16975,10.);
#4797=VECTOR('',#16976,10.);
#4798=VECTOR('',#16977,10.);
#4799=VECTOR('',#16980,10.);
#4800=VECTOR('',#16981,10.);
#4801=VECTOR('',#16984,10.);
#4802=VECTOR('',#16985,10.);
#4803=VECTOR('',#16988,10.);
#4804=VECTOR('',#16989,10.);
#4805=VECTOR('',#16992,10.);
#4806=VECTOR('',#16993,10.);
#4807=VECTOR('',#16996,10.);
#4808=VECTOR('',#16997,10.);
#4809=VECTOR('',#17000,10.);
#4810=VECTOR('',#17001,10.);
#4811=VECTOR('',#17004,10.);
#4812=VECTOR('',#17007,10.);
#4813=VECTOR('',#17008,10.);
#4814=VECTOR('',#17011,10.);
#4815=VECTOR('',#17012,10.);
#4816=VECTOR('',#17015,10.);
#4817=VECTOR('',#17016,10.);
#4818=VECTOR('',#17019,10.);
#4819=VERTEX_POINT('',#17024);
#4820=VERTEX_POINT('',#17025);
#4821=VERTEX_POINT('',#17027);
#4822=VERTEX_POINT('',#17029);
#4823=VERTEX_POINT('',#17033);
#4824=VERTEX_POINT('',#17035);
#4825=VERTEX_POINT('',#17039);
#4826=VERTEX_POINT('',#17041);
#4827=VERTEX_POINT('',#17045);
#4828=VERTEX_POINT('',#17047);
#4829=VERTEX_POINT('',#17051);
#4830=VERTEX_POINT('',#17053);
#4831=VERTEX_POINT('',#17057);
#4832=VERTEX_POINT('',#17059);
#4833=VERTEX_POINT('',#17063);
#4834=VERTEX_POINT('',#17065);
#4835=VERTEX_POINT('',#17072);
#4836=VERTEX_POINT('',#17073);
#4837=VERTEX_POINT('',#17075);
#4838=VERTEX_POINT('',#17077);
#4839=VERTEX_POINT('',#17081);
#4840=VERTEX_POINT('',#17083);
#4841=VERTEX_POINT('',#17087);
#4842=VERTEX_POINT('',#17089);
#4843=VERTEX_POINT('',#17093);
#4844=VERTEX_POINT('',#17095);
#4845=VERTEX_POINT('',#17099);
#4846=VERTEX_POINT('',#17101);
#4847=VERTEX_POINT('',#17105);
#4848=VERTEX_POINT('',#17107);
#4849=VERTEX_POINT('',#17111);
#4850=VERTEX_POINT('',#17113);
#4851=VERTEX_POINT('',#17120);
#4852=VERTEX_POINT('',#17121);
#4853=VERTEX_POINT('',#17123);
#4854=VERTEX_POINT('',#17125);
#4855=VERTEX_POINT('',#17129);
#4856=VERTEX_POINT('',#17131);
#4857=VERTEX_POINT('',#17135);
#4858=VERTEX_POINT('',#17137);
#4859=VERTEX_POINT('',#17141);
#4860=VERTEX_POINT('',#17143);
#4861=VERTEX_POINT('',#17147);
#4862=VERTEX_POINT('',#17149);
#4863=VERTEX_POINT('',#17153);
#4864=VERTEX_POINT('',#17155);
#4865=VERTEX_POINT('',#17159);
#4866=VERTEX_POINT('',#17161);
#4867=VERTEX_POINT('',#17168);
#4868=VERTEX_POINT('',#17169);
#4869=VERTEX_POINT('',#17171);
#4870=VERTEX_POINT('',#17173);
#4871=VERTEX_POINT('',#17177);
#4872=VERTEX_POINT('',#17179);
#4873=VERTEX_POINT('',#17183);
#4874=VERTEX_POINT('',#17185);
#4875=VERTEX_POINT('',#17189);
#4876=VERTEX_POINT('',#17191);
#4877=VERTEX_POINT('',#17195);
#4878=VERTEX_POINT('',#17197);
#4879=VERTEX_POINT('',#17201);
#4880=VERTEX_POINT('',#17203);
#4881=VERTEX_POINT('',#17207);
#4882=VERTEX_POINT('',#17209);
#4883=VERTEX_POINT('',#17216);
#4884=VERTEX_POINT('',#17217);
#4885=VERTEX_POINT('',#17219);
#4886=VERTEX_POINT('',#17221);
#4887=VERTEX_POINT('',#17225);
#4888=VERTEX_POINT('',#17227);
#4889=VERTEX_POINT('',#17231);
#4890=VERTEX_POINT('',#17233);
#4891=VERTEX_POINT('',#17237);
#4892=VERTEX_POINT('',#17239);
#4893=VERTEX_POINT('',#17243);
#4894=VERTEX_POINT('',#17245);
#4895=VERTEX_POINT('',#17249);
#4896=VERTEX_POINT('',#17251);
#4897=VERTEX_POINT('',#17255);
#4898=VERTEX_POINT('',#17257);
#4899=VERTEX_POINT('',#17264);
#4900=VERTEX_POINT('',#17265);
#4901=VERTEX_POINT('',#17267);
#4902=VERTEX_POINT('',#17269);
#4903=VERTEX_POINT('',#17273);
#4904=VERTEX_POINT('',#17275);
#4905=VERTEX_POINT('',#17279);
#4906=VERTEX_POINT('',#17281);
#4907=VERTEX_POINT('',#17285);
#4908=VERTEX_POINT('',#17287);
#4909=VERTEX_POINT('',#17291);
#4910=VERTEX_POINT('',#17293);
#4911=VERTEX_POINT('',#17297);
#4912=VERTEX_POINT('',#17299);
#4913=VERTEX_POINT('',#17303);
#4914=VERTEX_POINT('',#17305);
#4915=VERTEX_POINT('',#17312);
#4916=VERTEX_POINT('',#17313);
#4917=VERTEX_POINT('',#17315);
#4918=VERTEX_POINT('',#17317);
#4919=VERTEX_POINT('',#17321);
#4920=VERTEX_POINT('',#17323);
#4921=VERTEX_POINT('',#17327);
#4922=VERTEX_POINT('',#17329);
#4923=VERTEX_POINT('',#17333);
#4924=VERTEX_POINT('',#17335);
#4925=VERTEX_POINT('',#17339);
#4926=VERTEX_POINT('',#17341);
#4927=VERTEX_POINT('',#17345);
#4928=VERTEX_POINT('',#17347);
#4929=VERTEX_POINT('',#17351);
#4930=VERTEX_POINT('',#17353);
#4931=VERTEX_POINT('',#17360);
#4932=VERTEX_POINT('',#17361);
#4933=VERTEX_POINT('',#17363);
#4934=VERTEX_POINT('',#17365);
#4935=VERTEX_POINT('',#17369);
#4936=VERTEX_POINT('',#17371);
#4937=VERTEX_POINT('',#17375);
#4938=VERTEX_POINT('',#17377);
#4939=VERTEX_POINT('',#17381);
#4940=VERTEX_POINT('',#17383);
#4941=VERTEX_POINT('',#17387);
#4942=VERTEX_POINT('',#17389);
#4943=VERTEX_POINT('',#17393);
#4944=VERTEX_POINT('',#17395);
#4945=VERTEX_POINT('',#17399);
#4946=VERTEX_POINT('',#17401);
#4947=VERTEX_POINT('',#17408);
#4948=VERTEX_POINT('',#17409);
#4949=VERTEX_POINT('',#17411);
#4950=VERTEX_POINT('',#17413);
#4951=VERTEX_POINT('',#17417);
#4952=VERTEX_POINT('',#17419);
#4953=VERTEX_POINT('',#17423);
#4954=VERTEX_POINT('',#17425);
#4955=VERTEX_POINT('',#17429);
#4956=VERTEX_POINT('',#17431);
#4957=VERTEX_POINT('',#17435);
#4958=VERTEX_POINT('',#17437);
#4959=VERTEX_POINT('',#17441);
#4960=VERTEX_POINT('',#17443);
#4961=VERTEX_POINT('',#17447);
#4962=VERTEX_POINT('',#17449);
#4963=VERTEX_POINT('',#17456);
#4964=VERTEX_POINT('',#17457);
#4965=VERTEX_POINT('',#17459);
#4966=VERTEX_POINT('',#17461);
#4967=VERTEX_POINT('',#17465);
#4968=VERTEX_POINT('',#17467);
#4969=VERTEX_POINT('',#17471);
#4970=VERTEX_POINT('',#17473);
#4971=VERTEX_POINT('',#17477);
#4972=VERTEX_POINT('',#17479);
#4973=VERTEX_POINT('',#17483);
#4974=VERTEX_POINT('',#17485);
#4975=VERTEX_POINT('',#17489);
#4976=VERTEX_POINT('',#17491);
#4977=VERTEX_POINT('',#17495);
#4978=VERTEX_POINT('',#17497);
#4979=VERTEX_POINT('',#17504);
#4980=VERTEX_POINT('',#17505);
#4981=VERTEX_POINT('',#17507);
#4982=VERTEX_POINT('',#17509);
#4983=VERTEX_POINT('',#17513);
#4984=VERTEX_POINT('',#17515);
#4985=VERTEX_POINT('',#17519);
#4986=VERTEX_POINT('',#17521);
#4987=VERTEX_POINT('',#17525);
#4988=VERTEX_POINT('',#17527);
#4989=VERTEX_POINT('',#17531);
#4990=VERTEX_POINT('',#17533);
#4991=VERTEX_POINT('',#17537);
#4992=VERTEX_POINT('',#17539);
#4993=VERTEX_POINT('',#17543);
#4994=VERTEX_POINT('',#17545);
#4995=VERTEX_POINT('',#17552);
#4996=VERTEX_POINT('',#17553);
#4997=VERTEX_POINT('',#17555);
#4998=VERTEX_POINT('',#17557);
#4999=VERTEX_POINT('',#17561);
#5000=VERTEX_POINT('',#17563);
#5001=VERTEX_POINT('',#17567);
#5002=VERTEX_POINT('',#17569);
#5003=VERTEX_POINT('',#17573);
#5004=VERTEX_POINT('',#17575);
#5005=VERTEX_POINT('',#17579);
#5006=VERTEX_POINT('',#17581);
#5007=VERTEX_POINT('',#17585);
#5008=VERTEX_POINT('',#17587);
#5009=VERTEX_POINT('',#17591);
#5010=VERTEX_POINT('',#17593);
#5011=VERTEX_POINT('',#17600);
#5012=VERTEX_POINT('',#17601);
#5013=VERTEX_POINT('',#17603);
#5014=VERTEX_POINT('',#17605);
#5015=VERTEX_POINT('',#17609);
#5016=VERTEX_POINT('',#17611);
#5017=VERTEX_POINT('',#17615);
#5018=VERTEX_POINT('',#17617);
#5019=VERTEX_POINT('',#17621);
#5020=VERTEX_POINT('',#17623);
#5021=VERTEX_POINT('',#17627);
#5022=VERTEX_POINT('',#17629);
#5023=VERTEX_POINT('',#17633);
#5024=VERTEX_POINT('',#17635);
#5025=VERTEX_POINT('',#17639);
#5026=VERTEX_POINT('',#17641);
#5027=VERTEX_POINT('',#17648);
#5028=VERTEX_POINT('',#17649);
#5029=VERTEX_POINT('',#17651);
#5030=VERTEX_POINT('',#17653);
#5031=VERTEX_POINT('',#17657);
#5032=VERTEX_POINT('',#17659);
#5033=VERTEX_POINT('',#17663);
#5034=VERTEX_POINT('',#17665);
#5035=VERTEX_POINT('',#17669);
#5036=VERTEX_POINT('',#17671);
#5037=VERTEX_POINT('',#17675);
#5038=VERTEX_POINT('',#17677);
#5039=VERTEX_POINT('',#17681);
#5040=VERTEX_POINT('',#17683);
#5041=VERTEX_POINT('',#17687);
#5042=VERTEX_POINT('',#17689);
#5043=VERTEX_POINT('',#17696);
#5044=VERTEX_POINT('',#17697);
#5045=VERTEX_POINT('',#17699);
#5046=VERTEX_POINT('',#17701);
#5047=VERTEX_POINT('',#17705);
#5048=VERTEX_POINT('',#17707);
#5049=VERTEX_POINT('',#17711);
#5050=VERTEX_POINT('',#17713);
#5051=VERTEX_POINT('',#17717);
#5052=VERTEX_POINT('',#17719);
#5053=VERTEX_POINT('',#17723);
#5054=VERTEX_POINT('',#17725);
#5055=VERTEX_POINT('',#17729);
#5056=VERTEX_POINT('',#17731);
#5057=VERTEX_POINT('',#17735);
#5058=VERTEX_POINT('',#17737);
#5059=VERTEX_POINT('',#17744);
#5060=VERTEX_POINT('',#17745);
#5061=VERTEX_POINT('',#17747);
#5062=VERTEX_POINT('',#17749);
#5063=VERTEX_POINT('',#17753);
#5064=VERTEX_POINT('',#17755);
#5065=VERTEX_POINT('',#17759);
#5066=VERTEX_POINT('',#17761);
#5067=VERTEX_POINT('',#17765);
#5068=VERTEX_POINT('',#17767);
#5069=VERTEX_POINT('',#17771);
#5070=VERTEX_POINT('',#17773);
#5071=VERTEX_POINT('',#17777);
#5072=VERTEX_POINT('',#17779);
#5073=VERTEX_POINT('',#17783);
#5074=VERTEX_POINT('',#17785);
#5075=VERTEX_POINT('',#17792);
#5076=VERTEX_POINT('',#17793);
#5077=VERTEX_POINT('',#17795);
#5078=VERTEX_POINT('',#17797);
#5079=VERTEX_POINT('',#17801);
#5080=VERTEX_POINT('',#17803);
#5081=VERTEX_POINT('',#17807);
#5082=VERTEX_POINT('',#17809);
#5083=VERTEX_POINT('',#17813);
#5084=VERTEX_POINT('',#17815);
#5085=VERTEX_POINT('',#17819);
#5086=VERTEX_POINT('',#17821);
#5087=VERTEX_POINT('',#17825);
#5088=VERTEX_POINT('',#17827);
#5089=VERTEX_POINT('',#17831);
#5090=VERTEX_POINT('',#17833);
#5091=VERTEX_POINT('',#17840);
#5092=VERTEX_POINT('',#17841);
#5093=VERTEX_POINT('',#17843);
#5094=VERTEX_POINT('',#17845);
#5095=VERTEX_POINT('',#17849);
#5096=VERTEX_POINT('',#17851);
#5097=VERTEX_POINT('',#17855);
#5098=VERTEX_POINT('',#17857);
#5099=VERTEX_POINT('',#17861);
#5100=VERTEX_POINT('',#17863);
#5101=VERTEX_POINT('',#17867);
#5102=VERTEX_POINT('',#17869);
#5103=VERTEX_POINT('',#17873);
#5104=VERTEX_POINT('',#17875);
#5105=VERTEX_POINT('',#17879);
#5106=VERTEX_POINT('',#17881);
#5107=VERTEX_POINT('',#17888);
#5108=VERTEX_POINT('',#17889);
#5109=VERTEX_POINT('',#17891);
#5110=VERTEX_POINT('',#17893);
#5111=VERTEX_POINT('',#17897);
#5112=VERTEX_POINT('',#17899);
#5113=VERTEX_POINT('',#17903);
#5114=VERTEX_POINT('',#17905);
#5115=VERTEX_POINT('',#17909);
#5116=VERTEX_POINT('',#17911);
#5117=VERTEX_POINT('',#17915);
#5118=VERTEX_POINT('',#17917);
#5119=VERTEX_POINT('',#17921);
#5120=VERTEX_POINT('',#17923);
#5121=VERTEX_POINT('',#17927);
#5122=VERTEX_POINT('',#17929);
#5123=VERTEX_POINT('',#17936);
#5124=VERTEX_POINT('',#17937);
#5125=VERTEX_POINT('',#17939);
#5126=VERTEX_POINT('',#17941);
#5127=VERTEX_POINT('',#17945);
#5128=VERTEX_POINT('',#17947);
#5129=VERTEX_POINT('',#17951);
#5130=VERTEX_POINT('',#17953);
#5131=VERTEX_POINT('',#17957);
#5132=VERTEX_POINT('',#17959);
#5133=VERTEX_POINT('',#17963);
#5134=VERTEX_POINT('',#17965);
#5135=VERTEX_POINT('',#17969);
#5136=VERTEX_POINT('',#17971);
#5137=VERTEX_POINT('',#17975);
#5138=VERTEX_POINT('',#17977);
#5139=VERTEX_POINT('',#17984);
#5140=VERTEX_POINT('',#17985);
#5141=VERTEX_POINT('',#17987);
#5142=VERTEX_POINT('',#17989);
#5143=VERTEX_POINT('',#17993);
#5144=VERTEX_POINT('',#17995);
#5145=VERTEX_POINT('',#17999);
#5146=VERTEX_POINT('',#18001);
#5147=VERTEX_POINT('',#18005);
#5148=VERTEX_POINT('',#18007);
#5149=VERTEX_POINT('',#18011);
#5150=VERTEX_POINT('',#18013);
#5151=VERTEX_POINT('',#18017);
#5152=VERTEX_POINT('',#18019);
#5153=VERTEX_POINT('',#18023);
#5154=VERTEX_POINT('',#18025);
#5155=VERTEX_POINT('',#18032);
#5156=VERTEX_POINT('',#18033);
#5157=VERTEX_POINT('',#18035);
#5158=VERTEX_POINT('',#18037);
#5159=VERTEX_POINT('',#18041);
#5160=VERTEX_POINT('',#18043);
#5161=VERTEX_POINT('',#18047);
#5162=VERTEX_POINT('',#18049);
#5163=VERTEX_POINT('',#18053);
#5164=VERTEX_POINT('',#18055);
#5165=VERTEX_POINT('',#18059);
#5166=VERTEX_POINT('',#18061);
#5167=VERTEX_POINT('',#18065);
#5168=VERTEX_POINT('',#18067);
#5169=VERTEX_POINT('',#18071);
#5170=VERTEX_POINT('',#18073);
#5171=VERTEX_POINT('',#18080);
#5172=VERTEX_POINT('',#18081);
#5173=VERTEX_POINT('',#18083);
#5174=VERTEX_POINT('',#18085);
#5175=VERTEX_POINT('',#18089);
#5176=VERTEX_POINT('',#18091);
#5177=VERTEX_POINT('',#18095);
#5178=VERTEX_POINT('',#18097);
#5179=VERTEX_POINT('',#18101);
#5180=VERTEX_POINT('',#18103);
#5181=VERTEX_POINT('',#18107);
#5182=VERTEX_POINT('',#18109);
#5183=VERTEX_POINT('',#18113);
#5184=VERTEX_POINT('',#18115);
#5185=VERTEX_POINT('',#18119);
#5186=VERTEX_POINT('',#18121);
#5187=VERTEX_POINT('',#18128);
#5188=VERTEX_POINT('',#18129);
#5189=VERTEX_POINT('',#18131);
#5190=VERTEX_POINT('',#18133);
#5191=VERTEX_POINT('',#18137);
#5192=VERTEX_POINT('',#18139);
#5193=VERTEX_POINT('',#18143);
#5194=VERTEX_POINT('',#18145);
#5195=VERTEX_POINT('',#18149);
#5196=VERTEX_POINT('',#18151);
#5197=VERTEX_POINT('',#18155);
#5198=VERTEX_POINT('',#18157);
#5199=VERTEX_POINT('',#18161);
#5200=VERTEX_POINT('',#18163);
#5201=VERTEX_POINT('',#18167);
#5202=VERTEX_POINT('',#18169);
#5203=VERTEX_POINT('',#18176);
#5204=VERTEX_POINT('',#18177);
#5205=VERTEX_POINT('',#18179);
#5206=VERTEX_POINT('',#18181);
#5207=VERTEX_POINT('',#18185);
#5208=VERTEX_POINT('',#18187);
#5209=VERTEX_POINT('',#18191);
#5210=VERTEX_POINT('',#18193);
#5211=VERTEX_POINT('',#18197);
#5212=VERTEX_POINT('',#18199);
#5213=VERTEX_POINT('',#18203);
#5214=VERTEX_POINT('',#18205);
#5215=VERTEX_POINT('',#18209);
#5216=VERTEX_POINT('',#18211);
#5217=VERTEX_POINT('',#18215);
#5218=VERTEX_POINT('',#18217);
#5219=VERTEX_POINT('',#18224);
#5220=VERTEX_POINT('',#18225);
#5221=VERTEX_POINT('',#18227);
#5222=VERTEX_POINT('',#18229);
#5223=VERTEX_POINT('',#18233);
#5224=VERTEX_POINT('',#18235);
#5225=VERTEX_POINT('',#18239);
#5226=VERTEX_POINT('',#18241);
#5227=VERTEX_POINT('',#18245);
#5228=VERTEX_POINT('',#18247);
#5229=VERTEX_POINT('',#18251);
#5230=VERTEX_POINT('',#18253);
#5231=VERTEX_POINT('',#18257);
#5232=VERTEX_POINT('',#18259);
#5233=VERTEX_POINT('',#18263);
#5234=VERTEX_POINT('',#18265);
#5235=VERTEX_POINT('',#18272);
#5236=VERTEX_POINT('',#18273);
#5237=VERTEX_POINT('',#18275);
#5238=VERTEX_POINT('',#18277);
#5239=VERTEX_POINT('',#18281);
#5240=VERTEX_POINT('',#18283);
#5241=VERTEX_POINT('',#18287);
#5242=VERTEX_POINT('',#18289);
#5243=VERTEX_POINT('',#18293);
#5244=VERTEX_POINT('',#18295);
#5245=VERTEX_POINT('',#18299);
#5246=VERTEX_POINT('',#18301);
#5247=VERTEX_POINT('',#18305);
#5248=VERTEX_POINT('',#18307);
#5249=VERTEX_POINT('',#18311);
#5250=VERTEX_POINT('',#18313);
#5251=VERTEX_POINT('',#18320);
#5252=VERTEX_POINT('',#18321);
#5253=VERTEX_POINT('',#18323);
#5254=VERTEX_POINT('',#18325);
#5255=VERTEX_POINT('',#18329);
#5256=VERTEX_POINT('',#18331);
#5257=VERTEX_POINT('',#18335);
#5258=VERTEX_POINT('',#18337);
#5259=VERTEX_POINT('',#18341);
#5260=VERTEX_POINT('',#18343);
#5261=VERTEX_POINT('',#18347);
#5262=VERTEX_POINT('',#18349);
#5263=VERTEX_POINT('',#18353);
#5264=VERTEX_POINT('',#18355);
#5265=VERTEX_POINT('',#18359);
#5266=VERTEX_POINT('',#18361);
#5267=VERTEX_POINT('',#18368);
#5268=VERTEX_POINT('',#18369);
#5269=VERTEX_POINT('',#18371);
#5270=VERTEX_POINT('',#18373);
#5271=VERTEX_POINT('',#18377);
#5272=VERTEX_POINT('',#18379);
#5273=VERTEX_POINT('',#18383);
#5274=VERTEX_POINT('',#18385);
#5275=VERTEX_POINT('',#18389);
#5276=VERTEX_POINT('',#18391);
#5277=VERTEX_POINT('',#18395);
#5278=VERTEX_POINT('',#18397);
#5279=VERTEX_POINT('',#18401);
#5280=VERTEX_POINT('',#18403);
#5281=VERTEX_POINT('',#18407);
#5282=VERTEX_POINT('',#18409);
#5283=VERTEX_POINT('',#18416);
#5284=VERTEX_POINT('',#18417);
#5285=VERTEX_POINT('',#18419);
#5286=VERTEX_POINT('',#18421);
#5287=VERTEX_POINT('',#18425);
#5288=VERTEX_POINT('',#18427);
#5289=VERTEX_POINT('',#18431);
#5290=VERTEX_POINT('',#18433);
#5291=VERTEX_POINT('',#18437);
#5292=VERTEX_POINT('',#18439);
#5293=VERTEX_POINT('',#18443);
#5294=VERTEX_POINT('',#18445);
#5295=VERTEX_POINT('',#18449);
#5296=VERTEX_POINT('',#18451);
#5297=VERTEX_POINT('',#18455);
#5298=VERTEX_POINT('',#18457);
#5299=VERTEX_POINT('',#18464);
#5300=VERTEX_POINT('',#18465);
#5301=VERTEX_POINT('',#18467);
#5302=VERTEX_POINT('',#18469);
#5303=VERTEX_POINT('',#18473);
#5304=VERTEX_POINT('',#18475);
#5305=VERTEX_POINT('',#18479);
#5306=VERTEX_POINT('',#18481);
#5307=VERTEX_POINT('',#18485);
#5308=VERTEX_POINT('',#18487);
#5309=VERTEX_POINT('',#18491);
#5310=VERTEX_POINT('',#18493);
#5311=VERTEX_POINT('',#18497);
#5312=VERTEX_POINT('',#18499);
#5313=VERTEX_POINT('',#18503);
#5314=VERTEX_POINT('',#18505);
#5315=VERTEX_POINT('',#18512);
#5316=VERTEX_POINT('',#18513);
#5317=VERTEX_POINT('',#18515);
#5318=VERTEX_POINT('',#18517);
#5319=VERTEX_POINT('',#18521);
#5320=VERTEX_POINT('',#18523);
#5321=VERTEX_POINT('',#18527);
#5322=VERTEX_POINT('',#18529);
#5323=VERTEX_POINT('',#18533);
#5324=VERTEX_POINT('',#18535);
#5325=VERTEX_POINT('',#18539);
#5326=VERTEX_POINT('',#18541);
#5327=VERTEX_POINT('',#18545);
#5328=VERTEX_POINT('',#18547);
#5329=VERTEX_POINT('',#18551);
#5330=VERTEX_POINT('',#18553);
#5331=VERTEX_POINT('',#18560);
#5332=VERTEX_POINT('',#18561);
#5333=VERTEX_POINT('',#18563);
#5334=VERTEX_POINT('',#18565);
#5335=VERTEX_POINT('',#18569);
#5336=VERTEX_POINT('',#18571);
#5337=VERTEX_POINT('',#18575);
#5338=VERTEX_POINT('',#18577);
#5339=VERTEX_POINT('',#18581);
#5340=VERTEX_POINT('',#18583);
#5341=VERTEX_POINT('',#18587);
#5342=VERTEX_POINT('',#18589);
#5343=VERTEX_POINT('',#18593);
#5344=VERTEX_POINT('',#18595);
#5345=VERTEX_POINT('',#18599);
#5346=VERTEX_POINT('',#18601);
#5347=VERTEX_POINT('',#18610);
#5348=VERTEX_POINT('',#18611);
#5349=VERTEX_POINT('',#18613);
#5350=VERTEX_POINT('',#18615);
#5351=VERTEX_POINT('',#18619);
#5352=VERTEX_POINT('',#18621);
#5353=VERTEX_POINT('',#18625);
#5354=VERTEX_POINT('',#18627);
#5355=VERTEX_POINT('',#18631);
#5356=VERTEX_POINT('',#18633);
#5357=VERTEX_POINT('',#18637);
#5358=VERTEX_POINT('',#18639);
#5359=VERTEX_POINT('',#18643);
#5360=VERTEX_POINT('',#18645);
#5361=VERTEX_POINT('',#18649);
#5362=VERTEX_POINT('',#18651);
#5363=VERTEX_POINT('',#18658);
#5364=VERTEX_POINT('',#18659);
#5365=VERTEX_POINT('',#18661);
#5366=VERTEX_POINT('',#18663);
#5367=VERTEX_POINT('',#18667);
#5368=VERTEX_POINT('',#18669);
#5369=VERTEX_POINT('',#18673);
#5370=VERTEX_POINT('',#18675);
#5371=VERTEX_POINT('',#18679);
#5372=VERTEX_POINT('',#18681);
#5373=VERTEX_POINT('',#18685);
#5374=VERTEX_POINT('',#18687);
#5375=VERTEX_POINT('',#18691);
#5376=VERTEX_POINT('',#18693);
#5377=VERTEX_POINT('',#18697);
#5378=VERTEX_POINT('',#18699);
#5379=VERTEX_POINT('',#18706);
#5380=VERTEX_POINT('',#18707);
#5381=VERTEX_POINT('',#18709);
#5382=VERTEX_POINT('',#18711);
#5383=VERTEX_POINT('',#18715);
#5384=VERTEX_POINT('',#18717);
#5385=VERTEX_POINT('',#18721);
#5386=VERTEX_POINT('',#18723);
#5387=VERTEX_POINT('',#18727);
#5388=VERTEX_POINT('',#18729);
#5389=VERTEX_POINT('',#18733);
#5390=VERTEX_POINT('',#18735);
#5391=VERTEX_POINT('',#18739);
#5392=VERTEX_POINT('',#18741);
#5393=VERTEX_POINT('',#18745);
#5394=VERTEX_POINT('',#18747);
#5395=VERTEX_POINT('',#18754);
#5396=VERTEX_POINT('',#18755);
#5397=VERTEX_POINT('',#18757);
#5398=VERTEX_POINT('',#18759);
#5399=VERTEX_POINT('',#18763);
#5400=VERTEX_POINT('',#18765);
#5401=VERTEX_POINT('',#18769);
#5402=VERTEX_POINT('',#18771);
#5403=VERTEX_POINT('',#18775);
#5404=VERTEX_POINT('',#18777);
#5405=VERTEX_POINT('',#18781);
#5406=VERTEX_POINT('',#18783);
#5407=VERTEX_POINT('',#18787);
#5408=VERTEX_POINT('',#18789);
#5409=VERTEX_POINT('',#18793);
#5410=VERTEX_POINT('',#18795);
#5411=VERTEX_POINT('',#18802);
#5412=VERTEX_POINT('',#18803);
#5413=VERTEX_POINT('',#18805);
#5414=VERTEX_POINT('',#18807);
#5415=VERTEX_POINT('',#18811);
#5416=VERTEX_POINT('',#18813);
#5417=VERTEX_POINT('',#18817);
#5418=VERTEX_POINT('',#18819);
#5419=VERTEX_POINT('',#18823);
#5420=VERTEX_POINT('',#18825);
#5421=VERTEX_POINT('',#18829);
#5422=VERTEX_POINT('',#18831);
#5423=VERTEX_POINT('',#18835);
#5424=VERTEX_POINT('',#18837);
#5425=VERTEX_POINT('',#18841);
#5426=VERTEX_POINT('',#18843);
#5427=VERTEX_POINT('',#18850);
#5428=VERTEX_POINT('',#18851);
#5429=VERTEX_POINT('',#18853);
#5430=VERTEX_POINT('',#18855);
#5431=VERTEX_POINT('',#18859);
#5432=VERTEX_POINT('',#18861);
#5433=VERTEX_POINT('',#18865);
#5434=VERTEX_POINT('',#18867);
#5435=VERTEX_POINT('',#18871);
#5436=VERTEX_POINT('',#18873);
#5437=VERTEX_POINT('',#18877);
#5438=VERTEX_POINT('',#18879);
#5439=VERTEX_POINT('',#18883);
#5440=VERTEX_POINT('',#18885);
#5441=VERTEX_POINT('',#18889);
#5442=VERTEX_POINT('',#18891);
#5443=VERTEX_POINT('',#18898);
#5444=VERTEX_POINT('',#18899);
#5445=VERTEX_POINT('',#18901);
#5446=VERTEX_POINT('',#18903);
#5447=VERTEX_POINT('',#18907);
#5448=VERTEX_POINT('',#18909);
#5449=VERTEX_POINT('',#18913);
#5450=VERTEX_POINT('',#18915);
#5451=VERTEX_POINT('',#18919);
#5452=VERTEX_POINT('',#18921);
#5453=VERTEX_POINT('',#18925);
#5454=VERTEX_POINT('',#18927);
#5455=VERTEX_POINT('',#18931);
#5456=VERTEX_POINT('',#18933);
#5457=VERTEX_POINT('',#18937);
#5458=VERTEX_POINT('',#18939);
#5459=VERTEX_POINT('',#18946);
#5460=VERTEX_POINT('',#18947);
#5461=VERTEX_POINT('',#18949);
#5462=VERTEX_POINT('',#18951);
#5463=VERTEX_POINT('',#18955);
#5464=VERTEX_POINT('',#18957);
#5465=VERTEX_POINT('',#18961);
#5466=VERTEX_POINT('',#18963);
#5467=VERTEX_POINT('',#18967);
#5468=VERTEX_POINT('',#18969);
#5469=VERTEX_POINT('',#18973);
#5470=VERTEX_POINT('',#18975);
#5471=VERTEX_POINT('',#18979);
#5472=VERTEX_POINT('',#18981);
#5473=VERTEX_POINT('',#18985);
#5474=VERTEX_POINT('',#18987);
#5475=VERTEX_POINT('',#18994);
#5476=VERTEX_POINT('',#18995);
#5477=VERTEX_POINT('',#18997);
#5478=VERTEX_POINT('',#18999);
#5479=VERTEX_POINT('',#19003);
#5480=VERTEX_POINT('',#19005);
#5481=VERTEX_POINT('',#19009);
#5482=VERTEX_POINT('',#19011);
#5483=VERTEX_POINT('',#19015);
#5484=VERTEX_POINT('',#19017);
#5485=VERTEX_POINT('',#19021);
#5486=VERTEX_POINT('',#19023);
#5487=VERTEX_POINT('',#19027);
#5488=VERTEX_POINT('',#19029);
#5489=VERTEX_POINT('',#19033);
#5490=VERTEX_POINT('',#19035);
#5491=VERTEX_POINT('',#19042);
#5492=VERTEX_POINT('',#19043);
#5493=VERTEX_POINT('',#19045);
#5494=VERTEX_POINT('',#19047);
#5495=VERTEX_POINT('',#19051);
#5496=VERTEX_POINT('',#19053);
#5497=VERTEX_POINT('',#19057);
#5498=VERTEX_POINT('',#19059);
#5499=VERTEX_POINT('',#19063);
#5500=VERTEX_POINT('',#19065);
#5501=VERTEX_POINT('',#19069);
#5502=VERTEX_POINT('',#19071);
#5503=VERTEX_POINT('',#19075);
#5504=VERTEX_POINT('',#19077);
#5505=VERTEX_POINT('',#19081);
#5506=VERTEX_POINT('',#19083);
#5507=VERTEX_POINT('',#19090);
#5508=VERTEX_POINT('',#19091);
#5509=VERTEX_POINT('',#19093);
#5510=VERTEX_POINT('',#19095);
#5511=VERTEX_POINT('',#19099);
#5512=VERTEX_POINT('',#19101);
#5513=VERTEX_POINT('',#19105);
#5514=VERTEX_POINT('',#19107);
#5515=VERTEX_POINT('',#19111);
#5516=VERTEX_POINT('',#19113);
#5517=VERTEX_POINT('',#19117);
#5518=VERTEX_POINT('',#19119);
#5519=VERTEX_POINT('',#19123);
#5520=VERTEX_POINT('',#19125);
#5521=VERTEX_POINT('',#19129);
#5522=VERTEX_POINT('',#19131);
#5523=VERTEX_POINT('',#19138);
#5524=VERTEX_POINT('',#19139);
#5525=VERTEX_POINT('',#19141);
#5526=VERTEX_POINT('',#19143);
#5527=VERTEX_POINT('',#19147);
#5528=VERTEX_POINT('',#19149);
#5529=VERTEX_POINT('',#19153);
#5530=VERTEX_POINT('',#19155);
#5531=VERTEX_POINT('',#19159);
#5532=VERTEX_POINT('',#19161);
#5533=VERTEX_POINT('',#19165);
#5534=VERTEX_POINT('',#19167);
#5535=VERTEX_POINT('',#19171);
#5536=VERTEX_POINT('',#19173);
#5537=VERTEX_POINT('',#19177);
#5538=VERTEX_POINT('',#19179);
#5539=VERTEX_POINT('',#19186);
#5540=VERTEX_POINT('',#19187);
#5541=VERTEX_POINT('',#19189);
#5542=VERTEX_POINT('',#19191);
#5543=VERTEX_POINT('',#19195);
#5544=VERTEX_POINT('',#19197);
#5545=VERTEX_POINT('',#19201);
#5546=VERTEX_POINT('',#19203);
#5547=VERTEX_POINT('',#19207);
#5548=VERTEX_POINT('',#19209);
#5549=VERTEX_POINT('',#19213);
#5550=VERTEX_POINT('',#19215);
#5551=VERTEX_POINT('',#19219);
#5552=VERTEX_POINT('',#19221);
#5553=VERTEX_POINT('',#19225);
#5554=VERTEX_POINT('',#19227);
#5555=VERTEX_POINT('',#19234);
#5556=VERTEX_POINT('',#19235);
#5557=VERTEX_POINT('',#19237);
#5558=VERTEX_POINT('',#19239);
#5559=VERTEX_POINT('',#19243);
#5560=VERTEX_POINT('',#19245);
#5561=VERTEX_POINT('',#19249);
#5562=VERTEX_POINT('',#19251);
#5563=VERTEX_POINT('',#19255);
#5564=VERTEX_POINT('',#19257);
#5565=VERTEX_POINT('',#19261);
#5566=VERTEX_POINT('',#19263);
#5567=VERTEX_POINT('',#19267);
#5568=VERTEX_POINT('',#19269);
#5569=VERTEX_POINT('',#19273);
#5570=VERTEX_POINT('',#19275);
#5571=VERTEX_POINT('',#19282);
#5572=VERTEX_POINT('',#19283);
#5573=VERTEX_POINT('',#19285);
#5574=VERTEX_POINT('',#19287);
#5575=VERTEX_POINT('',#19291);
#5576=VERTEX_POINT('',#19293);
#5577=VERTEX_POINT('',#19297);
#5578=VERTEX_POINT('',#19299);
#5579=VERTEX_POINT('',#19303);
#5580=VERTEX_POINT('',#19305);
#5581=VERTEX_POINT('',#19309);
#5582=VERTEX_POINT('',#19311);
#5583=VERTEX_POINT('',#19315);
#5584=VERTEX_POINT('',#19317);
#5585=VERTEX_POINT('',#19321);
#5586=VERTEX_POINT('',#19323);
#5587=VERTEX_POINT('',#19330);
#5588=VERTEX_POINT('',#19331);
#5589=VERTEX_POINT('',#19333);
#5590=VERTEX_POINT('',#19335);
#5591=VERTEX_POINT('',#19339);
#5592=VERTEX_POINT('',#19341);
#5593=VERTEX_POINT('',#19345);
#5594=VERTEX_POINT('',#19347);
#5595=VERTEX_POINT('',#19351);
#5596=VERTEX_POINT('',#19353);
#5597=VERTEX_POINT('',#19357);
#5598=VERTEX_POINT('',#19359);
#5599=VERTEX_POINT('',#19363);
#5600=VERTEX_POINT('',#19365);
#5601=VERTEX_POINT('',#19369);
#5602=VERTEX_POINT('',#19371);
#5603=VERTEX_POINT('',#19378);
#5604=VERTEX_POINT('',#19379);
#5605=VERTEX_POINT('',#19381);
#5606=VERTEX_POINT('',#19383);
#5607=VERTEX_POINT('',#19387);
#5608=VERTEX_POINT('',#19389);
#5609=VERTEX_POINT('',#19393);
#5610=VERTEX_POINT('',#19395);
#5611=VERTEX_POINT('',#19399);
#5612=VERTEX_POINT('',#19401);
#5613=VERTEX_POINT('',#19405);
#5614=VERTEX_POINT('',#19407);
#5615=VERTEX_POINT('',#19411);
#5616=VERTEX_POINT('',#19413);
#5617=VERTEX_POINT('',#19417);
#5618=VERTEX_POINT('',#19419);
#5619=VERTEX_POINT('',#19426);
#5620=VERTEX_POINT('',#19427);
#5621=VERTEX_POINT('',#19429);
#5622=VERTEX_POINT('',#19431);
#5623=VERTEX_POINT('',#19435);
#5624=VERTEX_POINT('',#19437);
#5625=VERTEX_POINT('',#19441);
#5626=VERTEX_POINT('',#19443);
#5627=VERTEX_POINT('',#19447);
#5628=VERTEX_POINT('',#19449);
#5629=VERTEX_POINT('',#19453);
#5630=VERTEX_POINT('',#19455);
#5631=VERTEX_POINT('',#19459);
#5632=VERTEX_POINT('',#19461);
#5633=VERTEX_POINT('',#19465);
#5634=VERTEX_POINT('',#19467);
#5635=VERTEX_POINT('',#19474);
#5636=VERTEX_POINT('',#19475);
#5637=VERTEX_POINT('',#19477);
#5638=VERTEX_POINT('',#19479);
#5639=VERTEX_POINT('',#19483);
#5640=VERTEX_POINT('',#19485);
#5641=VERTEX_POINT('',#19489);
#5642=VERTEX_POINT('',#19491);
#5643=VERTEX_POINT('',#19495);
#5644=VERTEX_POINT('',#19497);
#5645=VERTEX_POINT('',#19501);
#5646=VERTEX_POINT('',#19503);
#5647=VERTEX_POINT('',#19507);
#5648=VERTEX_POINT('',#19509);
#5649=VERTEX_POINT('',#19513);
#5650=VERTEX_POINT('',#19515);
#5651=VERTEX_POINT('',#19522);
#5652=VERTEX_POINT('',#19523);
#5653=VERTEX_POINT('',#19525);
#5654=VERTEX_POINT('',#19527);
#5655=VERTEX_POINT('',#19531);
#5656=VERTEX_POINT('',#19533);
#5657=VERTEX_POINT('',#19537);
#5658=VERTEX_POINT('',#19539);
#5659=VERTEX_POINT('',#19543);
#5660=VERTEX_POINT('',#19545);
#5661=VERTEX_POINT('',#19549);
#5662=VERTEX_POINT('',#19551);
#5663=VERTEX_POINT('',#19555);
#5664=VERTEX_POINT('',#19557);
#5665=VERTEX_POINT('',#19561);
#5666=VERTEX_POINT('',#19563);
#5667=VERTEX_POINT('',#19570);
#5668=VERTEX_POINT('',#19571);
#5669=VERTEX_POINT('',#19573);
#5670=VERTEX_POINT('',#19575);
#5671=VERTEX_POINT('',#19579);
#5672=VERTEX_POINT('',#19581);
#5673=VERTEX_POINT('',#19585);
#5674=VERTEX_POINT('',#19587);
#5675=VERTEX_POINT('',#19591);
#5676=VERTEX_POINT('',#19593);
#5677=VERTEX_POINT('',#19597);
#5678=VERTEX_POINT('',#19599);
#5679=VERTEX_POINT('',#19603);
#5680=VERTEX_POINT('',#19605);
#5681=VERTEX_POINT('',#19609);
#5682=VERTEX_POINT('',#19611);
#5683=VERTEX_POINT('',#19618);
#5684=VERTEX_POINT('',#19619);
#5685=VERTEX_POINT('',#19621);
#5686=VERTEX_POINT('',#19623);
#5687=VERTEX_POINT('',#19627);
#5688=VERTEX_POINT('',#19629);
#5689=VERTEX_POINT('',#19633);
#5690=VERTEX_POINT('',#19635);
#5691=VERTEX_POINT('',#19639);
#5692=VERTEX_POINT('',#19641);
#5693=VERTEX_POINT('',#19645);
#5694=VERTEX_POINT('',#19647);
#5695=VERTEX_POINT('',#19651);
#5696=VERTEX_POINT('',#19653);
#5697=VERTEX_POINT('',#19657);
#5698=VERTEX_POINT('',#19659);
#5699=VERTEX_POINT('',#19666);
#5700=VERTEX_POINT('',#19667);
#5701=VERTEX_POINT('',#19669);
#5702=VERTEX_POINT('',#19671);
#5703=VERTEX_POINT('',#19675);
#5704=VERTEX_POINT('',#19677);
#5705=VERTEX_POINT('',#19681);
#5706=VERTEX_POINT('',#19683);
#5707=VERTEX_POINT('',#19687);
#5708=VERTEX_POINT('',#19689);
#5709=VERTEX_POINT('',#19693);
#5710=VERTEX_POINT('',#19695);
#5711=VERTEX_POINT('',#19699);
#5712=VERTEX_POINT('',#19701);
#5713=VERTEX_POINT('',#19705);
#5714=VERTEX_POINT('',#19707);
#5715=VERTEX_POINT('',#19714);
#5716=VERTEX_POINT('',#19715);
#5717=VERTEX_POINT('',#19717);
#5718=VERTEX_POINT('',#19719);
#5719=VERTEX_POINT('',#19723);
#5720=VERTEX_POINT('',#19725);
#5721=VERTEX_POINT('',#19729);
#5722=VERTEX_POINT('',#19731);
#5723=VERTEX_POINT('',#19735);
#5724=VERTEX_POINT('',#19737);
#5725=VERTEX_POINT('',#19741);
#5726=VERTEX_POINT('',#19743);
#5727=VERTEX_POINT('',#19747);
#5728=VERTEX_POINT('',#19749);
#5729=VERTEX_POINT('',#19753);
#5730=VERTEX_POINT('',#19755);
#5731=VERTEX_POINT('',#19762);
#5732=VERTEX_POINT('',#19763);
#5733=VERTEX_POINT('',#19765);
#5734=VERTEX_POINT('',#19767);
#5735=VERTEX_POINT('',#19771);
#5736=VERTEX_POINT('',#19773);
#5737=VERTEX_POINT('',#19777);
#5738=VERTEX_POINT('',#19779);
#5739=VERTEX_POINT('',#19783);
#5740=VERTEX_POINT('',#19785);
#5741=VERTEX_POINT('',#19789);
#5742=VERTEX_POINT('',#19791);
#5743=VERTEX_POINT('',#19795);
#5744=VERTEX_POINT('',#19797);
#5745=VERTEX_POINT('',#19801);
#5746=VERTEX_POINT('',#19803);
#5747=VERTEX_POINT('',#19810);
#5748=VERTEX_POINT('',#19811);
#5749=VERTEX_POINT('',#19813);
#5750=VERTEX_POINT('',#19815);
#5751=VERTEX_POINT('',#19819);
#5752=VERTEX_POINT('',#19821);
#5753=VERTEX_POINT('',#19825);
#5754=VERTEX_POINT('',#19827);
#5755=VERTEX_POINT('',#19831);
#5756=VERTEX_POINT('',#19833);
#5757=VERTEX_POINT('',#19837);
#5758=VERTEX_POINT('',#19839);
#5759=VERTEX_POINT('',#19843);
#5760=VERTEX_POINT('',#19845);
#5761=VERTEX_POINT('',#19849);
#5762=VERTEX_POINT('',#19851);
#5763=VERTEX_POINT('',#19858);
#5764=VERTEX_POINT('',#19859);
#5765=VERTEX_POINT('',#19861);
#5766=VERTEX_POINT('',#19863);
#5767=VERTEX_POINT('',#19867);
#5768=VERTEX_POINT('',#19869);
#5769=VERTEX_POINT('',#19873);
#5770=VERTEX_POINT('',#19875);
#5771=VERTEX_POINT('',#19879);
#5772=VERTEX_POINT('',#19881);
#5773=VERTEX_POINT('',#19885);
#5774=VERTEX_POINT('',#19887);
#5775=VERTEX_POINT('',#19891);
#5776=VERTEX_POINT('',#19893);
#5777=VERTEX_POINT('',#19897);
#5778=VERTEX_POINT('',#19899);
#5779=VERTEX_POINT('',#19906);
#5780=VERTEX_POINT('',#19907);
#5781=VERTEX_POINT('',#19909);
#5782=VERTEX_POINT('',#19911);
#5783=VERTEX_POINT('',#19915);
#5784=VERTEX_POINT('',#19917);
#5785=VERTEX_POINT('',#19921);
#5786=VERTEX_POINT('',#19923);
#5787=VERTEX_POINT('',#19927);
#5788=VERTEX_POINT('',#19929);
#5789=VERTEX_POINT('',#19933);
#5790=VERTEX_POINT('',#19935);
#5791=VERTEX_POINT('',#19939);
#5792=VERTEX_POINT('',#19941);
#5793=VERTEX_POINT('',#19945);
#5794=VERTEX_POINT('',#19947);
#5795=VERTEX_POINT('',#19954);
#5796=VERTEX_POINT('',#19955);
#5797=VERTEX_POINT('',#19957);
#5798=VERTEX_POINT('',#19959);
#5799=VERTEX_POINT('',#19963);
#5800=VERTEX_POINT('',#19965);
#5801=VERTEX_POINT('',#19969);
#5802=VERTEX_POINT('',#19971);
#5803=VERTEX_POINT('',#19975);
#5804=VERTEX_POINT('',#19977);
#5805=VERTEX_POINT('',#19981);
#5806=VERTEX_POINT('',#19983);
#5807=VERTEX_POINT('',#19987);
#5808=VERTEX_POINT('',#19989);
#5809=VERTEX_POINT('',#19993);
#5810=VERTEX_POINT('',#19995);
#5811=VERTEX_POINT('',#20002);
#5812=VERTEX_POINT('',#20003);
#5813=VERTEX_POINT('',#20005);
#5814=VERTEX_POINT('',#20007);
#5815=VERTEX_POINT('',#20011);
#5816=VERTEX_POINT('',#20013);
#5817=VERTEX_POINT('',#20017);
#5818=VERTEX_POINT('',#20019);
#5819=VERTEX_POINT('',#20023);
#5820=VERTEX_POINT('',#20025);
#5821=VERTEX_POINT('',#20029);
#5822=VERTEX_POINT('',#20031);
#5823=VERTEX_POINT('',#20035);
#5824=VERTEX_POINT('',#20037);
#5825=VERTEX_POINT('',#20041);
#5826=VERTEX_POINT('',#20043);
#5827=VERTEX_POINT('',#20050);
#5828=VERTEX_POINT('',#20051);
#5829=VERTEX_POINT('',#20053);
#5830=VERTEX_POINT('',#20055);
#5831=VERTEX_POINT('',#20059);
#5832=VERTEX_POINT('',#20061);
#5833=VERTEX_POINT('',#20065);
#5834=VERTEX_POINT('',#20067);
#5835=VERTEX_POINT('',#20071);
#5836=VERTEX_POINT('',#20073);
#5837=VERTEX_POINT('',#20077);
#5838=VERTEX_POINT('',#20079);
#5839=VERTEX_POINT('',#20083);
#5840=VERTEX_POINT('',#20085);
#5841=VERTEX_POINT('',#20089);
#5842=VERTEX_POINT('',#20091);
#5843=VERTEX_POINT('',#20098);
#5844=VERTEX_POINT('',#20099);
#5845=VERTEX_POINT('',#20101);
#5846=VERTEX_POINT('',#20103);
#5847=VERTEX_POINT('',#20107);
#5848=VERTEX_POINT('',#20109);
#5849=VERTEX_POINT('',#20113);
#5850=VERTEX_POINT('',#20115);
#5851=VERTEX_POINT('',#20119);
#5852=VERTEX_POINT('',#20121);
#5853=VERTEX_POINT('',#20125);
#5854=VERTEX_POINT('',#20127);
#5855=VERTEX_POINT('',#20131);
#5856=VERTEX_POINT('',#20133);
#5857=VERTEX_POINT('',#20137);
#5858=VERTEX_POINT('',#20139);
#5859=VERTEX_POINT('',#20146);
#5860=VERTEX_POINT('',#20147);
#5861=VERTEX_POINT('',#20149);
#5862=VERTEX_POINT('',#20151);
#5863=VERTEX_POINT('',#20155);
#5864=VERTEX_POINT('',#20157);
#5865=VERTEX_POINT('',#20161);
#5866=VERTEX_POINT('',#20163);
#5867=VERTEX_POINT('',#20167);
#5868=VERTEX_POINT('',#20169);
#5869=VERTEX_POINT('',#20173);
#5870=VERTEX_POINT('',#20175);
#5871=VERTEX_POINT('',#20179);
#5872=VERTEX_POINT('',#20181);
#5873=VERTEX_POINT('',#20185);
#5874=VERTEX_POINT('',#20187);
#5875=VERTEX_POINT('',#20194);
#5876=VERTEX_POINT('',#20195);
#5877=VERTEX_POINT('',#20197);
#5878=VERTEX_POINT('',#20199);
#5879=VERTEX_POINT('',#20203);
#5880=VERTEX_POINT('',#20205);
#5881=VERTEX_POINT('',#20209);
#5882=VERTEX_POINT('',#20211);
#5883=VERTEX_POINT('',#20215);
#5884=VERTEX_POINT('',#20217);
#5885=VERTEX_POINT('',#20221);
#5886=VERTEX_POINT('',#20223);
#5887=VERTEX_POINT('',#20227);
#5888=VERTEX_POINT('',#20229);
#5889=VERTEX_POINT('',#20233);
#5890=VERTEX_POINT('',#20235);
#5891=VERTEX_POINT('',#20242);
#5892=VERTEX_POINT('',#20243);
#5893=VERTEX_POINT('',#20245);
#5894=VERTEX_POINT('',#20247);
#5895=VERTEX_POINT('',#20251);
#5896=VERTEX_POINT('',#20253);
#5897=VERTEX_POINT('',#20257);
#5898=VERTEX_POINT('',#20259);
#5899=VERTEX_POINT('',#20263);
#5900=VERTEX_POINT('',#20265);
#5901=VERTEX_POINT('',#20269);
#5902=VERTEX_POINT('',#20271);
#5903=VERTEX_POINT('',#20275);
#5904=VERTEX_POINT('',#20277);
#5905=VERTEX_POINT('',#20281);
#5906=VERTEX_POINT('',#20283);
#5907=VERTEX_POINT('',#20290);
#5908=VERTEX_POINT('',#20291);
#5909=VERTEX_POINT('',#20293);
#5910=VERTEX_POINT('',#20295);
#5911=VERTEX_POINT('',#20299);
#5912=VERTEX_POINT('',#20301);
#5913=VERTEX_POINT('',#20305);
#5914=VERTEX_POINT('',#20307);
#5915=VERTEX_POINT('',#20311);
#5916=VERTEX_POINT('',#20313);
#5917=VERTEX_POINT('',#20317);
#5918=VERTEX_POINT('',#20319);
#5919=VERTEX_POINT('',#20328);
#5920=VERTEX_POINT('',#20329);
#5921=VERTEX_POINT('',#20331);
#5922=VERTEX_POINT('',#20333);
#5923=VERTEX_POINT('',#20335);
#5924=VERTEX_POINT('',#20337);
#5925=VERTEX_POINT('',#20341);
#5926=VERTEX_POINT('',#20342);
#5927=VERTEX_POINT('',#20344);
#5928=VERTEX_POINT('',#20346);
#5929=VERTEX_POINT('',#20348);
#5930=VERTEX_POINT('',#20350);
#5931=VERTEX_POINT('',#20354);
#5932=VERTEX_POINT('',#20355);
#5933=VERTEX_POINT('',#20357);
#5934=VERTEX_POINT('',#20359);
#5935=VERTEX_POINT('',#20364);
#5936=VERTEX_POINT('',#20366);
#5937=VERTEX_POINT('',#20371);
#5938=VERTEX_POINT('',#20373);
#5939=VERTEX_POINT('',#20377);
#5940=VERTEX_POINT('',#20379);
#5941=VERTEX_POINT('',#20385);
#5942=VERTEX_POINT('',#20389);
#5943=VERTEX_POINT('',#20391);
#5944=VERTEX_POINT('',#20397);
#5945=VERTEX_POINT('',#20398);
#5946=VERTEX_POINT('',#20400);
#5947=VERTEX_POINT('',#20402);
#5948=VERTEX_POINT('',#20404);
#5949=VERTEX_POINT('',#20406);
#5950=VERTEX_POINT('',#20409);
#5951=VERTEX_POINT('',#20416);
#5952=VERTEX_POINT('',#20418);
#5953=VERTEX_POINT('',#20422);
#5954=VERTEX_POINT('',#20426);
#5955=VERTEX_POINT('',#20430);
#5956=VERTEX_POINT('',#20434);
#5957=VERTEX_POINT('',#20440);
#5958=VERTEX_POINT('',#20444);
#5959=VERTEX_POINT('',#20451);
#5960=VERTEX_POINT('',#20452);
#5961=VERTEX_POINT('',#20454);
#5962=VERTEX_POINT('',#20456);
#5963=VERTEX_POINT('',#20458);
#5964=VERTEX_POINT('',#20460);
#5965=VERTEX_POINT('',#20462);
#5966=VERTEX_POINT('',#20464);
#5967=VERTEX_POINT('',#20468);
#5968=VERTEX_POINT('',#20469);
#5969=VERTEX_POINT('',#20471);
#5970=VERTEX_POINT('',#20473);
#5971=VERTEX_POINT('',#20475);
#5972=VERTEX_POINT('',#20477);
#5973=VERTEX_POINT('',#20479);
#5974=VERTEX_POINT('',#20481);
#5975=VERTEX_POINT('',#20485);
#5976=VERTEX_POINT('',#20486);
#5977=VERTEX_POINT('',#20488);
#5978=VERTEX_POINT('',#20490);
#5979=VERTEX_POINT('',#20496);
#5980=VERTEX_POINT('',#20498);
#5981=VERTEX_POINT('',#20502);
#5982=VERTEX_POINT('',#20506);
#5983=VERTEX_POINT('',#20510);
#5984=VERTEX_POINT('',#20514);
#5985=VERTEX_POINT('',#20518);
#5986=VERTEX_POINT('',#20522);
#5987=VERTEX_POINT('',#20528);
#5988=VERTEX_POINT('',#20529);
#5989=VERTEX_POINT('',#20531);
#5990=VERTEX_POINT('',#20533);
#5991=VERTEX_POINT('',#20535);
#5992=VERTEX_POINT('',#20537);
#5993=VERTEX_POINT('',#20539);
#5994=VERTEX_POINT('',#20541);
#5995=VERTEX_POINT('',#20545);
#5996=VERTEX_POINT('',#20547);
#5997=VERTEX_POINT('',#20551);
#5998=VERTEX_POINT('',#20555);
#5999=VERTEX_POINT('',#20557);
#6000=VERTEX_POINT('',#20563);
#6001=VERTEX_POINT('',#20565);
#6002=VERTEX_POINT('',#20569);
#6003=VERTEX_POINT('',#20573);
#6004=VERTEX_POINT('',#20577);
#6005=VERTEX_POINT('',#20581);
#6006=VERTEX_POINT('',#20585);
#6007=VERTEX_POINT('',#20589);
#6008=VERTEX_POINT('',#20595);
#6009=VERTEX_POINT('',#20599);
#6010=VERTEX_POINT('',#20603);
#6011=EDGE_CURVE('',#4819,#4820,#2323,.T.);
#6012=EDGE_CURVE('',#4820,#4821,#2324,.T.);
#6013=EDGE_CURVE('',#4822,#4821,#2325,.T.);
#6014=EDGE_CURVE('',#4819,#4822,#2326,.T.);
#6015=EDGE_CURVE('',#4823,#4819,#161,.T.);
#6016=EDGE_CURVE('',#4824,#4822,#162,.T.);
#6017=EDGE_CURVE('',#4823,#4824,#2327,.T.);
#6018=EDGE_CURVE('',#4825,#4823,#2328,.T.);
#6019=EDGE_CURVE('',#4826,#4824,#2329,.T.);
#6020=EDGE_CURVE('',#4825,#4826,#2330,.T.);
#6021=EDGE_CURVE('',#4827,#4825,#163,.T.);
#6022=EDGE_CURVE('',#4828,#4826,#164,.T.);
#6023=EDGE_CURVE('',#4827,#4828,#2331,.T.);
#6024=EDGE_CURVE('',#4829,#4827,#2332,.T.);
#6025=EDGE_CURVE('',#4830,#4828,#2333,.T.);
#6026=EDGE_CURVE('',#4829,#4830,#2334,.T.);
#6027=EDGE_CURVE('',#4831,#4829,#165,.T.);
#6028=EDGE_CURVE('',#4832,#4830,#166,.T.);
#6029=EDGE_CURVE('',#4831,#4832,#2335,.T.);
#6030=EDGE_CURVE('',#4833,#4831,#2336,.T.);
#6031=EDGE_CURVE('',#4834,#4832,#2337,.T.);
#6032=EDGE_CURVE('',#4833,#4834,#2338,.T.);
#6033=EDGE_CURVE('',#4820,#4833,#167,.T.);
#6034=EDGE_CURVE('',#4821,#4834,#168,.T.);
#6035=EDGE_CURVE('',#4835,#4836,#2339,.T.);
#6036=EDGE_CURVE('',#4836,#4837,#2340,.T.);
#6037=EDGE_CURVE('',#4838,#4837,#2341,.T.);
#6038=EDGE_CURVE('',#4835,#4838,#2342,.T.);
#6039=EDGE_CURVE('',#4839,#4835,#169,.T.);
#6040=EDGE_CURVE('',#4840,#4838,#170,.T.);
#6041=EDGE_CURVE('',#4839,#4840,#2343,.T.);
#6042=EDGE_CURVE('',#4841,#4839,#2344,.T.);
#6043=EDGE_CURVE('',#4842,#4840,#2345,.T.);
#6044=EDGE_CURVE('',#4841,#4842,#2346,.T.);
#6045=EDGE_CURVE('',#4843,#4841,#171,.T.);
#6046=EDGE_CURVE('',#4844,#4842,#172,.T.);
#6047=EDGE_CURVE('',#4843,#4844,#2347,.T.);
#6048=EDGE_CURVE('',#4845,#4843,#2348,.T.);
#6049=EDGE_CURVE('',#4846,#4844,#2349,.T.);
#6050=EDGE_CURVE('',#4845,#4846,#2350,.T.);
#6051=EDGE_CURVE('',#4847,#4845,#173,.T.);
#6052=EDGE_CURVE('',#4848,#4846,#174,.T.);
#6053=EDGE_CURVE('',#4847,#4848,#2351,.T.);
#6054=EDGE_CURVE('',#4849,#4847,#2352,.T.);
#6055=EDGE_CURVE('',#4850,#4848,#2353,.T.);
#6056=EDGE_CURVE('',#4849,#4850,#2354,.T.);
#6057=EDGE_CURVE('',#4836,#4849,#175,.T.);
#6058=EDGE_CURVE('',#4837,#4850,#176,.T.);
#6059=EDGE_CURVE('',#4851,#4852,#2355,.T.);
#6060=EDGE_CURVE('',#4852,#4853,#2356,.T.);
#6061=EDGE_CURVE('',#4854,#4853,#2357,.T.);
#6062=EDGE_CURVE('',#4851,#4854,#2358,.T.);
#6063=EDGE_CURVE('',#4855,#4851,#177,.T.);
#6064=EDGE_CURVE('',#4856,#4854,#178,.T.);
#6065=EDGE_CURVE('',#4855,#4856,#2359,.T.);
#6066=EDGE_CURVE('',#4857,#4855,#2360,.T.);
#6067=EDGE_CURVE('',#4858,#4856,#2361,.T.);
#6068=EDGE_CURVE('',#4857,#4858,#2362,.T.);
#6069=EDGE_CURVE('',#4859,#4857,#179,.T.);
#6070=EDGE_CURVE('',#4860,#4858,#180,.T.);
#6071=EDGE_CURVE('',#4859,#4860,#2363,.T.);
#6072=EDGE_CURVE('',#4861,#4859,#2364,.T.);
#6073=EDGE_CURVE('',#4862,#4860,#2365,.T.);
#6074=EDGE_CURVE('',#4861,#4862,#2366,.T.);
#6075=EDGE_CURVE('',#4863,#4861,#181,.T.);
#6076=EDGE_CURVE('',#4864,#4862,#182,.T.);
#6077=EDGE_CURVE('',#4863,#4864,#2367,.T.);
#6078=EDGE_CURVE('',#4865,#4863,#2368,.T.);
#6079=EDGE_CURVE('',#4866,#4864,#2369,.T.);
#6080=EDGE_CURVE('',#4865,#4866,#2370,.T.);
#6081=EDGE_CURVE('',#4852,#4865,#183,.T.);
#6082=EDGE_CURVE('',#4853,#4866,#184,.T.);
#6083=EDGE_CURVE('',#4867,#4868,#2371,.T.);
#6084=EDGE_CURVE('',#4868,#4869,#2372,.T.);
#6085=EDGE_CURVE('',#4870,#4869,#2373,.T.);
#6086=EDGE_CURVE('',#4867,#4870,#2374,.T.);
#6087=EDGE_CURVE('',#4871,#4867,#185,.T.);
#6088=EDGE_CURVE('',#4872,#4870,#186,.T.);
#6089=EDGE_CURVE('',#4871,#4872,#2375,.T.);
#6090=EDGE_CURVE('',#4873,#4871,#2376,.T.);
#6091=EDGE_CURVE('',#4874,#4872,#2377,.T.);
#6092=EDGE_CURVE('',#4873,#4874,#2378,.T.);
#6093=EDGE_CURVE('',#4875,#4873,#187,.T.);
#6094=EDGE_CURVE('',#4876,#4874,#188,.T.);
#6095=EDGE_CURVE('',#4875,#4876,#2379,.T.);
#6096=EDGE_CURVE('',#4877,#4875,#2380,.T.);
#6097=EDGE_CURVE('',#4878,#4876,#2381,.T.);
#6098=EDGE_CURVE('',#4877,#4878,#2382,.T.);
#6099=EDGE_CURVE('',#4879,#4877,#189,.T.);
#6100=EDGE_CURVE('',#4880,#4878,#190,.T.);
#6101=EDGE_CURVE('',#4879,#4880,#2383,.T.);
#6102=EDGE_CURVE('',#4881,#4879,#2384,.T.);
#6103=EDGE_CURVE('',#4882,#4880,#2385,.T.);
#6104=EDGE_CURVE('',#4881,#4882,#2386,.T.);
#6105=EDGE_CURVE('',#4868,#4881,#191,.T.);
#6106=EDGE_CURVE('',#4869,#4882,#192,.T.);
#6107=EDGE_CURVE('',#4883,#4884,#2387,.T.);
#6108=EDGE_CURVE('',#4884,#4885,#2388,.T.);
#6109=EDGE_CURVE('',#4886,#4885,#2389,.T.);
#6110=EDGE_CURVE('',#4883,#4886,#2390,.T.);
#6111=EDGE_CURVE('',#4887,#4883,#193,.T.);
#6112=EDGE_CURVE('',#4888,#4886,#194,.T.);
#6113=EDGE_CURVE('',#4887,#4888,#2391,.T.);
#6114=EDGE_CURVE('',#4889,#4887,#2392,.T.);
#6115=EDGE_CURVE('',#4890,#4888,#2393,.T.);
#6116=EDGE_CURVE('',#4889,#4890,#2394,.T.);
#6117=EDGE_CURVE('',#4891,#4889,#195,.T.);
#6118=EDGE_CURVE('',#4892,#4890,#196,.T.);
#6119=EDGE_CURVE('',#4891,#4892,#2395,.T.);
#6120=EDGE_CURVE('',#4893,#4891,#2396,.T.);
#6121=EDGE_CURVE('',#4894,#4892,#2397,.T.);
#6122=EDGE_CURVE('',#4893,#4894,#2398,.T.);
#6123=EDGE_CURVE('',#4895,#4893,#197,.T.);
#6124=EDGE_CURVE('',#4896,#4894,#198,.T.);
#6125=EDGE_CURVE('',#4895,#4896,#2399,.T.);
#6126=EDGE_CURVE('',#4897,#4895,#2400,.T.);
#6127=EDGE_CURVE('',#4898,#4896,#2401,.T.);
#6128=EDGE_CURVE('',#4897,#4898,#2402,.T.);
#6129=EDGE_CURVE('',#4884,#4897,#199,.T.);
#6130=EDGE_CURVE('',#4885,#4898,#200,.T.);
#6131=EDGE_CURVE('',#4899,#4900,#2403,.T.);
#6132=EDGE_CURVE('',#4900,#4901,#2404,.T.);
#6133=EDGE_CURVE('',#4902,#4901,#2405,.T.);
#6134=EDGE_CURVE('',#4899,#4902,#2406,.T.);
#6135=EDGE_CURVE('',#4903,#4899,#201,.T.);
#6136=EDGE_CURVE('',#4904,#4902,#202,.T.);
#6137=EDGE_CURVE('',#4903,#4904,#2407,.T.);
#6138=EDGE_CURVE('',#4905,#4903,#2408,.T.);
#6139=EDGE_CURVE('',#4906,#4904,#2409,.T.);
#6140=EDGE_CURVE('',#4905,#4906,#2410,.T.);
#6141=EDGE_CURVE('',#4907,#4905,#203,.T.);
#6142=EDGE_CURVE('',#4908,#4906,#204,.T.);
#6143=EDGE_CURVE('',#4907,#4908,#2411,.T.);
#6144=EDGE_CURVE('',#4909,#4907,#2412,.T.);
#6145=EDGE_CURVE('',#4910,#4908,#2413,.T.);
#6146=EDGE_CURVE('',#4909,#4910,#2414,.T.);
#6147=EDGE_CURVE('',#4911,#4909,#205,.T.);
#6148=EDGE_CURVE('',#4912,#4910,#206,.T.);
#6149=EDGE_CURVE('',#4911,#4912,#2415,.T.);
#6150=EDGE_CURVE('',#4913,#4911,#2416,.T.);
#6151=EDGE_CURVE('',#4914,#4912,#2417,.T.);
#6152=EDGE_CURVE('',#4913,#4914,#2418,.T.);
#6153=EDGE_CURVE('',#4900,#4913,#207,.T.);
#6154=EDGE_CURVE('',#4901,#4914,#208,.T.);
#6155=EDGE_CURVE('',#4915,#4916,#2419,.T.);
#6156=EDGE_CURVE('',#4916,#4917,#2420,.T.);
#6157=EDGE_CURVE('',#4918,#4917,#2421,.T.);
#6158=EDGE_CURVE('',#4915,#4918,#2422,.T.);
#6159=EDGE_CURVE('',#4919,#4915,#209,.T.);
#6160=EDGE_CURVE('',#4920,#4918,#210,.T.);
#6161=EDGE_CURVE('',#4919,#4920,#2423,.T.);
#6162=EDGE_CURVE('',#4921,#4919,#2424,.T.);
#6163=EDGE_CURVE('',#4922,#4920,#2425,.T.);
#6164=EDGE_CURVE('',#4921,#4922,#2426,.T.);
#6165=EDGE_CURVE('',#4923,#4921,#211,.T.);
#6166=EDGE_CURVE('',#4924,#4922,#212,.T.);
#6167=EDGE_CURVE('',#4923,#4924,#2427,.T.);
#6168=EDGE_CURVE('',#4925,#4923,#2428,.T.);
#6169=EDGE_CURVE('',#4926,#4924,#2429,.T.);
#6170=EDGE_CURVE('',#4925,#4926,#2430,.T.);
#6171=EDGE_CURVE('',#4927,#4925,#213,.T.);
#6172=EDGE_CURVE('',#4928,#4926,#214,.T.);
#6173=EDGE_CURVE('',#4927,#4928,#2431,.T.);
#6174=EDGE_CURVE('',#4929,#4927,#2432,.T.);
#6175=EDGE_CURVE('',#4930,#4928,#2433,.T.);
#6176=EDGE_CURVE('',#4929,#4930,#2434,.T.);
#6177=EDGE_CURVE('',#4916,#4929,#215,.T.);
#6178=EDGE_CURVE('',#4917,#4930,#216,.T.);
#6179=EDGE_CURVE('',#4931,#4932,#2435,.T.);
#6180=EDGE_CURVE('',#4932,#4933,#2436,.T.);
#6181=EDGE_CURVE('',#4934,#4933,#2437,.T.);
#6182=EDGE_CURVE('',#4931,#4934,#2438,.T.);
#6183=EDGE_CURVE('',#4935,#4931,#217,.T.);
#6184=EDGE_CURVE('',#4936,#4934,#218,.T.);
#6185=EDGE_CURVE('',#4935,#4936,#2439,.T.);
#6186=EDGE_CURVE('',#4937,#4935,#2440,.T.);
#6187=EDGE_CURVE('',#4938,#4936,#2441,.T.);
#6188=EDGE_CURVE('',#4937,#4938,#2442,.T.);
#6189=EDGE_CURVE('',#4939,#4937,#219,.T.);
#6190=EDGE_CURVE('',#4940,#4938,#220,.T.);
#6191=EDGE_CURVE('',#4939,#4940,#2443,.T.);
#6192=EDGE_CURVE('',#4941,#4939,#2444,.T.);
#6193=EDGE_CURVE('',#4942,#4940,#2445,.T.);
#6194=EDGE_CURVE('',#4941,#4942,#2446,.T.);
#6195=EDGE_CURVE('',#4943,#4941,#221,.T.);
#6196=EDGE_CURVE('',#4944,#4942,#222,.T.);
#6197=EDGE_CURVE('',#4943,#4944,#2447,.T.);
#6198=EDGE_CURVE('',#4945,#4943,#2448,.T.);
#6199=EDGE_CURVE('',#4946,#4944,#2449,.T.);
#6200=EDGE_CURVE('',#4945,#4946,#2450,.T.);
#6201=EDGE_CURVE('',#4932,#4945,#223,.T.);
#6202=EDGE_CURVE('',#4933,#4946,#224,.T.);
#6203=EDGE_CURVE('',#4947,#4948,#2451,.T.);
#6204=EDGE_CURVE('',#4948,#4949,#2452,.T.);
#6205=EDGE_CURVE('',#4950,#4949,#2453,.T.);
#6206=EDGE_CURVE('',#4947,#4950,#2454,.T.);
#6207=EDGE_CURVE('',#4951,#4947,#225,.T.);
#6208=EDGE_CURVE('',#4952,#4950,#226,.T.);
#6209=EDGE_CURVE('',#4951,#4952,#2455,.T.);
#6210=EDGE_CURVE('',#4953,#4951,#2456,.T.);
#6211=EDGE_CURVE('',#4954,#4952,#2457,.T.);
#6212=EDGE_CURVE('',#4953,#4954,#2458,.T.);
#6213=EDGE_CURVE('',#4955,#4953,#227,.T.);
#6214=EDGE_CURVE('',#4956,#4954,#228,.T.);
#6215=EDGE_CURVE('',#4955,#4956,#2459,.T.);
#6216=EDGE_CURVE('',#4957,#4955,#2460,.T.);
#6217=EDGE_CURVE('',#4958,#4956,#2461,.T.);
#6218=EDGE_CURVE('',#4957,#4958,#2462,.T.);
#6219=EDGE_CURVE('',#4959,#4957,#229,.T.);
#6220=EDGE_CURVE('',#4960,#4958,#230,.T.);
#6221=EDGE_CURVE('',#4959,#4960,#2463,.T.);
#6222=EDGE_CURVE('',#4961,#4959,#2464,.T.);
#6223=EDGE_CURVE('',#4962,#4960,#2465,.T.);
#6224=EDGE_CURVE('',#4961,#4962,#2466,.T.);
#6225=EDGE_CURVE('',#4948,#4961,#231,.T.);
#6226=EDGE_CURVE('',#4949,#4962,#232,.T.);
#6227=EDGE_CURVE('',#4963,#4964,#2467,.T.);
#6228=EDGE_CURVE('',#4964,#4965,#2468,.T.);
#6229=EDGE_CURVE('',#4966,#4965,#2469,.T.);
#6230=EDGE_CURVE('',#4963,#4966,#2470,.T.);
#6231=EDGE_CURVE('',#4967,#4963,#233,.T.);
#6232=EDGE_CURVE('',#4968,#4966,#234,.T.);
#6233=EDGE_CURVE('',#4967,#4968,#2471,.T.);
#6234=EDGE_CURVE('',#4969,#4967,#2472,.T.);
#6235=EDGE_CURVE('',#4970,#4968,#2473,.T.);
#6236=EDGE_CURVE('',#4969,#4970,#2474,.T.);
#6237=EDGE_CURVE('',#4971,#4969,#235,.T.);
#6238=EDGE_CURVE('',#4972,#4970,#236,.T.);
#6239=EDGE_CURVE('',#4971,#4972,#2475,.T.);
#6240=EDGE_CURVE('',#4973,#4971,#2476,.T.);
#6241=EDGE_CURVE('',#4974,#4972,#2477,.T.);
#6242=EDGE_CURVE('',#4973,#4974,#2478,.T.);
#6243=EDGE_CURVE('',#4975,#4973,#237,.T.);
#6244=EDGE_CURVE('',#4976,#4974,#238,.T.);
#6245=EDGE_CURVE('',#4975,#4976,#2479,.T.);
#6246=EDGE_CURVE('',#4977,#4975,#2480,.T.);
#6247=EDGE_CURVE('',#4978,#4976,#2481,.T.);
#6248=EDGE_CURVE('',#4977,#4978,#2482,.T.);
#6249=EDGE_CURVE('',#4964,#4977,#239,.T.);
#6250=EDGE_CURVE('',#4965,#4978,#240,.T.);
#6251=EDGE_CURVE('',#4979,#4980,#2483,.T.);
#6252=EDGE_CURVE('',#4980,#4981,#2484,.T.);
#6253=EDGE_CURVE('',#4982,#4981,#2485,.T.);
#6254=EDGE_CURVE('',#4979,#4982,#2486,.T.);
#6255=EDGE_CURVE('',#4983,#4979,#241,.T.);
#6256=EDGE_CURVE('',#4984,#4982,#242,.T.);
#6257=EDGE_CURVE('',#4983,#4984,#2487,.T.);
#6258=EDGE_CURVE('',#4985,#4983,#2488,.T.);
#6259=EDGE_CURVE('',#4986,#4984,#2489,.T.);
#6260=EDGE_CURVE('',#4985,#4986,#2490,.T.);
#6261=EDGE_CURVE('',#4987,#4985,#243,.T.);
#6262=EDGE_CURVE('',#4988,#4986,#244,.T.);
#6263=EDGE_CURVE('',#4987,#4988,#2491,.T.);
#6264=EDGE_CURVE('',#4989,#4987,#2492,.T.);
#6265=EDGE_CURVE('',#4990,#4988,#2493,.T.);
#6266=EDGE_CURVE('',#4989,#4990,#2494,.T.);
#6267=EDGE_CURVE('',#4991,#4989,#245,.T.);
#6268=EDGE_CURVE('',#4992,#4990,#246,.T.);
#6269=EDGE_CURVE('',#4991,#4992,#2495,.T.);
#6270=EDGE_CURVE('',#4993,#4991,#2496,.T.);
#6271=EDGE_CURVE('',#4994,#4992,#2497,.T.);
#6272=EDGE_CURVE('',#4993,#4994,#2498,.T.);
#6273=EDGE_CURVE('',#4980,#4993,#247,.T.);
#6274=EDGE_CURVE('',#4981,#4994,#248,.T.);
#6275=EDGE_CURVE('',#4995,#4996,#2499,.T.);
#6276=EDGE_CURVE('',#4996,#4997,#2500,.T.);
#6277=EDGE_CURVE('',#4998,#4997,#2501,.T.);
#6278=EDGE_CURVE('',#4995,#4998,#2502,.T.);
#6279=EDGE_CURVE('',#4999,#4995,#249,.T.);
#6280=EDGE_CURVE('',#5000,#4998,#250,.T.);
#6281=EDGE_CURVE('',#4999,#5000,#2503,.T.);
#6282=EDGE_CURVE('',#5001,#4999,#2504,.T.);
#6283=EDGE_CURVE('',#5002,#5000,#2505,.T.);
#6284=EDGE_CURVE('',#5001,#5002,#2506,.T.);
#6285=EDGE_CURVE('',#5003,#5001,#251,.T.);
#6286=EDGE_CURVE('',#5004,#5002,#252,.T.);
#6287=EDGE_CURVE('',#5003,#5004,#2507,.T.);
#6288=EDGE_CURVE('',#5005,#5003,#2508,.T.);
#6289=EDGE_CURVE('',#5006,#5004,#2509,.T.);
#6290=EDGE_CURVE('',#5005,#5006,#2510,.T.);
#6291=EDGE_CURVE('',#5007,#5005,#253,.T.);
#6292=EDGE_CURVE('',#5008,#5006,#254,.T.);
#6293=EDGE_CURVE('',#5007,#5008,#2511,.T.);
#6294=EDGE_CURVE('',#5009,#5007,#2512,.T.);
#6295=EDGE_CURVE('',#5010,#5008,#2513,.T.);
#6296=EDGE_CURVE('',#5009,#5010,#2514,.T.);
#6297=EDGE_CURVE('',#4996,#5009,#255,.T.);
#6298=EDGE_CURVE('',#4997,#5010,#256,.T.);
#6299=EDGE_CURVE('',#5011,#5012,#2515,.T.);
#6300=EDGE_CURVE('',#5012,#5013,#2516,.T.);
#6301=EDGE_CURVE('',#5014,#5013,#2517,.T.);
#6302=EDGE_CURVE('',#5011,#5014,#2518,.T.);
#6303=EDGE_CURVE('',#5015,#5011,#257,.T.);
#6304=EDGE_CURVE('',#5016,#5014,#258,.T.);
#6305=EDGE_CURVE('',#5015,#5016,#2519,.T.);
#6306=EDGE_CURVE('',#5017,#5015,#2520,.T.);
#6307=EDGE_CURVE('',#5018,#5016,#2521,.T.);
#6308=EDGE_CURVE('',#5017,#5018,#2522,.T.);
#6309=EDGE_CURVE('',#5019,#5017,#259,.T.);
#6310=EDGE_CURVE('',#5020,#5018,#260,.T.);
#6311=EDGE_CURVE('',#5019,#5020,#2523,.T.);
#6312=EDGE_CURVE('',#5021,#5019,#2524,.T.);
#6313=EDGE_CURVE('',#5022,#5020,#2525,.T.);
#6314=EDGE_CURVE('',#5021,#5022,#2526,.T.);
#6315=EDGE_CURVE('',#5023,#5021,#261,.T.);
#6316=EDGE_CURVE('',#5024,#5022,#262,.T.);
#6317=EDGE_CURVE('',#5023,#5024,#2527,.T.);
#6318=EDGE_CURVE('',#5025,#5023,#2528,.T.);
#6319=EDGE_CURVE('',#5026,#5024,#2529,.T.);
#6320=EDGE_CURVE('',#5025,#5026,#2530,.T.);
#6321=EDGE_CURVE('',#5012,#5025,#263,.T.);
#6322=EDGE_CURVE('',#5013,#5026,#264,.T.);
#6323=EDGE_CURVE('',#5027,#5028,#2531,.T.);
#6324=EDGE_CURVE('',#5028,#5029,#2532,.T.);
#6325=EDGE_CURVE('',#5030,#5029,#2533,.T.);
#6326=EDGE_CURVE('',#5027,#5030,#2534,.T.);
#6327=EDGE_CURVE('',#5031,#5027,#265,.T.);
#6328=EDGE_CURVE('',#5032,#5030,#266,.T.);
#6329=EDGE_CURVE('',#5031,#5032,#2535,.T.);
#6330=EDGE_CURVE('',#5033,#5031,#2536,.T.);
#6331=EDGE_CURVE('',#5034,#5032,#2537,.T.);
#6332=EDGE_CURVE('',#5033,#5034,#2538,.T.);
#6333=EDGE_CURVE('',#5035,#5033,#267,.T.);
#6334=EDGE_CURVE('',#5036,#5034,#268,.T.);
#6335=EDGE_CURVE('',#5035,#5036,#2539,.T.);
#6336=EDGE_CURVE('',#5037,#5035,#2540,.T.);
#6337=EDGE_CURVE('',#5038,#5036,#2541,.T.);
#6338=EDGE_CURVE('',#5037,#5038,#2542,.T.);
#6339=EDGE_CURVE('',#5039,#5037,#269,.T.);
#6340=EDGE_CURVE('',#5040,#5038,#270,.T.);
#6341=EDGE_CURVE('',#5039,#5040,#2543,.T.);
#6342=EDGE_CURVE('',#5041,#5039,#2544,.T.);
#6343=EDGE_CURVE('',#5042,#5040,#2545,.T.);
#6344=EDGE_CURVE('',#5041,#5042,#2546,.T.);
#6345=EDGE_CURVE('',#5028,#5041,#271,.T.);
#6346=EDGE_CURVE('',#5029,#5042,#272,.T.);
#6347=EDGE_CURVE('',#5043,#5044,#2547,.T.);
#6348=EDGE_CURVE('',#5044,#5045,#2548,.T.);
#6349=EDGE_CURVE('',#5046,#5045,#2549,.T.);
#6350=EDGE_CURVE('',#5043,#5046,#2550,.T.);
#6351=EDGE_CURVE('',#5047,#5043,#273,.T.);
#6352=EDGE_CURVE('',#5048,#5046,#274,.T.);
#6353=EDGE_CURVE('',#5047,#5048,#2551,.T.);
#6354=EDGE_CURVE('',#5049,#5047,#2552,.T.);
#6355=EDGE_CURVE('',#5050,#5048,#2553,.T.);
#6356=EDGE_CURVE('',#5049,#5050,#2554,.T.);
#6357=EDGE_CURVE('',#5051,#5049,#275,.T.);
#6358=EDGE_CURVE('',#5052,#5050,#276,.T.);
#6359=EDGE_CURVE('',#5051,#5052,#2555,.T.);
#6360=EDGE_CURVE('',#5053,#5051,#2556,.T.);
#6361=EDGE_CURVE('',#5054,#5052,#2557,.T.);
#6362=EDGE_CURVE('',#5053,#5054,#2558,.T.);
#6363=EDGE_CURVE('',#5055,#5053,#277,.T.);
#6364=EDGE_CURVE('',#5056,#5054,#278,.T.);
#6365=EDGE_CURVE('',#5055,#5056,#2559,.T.);
#6366=EDGE_CURVE('',#5057,#5055,#2560,.T.);
#6367=EDGE_CURVE('',#5058,#5056,#2561,.T.);
#6368=EDGE_CURVE('',#5057,#5058,#2562,.T.);
#6369=EDGE_CURVE('',#5044,#5057,#279,.T.);
#6370=EDGE_CURVE('',#5045,#5058,#280,.T.);
#6371=EDGE_CURVE('',#5059,#5060,#2563,.T.);
#6372=EDGE_CURVE('',#5060,#5061,#2564,.T.);
#6373=EDGE_CURVE('',#5062,#5061,#2565,.T.);
#6374=EDGE_CURVE('',#5059,#5062,#2566,.T.);
#6375=EDGE_CURVE('',#5063,#5059,#281,.T.);
#6376=EDGE_CURVE('',#5064,#5062,#282,.T.);
#6377=EDGE_CURVE('',#5063,#5064,#2567,.T.);
#6378=EDGE_CURVE('',#5065,#5063,#2568,.T.);
#6379=EDGE_CURVE('',#5066,#5064,#2569,.T.);
#6380=EDGE_CURVE('',#5065,#5066,#2570,.T.);
#6381=EDGE_CURVE('',#5067,#5065,#283,.T.);
#6382=EDGE_CURVE('',#5068,#5066,#284,.T.);
#6383=EDGE_CURVE('',#5067,#5068,#2571,.T.);
#6384=EDGE_CURVE('',#5069,#5067,#2572,.T.);
#6385=EDGE_CURVE('',#5070,#5068,#2573,.T.);
#6386=EDGE_CURVE('',#5069,#5070,#2574,.T.);
#6387=EDGE_CURVE('',#5071,#5069,#285,.T.);
#6388=EDGE_CURVE('',#5072,#5070,#286,.T.);
#6389=EDGE_CURVE('',#5071,#5072,#2575,.T.);
#6390=EDGE_CURVE('',#5073,#5071,#2576,.T.);
#6391=EDGE_CURVE('',#5074,#5072,#2577,.T.);
#6392=EDGE_CURVE('',#5073,#5074,#2578,.T.);
#6393=EDGE_CURVE('',#5060,#5073,#287,.T.);
#6394=EDGE_CURVE('',#5061,#5074,#288,.T.);
#6395=EDGE_CURVE('',#5075,#5076,#2579,.T.);
#6396=EDGE_CURVE('',#5076,#5077,#2580,.T.);
#6397=EDGE_CURVE('',#5078,#5077,#2581,.T.);
#6398=EDGE_CURVE('',#5075,#5078,#2582,.T.);
#6399=EDGE_CURVE('',#5079,#5075,#289,.T.);
#6400=EDGE_CURVE('',#5080,#5078,#290,.T.);
#6401=EDGE_CURVE('',#5079,#5080,#2583,.T.);
#6402=EDGE_CURVE('',#5081,#5079,#2584,.T.);
#6403=EDGE_CURVE('',#5082,#5080,#2585,.T.);
#6404=EDGE_CURVE('',#5081,#5082,#2586,.T.);
#6405=EDGE_CURVE('',#5083,#5081,#291,.T.);
#6406=EDGE_CURVE('',#5084,#5082,#292,.T.);
#6407=EDGE_CURVE('',#5083,#5084,#2587,.T.);
#6408=EDGE_CURVE('',#5085,#5083,#2588,.T.);
#6409=EDGE_CURVE('',#5086,#5084,#2589,.T.);
#6410=EDGE_CURVE('',#5085,#5086,#2590,.T.);
#6411=EDGE_CURVE('',#5087,#5085,#293,.T.);
#6412=EDGE_CURVE('',#5088,#5086,#294,.T.);
#6413=EDGE_CURVE('',#5087,#5088,#2591,.T.);
#6414=EDGE_CURVE('',#5089,#5087,#2592,.T.);
#6415=EDGE_CURVE('',#5090,#5088,#2593,.T.);
#6416=EDGE_CURVE('',#5089,#5090,#2594,.T.);
#6417=EDGE_CURVE('',#5076,#5089,#295,.T.);
#6418=EDGE_CURVE('',#5077,#5090,#296,.T.);
#6419=EDGE_CURVE('',#5091,#5092,#2595,.T.);
#6420=EDGE_CURVE('',#5092,#5093,#2596,.T.);
#6421=EDGE_CURVE('',#5094,#5093,#2597,.T.);
#6422=EDGE_CURVE('',#5091,#5094,#2598,.T.);
#6423=EDGE_CURVE('',#5095,#5091,#297,.T.);
#6424=EDGE_CURVE('',#5096,#5094,#298,.T.);
#6425=EDGE_CURVE('',#5095,#5096,#2599,.T.);
#6426=EDGE_CURVE('',#5097,#5095,#2600,.T.);
#6427=EDGE_CURVE('',#5098,#5096,#2601,.T.);
#6428=EDGE_CURVE('',#5097,#5098,#2602,.T.);
#6429=EDGE_CURVE('',#5099,#5097,#299,.T.);
#6430=EDGE_CURVE('',#5100,#5098,#300,.T.);
#6431=EDGE_CURVE('',#5099,#5100,#2603,.T.);
#6432=EDGE_CURVE('',#5101,#5099,#2604,.T.);
#6433=EDGE_CURVE('',#5102,#5100,#2605,.T.);
#6434=EDGE_CURVE('',#5101,#5102,#2606,.T.);
#6435=EDGE_CURVE('',#5103,#5101,#301,.T.);
#6436=EDGE_CURVE('',#5104,#5102,#302,.T.);
#6437=EDGE_CURVE('',#5103,#5104,#2607,.T.);
#6438=EDGE_CURVE('',#5105,#5103,#2608,.T.);
#6439=EDGE_CURVE('',#5106,#5104,#2609,.T.);
#6440=EDGE_CURVE('',#5105,#5106,#2610,.T.);
#6441=EDGE_CURVE('',#5092,#5105,#303,.T.);
#6442=EDGE_CURVE('',#5093,#5106,#304,.T.);
#6443=EDGE_CURVE('',#5107,#5108,#2611,.T.);
#6444=EDGE_CURVE('',#5108,#5109,#2612,.T.);
#6445=EDGE_CURVE('',#5110,#5109,#2613,.T.);
#6446=EDGE_CURVE('',#5107,#5110,#2614,.T.);
#6447=EDGE_CURVE('',#5111,#5107,#305,.T.);
#6448=EDGE_CURVE('',#5112,#5110,#306,.T.);
#6449=EDGE_CURVE('',#5111,#5112,#2615,.T.);
#6450=EDGE_CURVE('',#5113,#5111,#2616,.T.);
#6451=EDGE_CURVE('',#5114,#5112,#2617,.T.);
#6452=EDGE_CURVE('',#5113,#5114,#2618,.T.);
#6453=EDGE_CURVE('',#5115,#5113,#307,.T.);
#6454=EDGE_CURVE('',#5116,#5114,#308,.T.);
#6455=EDGE_CURVE('',#5115,#5116,#2619,.T.);
#6456=EDGE_CURVE('',#5117,#5115,#2620,.T.);
#6457=EDGE_CURVE('',#5118,#5116,#2621,.T.);
#6458=EDGE_CURVE('',#5117,#5118,#2622,.T.);
#6459=EDGE_CURVE('',#5119,#5117,#309,.T.);
#6460=EDGE_CURVE('',#5120,#5118,#310,.T.);
#6461=EDGE_CURVE('',#5119,#5120,#2623,.T.);
#6462=EDGE_CURVE('',#5121,#5119,#2624,.T.);
#6463=EDGE_CURVE('',#5122,#5120,#2625,.T.);
#6464=EDGE_CURVE('',#5121,#5122,#2626,.T.);
#6465=EDGE_CURVE('',#5108,#5121,#311,.T.);
#6466=EDGE_CURVE('',#5109,#5122,#312,.T.);
#6467=EDGE_CURVE('',#5123,#5124,#2627,.T.);
#6468=EDGE_CURVE('',#5124,#5125,#2628,.T.);
#6469=EDGE_CURVE('',#5126,#5125,#2629,.T.);
#6470=EDGE_CURVE('',#5123,#5126,#2630,.T.);
#6471=EDGE_CURVE('',#5127,#5123,#313,.T.);
#6472=EDGE_CURVE('',#5128,#5126,#314,.T.);
#6473=EDGE_CURVE('',#5127,#5128,#2631,.T.);
#6474=EDGE_CURVE('',#5129,#5127,#2632,.T.);
#6475=EDGE_CURVE('',#5130,#5128,#2633,.T.);
#6476=EDGE_CURVE('',#5129,#5130,#2634,.T.);
#6477=EDGE_CURVE('',#5131,#5129,#315,.T.);
#6478=EDGE_CURVE('',#5132,#5130,#316,.T.);
#6479=EDGE_CURVE('',#5131,#5132,#2635,.T.);
#6480=EDGE_CURVE('',#5133,#5131,#2636,.T.);
#6481=EDGE_CURVE('',#5134,#5132,#2637,.T.);
#6482=EDGE_CURVE('',#5133,#5134,#2638,.T.);
#6483=EDGE_CURVE('',#5135,#5133,#317,.T.);
#6484=EDGE_CURVE('',#5136,#5134,#318,.T.);
#6485=EDGE_CURVE('',#5135,#5136,#2639,.T.);
#6486=EDGE_CURVE('',#5137,#5135,#2640,.T.);
#6487=EDGE_CURVE('',#5138,#5136,#2641,.T.);
#6488=EDGE_CURVE('',#5137,#5138,#2642,.T.);
#6489=EDGE_CURVE('',#5124,#5137,#319,.T.);
#6490=EDGE_CURVE('',#5125,#5138,#320,.T.);
#6491=EDGE_CURVE('',#5139,#5140,#2643,.T.);
#6492=EDGE_CURVE('',#5140,#5141,#2644,.T.);
#6493=EDGE_CURVE('',#5142,#5141,#2645,.T.);
#6494=EDGE_CURVE('',#5139,#5142,#2646,.T.);
#6495=EDGE_CURVE('',#5143,#5139,#321,.T.);
#6496=EDGE_CURVE('',#5144,#5142,#322,.T.);
#6497=EDGE_CURVE('',#5143,#5144,#2647,.T.);
#6498=EDGE_CURVE('',#5145,#5143,#2648,.T.);
#6499=EDGE_CURVE('',#5146,#5144,#2649,.T.);
#6500=EDGE_CURVE('',#5145,#5146,#2650,.T.);
#6501=EDGE_CURVE('',#5147,#5145,#323,.T.);
#6502=EDGE_CURVE('',#5148,#5146,#324,.T.);
#6503=EDGE_CURVE('',#5147,#5148,#2651,.T.);
#6504=EDGE_CURVE('',#5149,#5147,#2652,.T.);
#6505=EDGE_CURVE('',#5150,#5148,#2653,.T.);
#6506=EDGE_CURVE('',#5149,#5150,#2654,.T.);
#6507=EDGE_CURVE('',#5151,#5149,#325,.T.);
#6508=EDGE_CURVE('',#5152,#5150,#326,.T.);
#6509=EDGE_CURVE('',#5151,#5152,#2655,.T.);
#6510=EDGE_CURVE('',#5153,#5151,#2656,.T.);
#6511=EDGE_CURVE('',#5154,#5152,#2657,.T.);
#6512=EDGE_CURVE('',#5153,#5154,#2658,.T.);
#6513=EDGE_CURVE('',#5140,#5153,#327,.T.);
#6514=EDGE_CURVE('',#5141,#5154,#328,.T.);
#6515=EDGE_CURVE('',#5155,#5156,#2659,.T.);
#6516=EDGE_CURVE('',#5156,#5157,#2660,.T.);
#6517=EDGE_CURVE('',#5158,#5157,#2661,.T.);
#6518=EDGE_CURVE('',#5155,#5158,#2662,.T.);
#6519=EDGE_CURVE('',#5159,#5155,#329,.T.);
#6520=EDGE_CURVE('',#5160,#5158,#330,.T.);
#6521=EDGE_CURVE('',#5159,#5160,#2663,.T.);
#6522=EDGE_CURVE('',#5161,#5159,#2664,.T.);
#6523=EDGE_CURVE('',#5162,#5160,#2665,.T.);
#6524=EDGE_CURVE('',#5161,#5162,#2666,.T.);
#6525=EDGE_CURVE('',#5163,#5161,#331,.T.);
#6526=EDGE_CURVE('',#5164,#5162,#332,.T.);
#6527=EDGE_CURVE('',#5163,#5164,#2667,.T.);
#6528=EDGE_CURVE('',#5165,#5163,#2668,.T.);
#6529=EDGE_CURVE('',#5166,#5164,#2669,.T.);
#6530=EDGE_CURVE('',#5165,#5166,#2670,.T.);
#6531=EDGE_CURVE('',#5167,#5165,#333,.T.);
#6532=EDGE_CURVE('',#5168,#5166,#334,.T.);
#6533=EDGE_CURVE('',#5167,#5168,#2671,.T.);
#6534=EDGE_CURVE('',#5169,#5167,#2672,.T.);
#6535=EDGE_CURVE('',#5170,#5168,#2673,.T.);
#6536=EDGE_CURVE('',#5169,#5170,#2674,.T.);
#6537=EDGE_CURVE('',#5156,#5169,#335,.T.);
#6538=EDGE_CURVE('',#5157,#5170,#336,.T.);
#6539=EDGE_CURVE('',#5171,#5172,#2675,.T.);
#6540=EDGE_CURVE('',#5172,#5173,#2676,.T.);
#6541=EDGE_CURVE('',#5174,#5173,#2677,.T.);
#6542=EDGE_CURVE('',#5171,#5174,#2678,.T.);
#6543=EDGE_CURVE('',#5175,#5171,#337,.T.);
#6544=EDGE_CURVE('',#5176,#5174,#338,.T.);
#6545=EDGE_CURVE('',#5175,#5176,#2679,.T.);
#6546=EDGE_CURVE('',#5177,#5175,#2680,.T.);
#6547=EDGE_CURVE('',#5178,#5176,#2681,.T.);
#6548=EDGE_CURVE('',#5177,#5178,#2682,.T.);
#6549=EDGE_CURVE('',#5179,#5177,#339,.T.);
#6550=EDGE_CURVE('',#5180,#5178,#340,.T.);
#6551=EDGE_CURVE('',#5179,#5180,#2683,.T.);
#6552=EDGE_CURVE('',#5181,#5179,#2684,.T.);
#6553=EDGE_CURVE('',#5182,#5180,#2685,.T.);
#6554=EDGE_CURVE('',#5181,#5182,#2686,.T.);
#6555=EDGE_CURVE('',#5183,#5181,#341,.T.);
#6556=EDGE_CURVE('',#5184,#5182,#342,.T.);
#6557=EDGE_CURVE('',#5183,#5184,#2687,.T.);
#6558=EDGE_CURVE('',#5185,#5183,#2688,.T.);
#6559=EDGE_CURVE('',#5186,#5184,#2689,.T.);
#6560=EDGE_CURVE('',#5185,#5186,#2690,.T.);
#6561=EDGE_CURVE('',#5172,#5185,#343,.T.);
#6562=EDGE_CURVE('',#5173,#5186,#344,.T.);
#6563=EDGE_CURVE('',#5187,#5188,#2691,.T.);
#6564=EDGE_CURVE('',#5188,#5189,#2692,.T.);
#6565=EDGE_CURVE('',#5190,#5189,#2693,.T.);
#6566=EDGE_CURVE('',#5187,#5190,#2694,.T.);
#6567=EDGE_CURVE('',#5191,#5187,#345,.T.);
#6568=EDGE_CURVE('',#5192,#5190,#346,.T.);
#6569=EDGE_CURVE('',#5191,#5192,#2695,.T.);
#6570=EDGE_CURVE('',#5193,#5191,#2696,.T.);
#6571=EDGE_CURVE('',#5194,#5192,#2697,.T.);
#6572=EDGE_CURVE('',#5193,#5194,#2698,.T.);
#6573=EDGE_CURVE('',#5195,#5193,#347,.T.);
#6574=EDGE_CURVE('',#5196,#5194,#348,.T.);
#6575=EDGE_CURVE('',#5195,#5196,#2699,.T.);
#6576=EDGE_CURVE('',#5197,#5195,#2700,.T.);
#6577=EDGE_CURVE('',#5198,#5196,#2701,.T.);
#6578=EDGE_CURVE('',#5197,#5198,#2702,.T.);
#6579=EDGE_CURVE('',#5199,#5197,#349,.T.);
#6580=EDGE_CURVE('',#5200,#5198,#350,.T.);
#6581=EDGE_CURVE('',#5199,#5200,#2703,.T.);
#6582=EDGE_CURVE('',#5201,#5199,#2704,.T.);
#6583=EDGE_CURVE('',#5202,#5200,#2705,.T.);
#6584=EDGE_CURVE('',#5201,#5202,#2706,.T.);
#6585=EDGE_CURVE('',#5188,#5201,#351,.T.);
#6586=EDGE_CURVE('',#5189,#5202,#352,.T.);
#6587=EDGE_CURVE('',#5203,#5204,#2707,.T.);
#6588=EDGE_CURVE('',#5204,#5205,#2708,.T.);
#6589=EDGE_CURVE('',#5206,#5205,#2709,.T.);
#6590=EDGE_CURVE('',#5203,#5206,#2710,.T.);
#6591=EDGE_CURVE('',#5207,#5203,#353,.T.);
#6592=EDGE_CURVE('',#5208,#5206,#354,.T.);
#6593=EDGE_CURVE('',#5207,#5208,#2711,.T.);
#6594=EDGE_CURVE('',#5209,#5207,#2712,.T.);
#6595=EDGE_CURVE('',#5210,#5208,#2713,.T.);
#6596=EDGE_CURVE('',#5209,#5210,#2714,.T.);
#6597=EDGE_CURVE('',#5211,#5209,#355,.T.);
#6598=EDGE_CURVE('',#5212,#5210,#356,.T.);
#6599=EDGE_CURVE('',#5211,#5212,#2715,.T.);
#6600=EDGE_CURVE('',#5213,#5211,#2716,.T.);
#6601=EDGE_CURVE('',#5214,#5212,#2717,.T.);
#6602=EDGE_CURVE('',#5213,#5214,#2718,.T.);
#6603=EDGE_CURVE('',#5215,#5213,#357,.T.);
#6604=EDGE_CURVE('',#5216,#5214,#358,.T.);
#6605=EDGE_CURVE('',#5215,#5216,#2719,.T.);
#6606=EDGE_CURVE('',#5217,#5215,#2720,.T.);
#6607=EDGE_CURVE('',#5218,#5216,#2721,.T.);
#6608=EDGE_CURVE('',#5217,#5218,#2722,.T.);
#6609=EDGE_CURVE('',#5204,#5217,#359,.T.);
#6610=EDGE_CURVE('',#5205,#5218,#360,.T.);
#6611=EDGE_CURVE('',#5219,#5220,#2723,.T.);
#6612=EDGE_CURVE('',#5220,#5221,#2724,.T.);
#6613=EDGE_CURVE('',#5222,#5221,#2725,.T.);
#6614=EDGE_CURVE('',#5219,#5222,#2726,.T.);
#6615=EDGE_CURVE('',#5223,#5219,#361,.T.);
#6616=EDGE_CURVE('',#5224,#5222,#362,.T.);
#6617=EDGE_CURVE('',#5223,#5224,#2727,.T.);
#6618=EDGE_CURVE('',#5225,#5223,#2728,.T.);
#6619=EDGE_CURVE('',#5226,#5224,#2729,.T.);
#6620=EDGE_CURVE('',#5225,#5226,#2730,.T.);
#6621=EDGE_CURVE('',#5227,#5225,#363,.T.);
#6622=EDGE_CURVE('',#5228,#5226,#364,.T.);
#6623=EDGE_CURVE('',#5227,#5228,#2731,.T.);
#6624=EDGE_CURVE('',#5229,#5227,#2732,.T.);
#6625=EDGE_CURVE('',#5230,#5228,#2733,.T.);
#6626=EDGE_CURVE('',#5229,#5230,#2734,.T.);
#6627=EDGE_CURVE('',#5231,#5229,#365,.T.);
#6628=EDGE_CURVE('',#5232,#5230,#366,.T.);
#6629=EDGE_CURVE('',#5231,#5232,#2735,.T.);
#6630=EDGE_CURVE('',#5233,#5231,#2736,.T.);
#6631=EDGE_CURVE('',#5234,#5232,#2737,.T.);
#6632=EDGE_CURVE('',#5233,#5234,#2738,.T.);
#6633=EDGE_CURVE('',#5220,#5233,#367,.T.);
#6634=EDGE_CURVE('',#5221,#5234,#368,.T.);
#6635=EDGE_CURVE('',#5235,#5236,#2739,.T.);
#6636=EDGE_CURVE('',#5236,#5237,#2740,.T.);
#6637=EDGE_CURVE('',#5238,#5237,#2741,.T.);
#6638=EDGE_CURVE('',#5235,#5238,#2742,.T.);
#6639=EDGE_CURVE('',#5239,#5235,#369,.T.);
#6640=EDGE_CURVE('',#5240,#5238,#370,.T.);
#6641=EDGE_CURVE('',#5239,#5240,#2743,.T.);
#6642=EDGE_CURVE('',#5241,#5239,#2744,.T.);
#6643=EDGE_CURVE('',#5242,#5240,#2745,.T.);
#6644=EDGE_CURVE('',#5241,#5242,#2746,.T.);
#6645=EDGE_CURVE('',#5243,#5241,#371,.T.);
#6646=EDGE_CURVE('',#5244,#5242,#372,.T.);
#6647=EDGE_CURVE('',#5243,#5244,#2747,.T.);
#6648=EDGE_CURVE('',#5245,#5243,#2748,.T.);
#6649=EDGE_CURVE('',#5246,#5244,#2749,.T.);
#6650=EDGE_CURVE('',#5245,#5246,#2750,.T.);
#6651=EDGE_CURVE('',#5247,#5245,#373,.T.);
#6652=EDGE_CURVE('',#5248,#5246,#374,.T.);
#6653=EDGE_CURVE('',#5247,#5248,#2751,.T.);
#6654=EDGE_CURVE('',#5249,#5247,#2752,.T.);
#6655=EDGE_CURVE('',#5250,#5248,#2753,.T.);
#6656=EDGE_CURVE('',#5249,#5250,#2754,.T.);
#6657=EDGE_CURVE('',#5236,#5249,#375,.T.);
#6658=EDGE_CURVE('',#5237,#5250,#376,.T.);
#6659=EDGE_CURVE('',#5251,#5252,#2755,.T.);
#6660=EDGE_CURVE('',#5252,#5253,#2756,.T.);
#6661=EDGE_CURVE('',#5254,#5253,#2757,.T.);
#6662=EDGE_CURVE('',#5251,#5254,#2758,.T.);
#6663=EDGE_CURVE('',#5255,#5251,#377,.T.);
#6664=EDGE_CURVE('',#5256,#5254,#378,.T.);
#6665=EDGE_CURVE('',#5255,#5256,#2759,.T.);
#6666=EDGE_CURVE('',#5257,#5255,#2760,.T.);
#6667=EDGE_CURVE('',#5258,#5256,#2761,.T.);
#6668=EDGE_CURVE('',#5257,#5258,#2762,.T.);
#6669=EDGE_CURVE('',#5259,#5257,#379,.T.);
#6670=EDGE_CURVE('',#5260,#5258,#380,.T.);
#6671=EDGE_CURVE('',#5259,#5260,#2763,.T.);
#6672=EDGE_CURVE('',#5261,#5259,#2764,.T.);
#6673=EDGE_CURVE('',#5262,#5260,#2765,.T.);
#6674=EDGE_CURVE('',#5261,#5262,#2766,.T.);
#6675=EDGE_CURVE('',#5263,#5261,#381,.T.);
#6676=EDGE_CURVE('',#5264,#5262,#382,.T.);
#6677=EDGE_CURVE('',#5263,#5264,#2767,.T.);
#6678=EDGE_CURVE('',#5265,#5263,#2768,.T.);
#6679=EDGE_CURVE('',#5266,#5264,#2769,.T.);
#6680=EDGE_CURVE('',#5265,#5266,#2770,.T.);
#6681=EDGE_CURVE('',#5252,#5265,#383,.T.);
#6682=EDGE_CURVE('',#5253,#5266,#384,.T.);
#6683=EDGE_CURVE('',#5267,#5268,#2771,.T.);
#6684=EDGE_CURVE('',#5268,#5269,#2772,.T.);
#6685=EDGE_CURVE('',#5270,#5269,#2773,.T.);
#6686=EDGE_CURVE('',#5267,#5270,#2774,.T.);
#6687=EDGE_CURVE('',#5271,#5267,#385,.T.);
#6688=EDGE_CURVE('',#5272,#5270,#386,.T.);
#6689=EDGE_CURVE('',#5271,#5272,#2775,.T.);
#6690=EDGE_CURVE('',#5273,#5271,#2776,.T.);
#6691=EDGE_CURVE('',#5274,#5272,#2777,.T.);
#6692=EDGE_CURVE('',#5273,#5274,#2778,.T.);
#6693=EDGE_CURVE('',#5275,#5273,#387,.T.);
#6694=EDGE_CURVE('',#5276,#5274,#388,.T.);
#6695=EDGE_CURVE('',#5275,#5276,#2779,.T.);
#6696=EDGE_CURVE('',#5277,#5275,#2780,.T.);
#6697=EDGE_CURVE('',#5278,#5276,#2781,.T.);
#6698=EDGE_CURVE('',#5277,#5278,#2782,.T.);
#6699=EDGE_CURVE('',#5279,#5277,#389,.T.);
#6700=EDGE_CURVE('',#5280,#5278,#390,.T.);
#6701=EDGE_CURVE('',#5279,#5280,#2783,.T.);
#6702=EDGE_CURVE('',#5281,#5279,#2784,.T.);
#6703=EDGE_CURVE('',#5282,#5280,#2785,.T.);
#6704=EDGE_CURVE('',#5281,#5282,#2786,.T.);
#6705=EDGE_CURVE('',#5268,#5281,#391,.T.);
#6706=EDGE_CURVE('',#5269,#5282,#392,.T.);
#6707=EDGE_CURVE('',#5283,#5284,#2787,.T.);
#6708=EDGE_CURVE('',#5284,#5285,#2788,.T.);
#6709=EDGE_CURVE('',#5286,#5285,#2789,.T.);
#6710=EDGE_CURVE('',#5283,#5286,#2790,.T.);
#6711=EDGE_CURVE('',#5287,#5283,#393,.T.);
#6712=EDGE_CURVE('',#5288,#5286,#394,.T.);
#6713=EDGE_CURVE('',#5287,#5288,#2791,.T.);
#6714=EDGE_CURVE('',#5289,#5287,#2792,.T.);
#6715=EDGE_CURVE('',#5290,#5288,#2793,.T.);
#6716=EDGE_CURVE('',#5289,#5290,#2794,.T.);
#6717=EDGE_CURVE('',#5291,#5289,#395,.T.);
#6718=EDGE_CURVE('',#5292,#5290,#396,.T.);
#6719=EDGE_CURVE('',#5291,#5292,#2795,.T.);
#6720=EDGE_CURVE('',#5293,#5291,#2796,.T.);
#6721=EDGE_CURVE('',#5294,#5292,#2797,.T.);
#6722=EDGE_CURVE('',#5293,#5294,#2798,.T.);
#6723=EDGE_CURVE('',#5295,#5293,#397,.T.);
#6724=EDGE_CURVE('',#5296,#5294,#398,.T.);
#6725=EDGE_CURVE('',#5295,#5296,#2799,.T.);
#6726=EDGE_CURVE('',#5297,#5295,#2800,.T.);
#6727=EDGE_CURVE('',#5298,#5296,#2801,.T.);
#6728=EDGE_CURVE('',#5297,#5298,#2802,.T.);
#6729=EDGE_CURVE('',#5284,#5297,#399,.T.);
#6730=EDGE_CURVE('',#5285,#5298,#400,.T.);
#6731=EDGE_CURVE('',#5299,#5300,#2803,.T.);
#6732=EDGE_CURVE('',#5300,#5301,#2804,.T.);
#6733=EDGE_CURVE('',#5302,#5301,#2805,.T.);
#6734=EDGE_CURVE('',#5299,#5302,#2806,.T.);
#6735=EDGE_CURVE('',#5303,#5299,#401,.T.);
#6736=EDGE_CURVE('',#5304,#5302,#402,.T.);
#6737=EDGE_CURVE('',#5303,#5304,#2807,.T.);
#6738=EDGE_CURVE('',#5305,#5303,#2808,.T.);
#6739=EDGE_CURVE('',#5306,#5304,#2809,.T.);
#6740=EDGE_CURVE('',#5305,#5306,#2810,.T.);
#6741=EDGE_CURVE('',#5307,#5305,#403,.T.);
#6742=EDGE_CURVE('',#5308,#5306,#404,.T.);
#6743=EDGE_CURVE('',#5307,#5308,#2811,.T.);
#6744=EDGE_CURVE('',#5309,#5307,#2812,.T.);
#6745=EDGE_CURVE('',#5310,#5308,#2813,.T.);
#6746=EDGE_CURVE('',#5309,#5310,#2814,.T.);
#6747=EDGE_CURVE('',#5311,#5309,#405,.T.);
#6748=EDGE_CURVE('',#5312,#5310,#406,.T.);
#6749=EDGE_CURVE('',#5311,#5312,#2815,.T.);
#6750=EDGE_CURVE('',#5313,#5311,#2816,.T.);
#6751=EDGE_CURVE('',#5314,#5312,#2817,.T.);
#6752=EDGE_CURVE('',#5313,#5314,#2818,.T.);
#6753=EDGE_CURVE('',#5300,#5313,#407,.T.);
#6754=EDGE_CURVE('',#5301,#5314,#408,.T.);
#6755=EDGE_CURVE('',#5315,#5316,#2819,.T.);
#6756=EDGE_CURVE('',#5316,#5317,#2820,.T.);
#6757=EDGE_CURVE('',#5318,#5317,#2821,.T.);
#6758=EDGE_CURVE('',#5315,#5318,#2822,.T.);
#6759=EDGE_CURVE('',#5319,#5315,#409,.T.);
#6760=EDGE_CURVE('',#5320,#5318,#410,.T.);
#6761=EDGE_CURVE('',#5319,#5320,#2823,.T.);
#6762=EDGE_CURVE('',#5321,#5319,#2824,.T.);
#6763=EDGE_CURVE('',#5322,#5320,#2825,.T.);
#6764=EDGE_CURVE('',#5321,#5322,#2826,.T.);
#6765=EDGE_CURVE('',#5323,#5321,#411,.T.);
#6766=EDGE_CURVE('',#5324,#5322,#412,.T.);
#6767=EDGE_CURVE('',#5323,#5324,#2827,.T.);
#6768=EDGE_CURVE('',#5325,#5323,#2828,.T.);
#6769=EDGE_CURVE('',#5326,#5324,#2829,.T.);
#6770=EDGE_CURVE('',#5325,#5326,#2830,.T.);
#6771=EDGE_CURVE('',#5327,#5325,#413,.T.);
#6772=EDGE_CURVE('',#5328,#5326,#414,.T.);
#6773=EDGE_CURVE('',#5327,#5328,#2831,.T.);
#6774=EDGE_CURVE('',#5329,#5327,#2832,.T.);
#6775=EDGE_CURVE('',#5330,#5328,#2833,.T.);
#6776=EDGE_CURVE('',#5329,#5330,#2834,.T.);
#6777=EDGE_CURVE('',#5316,#5329,#415,.T.);
#6778=EDGE_CURVE('',#5317,#5330,#416,.T.);
#6779=EDGE_CURVE('',#5331,#5332,#2835,.T.);
#6780=EDGE_CURVE('',#5331,#5333,#2836,.T.);
#6781=EDGE_CURVE('',#5334,#5333,#2837,.T.);
#6782=EDGE_CURVE('',#5332,#5334,#2838,.T.);
#6783=EDGE_CURVE('',#5335,#5332,#2839,.T.);
#6784=EDGE_CURVE('',#5336,#5334,#2840,.T.);
#6785=EDGE_CURVE('',#5335,#5336,#2841,.T.);
#6786=EDGE_CURVE('',#5337,#5335,#2842,.T.);
#6787=EDGE_CURVE('',#5338,#5336,#2843,.T.);
#6788=EDGE_CURVE('',#5337,#5338,#2844,.T.);
#6789=EDGE_CURVE('',#5339,#5337,#2845,.T.);
#6790=EDGE_CURVE('',#5340,#5338,#2846,.T.);
#6791=EDGE_CURVE('',#5339,#5340,#2847,.T.);
#6792=EDGE_CURVE('',#5341,#5339,#2848,.T.);
#6793=EDGE_CURVE('',#5342,#5340,#2849,.T.);
#6794=EDGE_CURVE('',#5341,#5342,#2850,.T.);
#6795=EDGE_CURVE('',#5343,#5341,#2851,.T.);
#6796=EDGE_CURVE('',#5344,#5342,#2852,.T.);
#6797=EDGE_CURVE('',#5343,#5344,#2853,.T.);
#6798=EDGE_CURVE('',#5345,#5343,#2854,.T.);
#6799=EDGE_CURVE('',#5346,#5344,#2855,.T.);
#6800=EDGE_CURVE('',#5345,#5346,#2856,.T.);
#6801=EDGE_CURVE('',#5331,#5345,#2857,.T.);
#6802=EDGE_CURVE('',#5333,#5346,#2858,.T.);
#6803=EDGE_CURVE('',#5347,#5348,#2859,.T.);
#6804=EDGE_CURVE('',#5348,#5349,#2860,.T.);
#6805=EDGE_CURVE('',#5350,#5349,#2861,.T.);
#6806=EDGE_CURVE('',#5347,#5350,#2862,.T.);
#6807=EDGE_CURVE('',#5351,#5347,#417,.T.);
#6808=EDGE_CURVE('',#5352,#5350,#418,.T.);
#6809=EDGE_CURVE('',#5351,#5352,#2863,.T.);
#6810=EDGE_CURVE('',#5353,#5351,#2864,.T.);
#6811=EDGE_CURVE('',#5354,#5352,#2865,.T.);
#6812=EDGE_CURVE('',#5353,#5354,#2866,.T.);
#6813=EDGE_CURVE('',#5355,#5353,#419,.T.);
#6814=EDGE_CURVE('',#5356,#5354,#420,.T.);
#6815=EDGE_CURVE('',#5355,#5356,#2867,.T.);
#6816=EDGE_CURVE('',#5357,#5355,#2868,.T.);
#6817=EDGE_CURVE('',#5358,#5356,#2869,.T.);
#6818=EDGE_CURVE('',#5357,#5358,#2870,.T.);
#6819=EDGE_CURVE('',#5359,#5357,#421,.T.);
#6820=EDGE_CURVE('',#5360,#5358,#422,.T.);
#6821=EDGE_CURVE('',#5359,#5360,#2871,.T.);
#6822=EDGE_CURVE('',#5361,#5359,#2872,.T.);
#6823=EDGE_CURVE('',#5362,#5360,#2873,.T.);
#6824=EDGE_CURVE('',#5361,#5362,#2874,.T.);
#6825=EDGE_CURVE('',#5348,#5361,#423,.T.);
#6826=EDGE_CURVE('',#5349,#5362,#424,.T.);
#6827=EDGE_CURVE('',#5363,#5364,#2875,.T.);
#6828=EDGE_CURVE('',#5364,#5365,#2876,.T.);
#6829=EDGE_CURVE('',#5366,#5365,#2877,.T.);
#6830=EDGE_CURVE('',#5363,#5366,#2878,.T.);
#6831=EDGE_CURVE('',#5367,#5363,#425,.T.);
#6832=EDGE_CURVE('',#5368,#5366,#426,.T.);
#6833=EDGE_CURVE('',#5367,#5368,#2879,.T.);
#6834=EDGE_CURVE('',#5369,#5367,#2880,.T.);
#6835=EDGE_CURVE('',#5370,#5368,#2881,.T.);
#6836=EDGE_CURVE('',#5369,#5370,#2882,.T.);
#6837=EDGE_CURVE('',#5371,#5369,#427,.T.);
#6838=EDGE_CURVE('',#5372,#5370,#428,.T.);
#6839=EDGE_CURVE('',#5371,#5372,#2883,.T.);
#6840=EDGE_CURVE('',#5373,#5371,#2884,.T.);
#6841=EDGE_CURVE('',#5374,#5372,#2885,.T.);
#6842=EDGE_CURVE('',#5373,#5374,#2886,.T.);
#6843=EDGE_CURVE('',#5375,#5373,#429,.T.);
#6844=EDGE_CURVE('',#5376,#5374,#430,.T.);
#6845=EDGE_CURVE('',#5375,#5376,#2887,.T.);
#6846=EDGE_CURVE('',#5377,#5375,#2888,.T.);
#6847=EDGE_CURVE('',#5378,#5376,#2889,.T.);
#6848=EDGE_CURVE('',#5377,#5378,#2890,.T.);
#6849=EDGE_CURVE('',#5364,#5377,#431,.T.);
#6850=EDGE_CURVE('',#5365,#5378,#432,.T.);
#6851=EDGE_CURVE('',#5379,#5380,#2891,.T.);
#6852=EDGE_CURVE('',#5380,#5381,#2892,.T.);
#6853=EDGE_CURVE('',#5382,#5381,#2893,.T.);
#6854=EDGE_CURVE('',#5379,#5382,#2894,.T.);
#6855=EDGE_CURVE('',#5383,#5379,#433,.T.);
#6856=EDGE_CURVE('',#5384,#5382,#434,.T.);
#6857=EDGE_CURVE('',#5383,#5384,#2895,.T.);
#6858=EDGE_CURVE('',#5385,#5383,#2896,.T.);
#6859=EDGE_CURVE('',#5386,#5384,#2897,.T.);
#6860=EDGE_CURVE('',#5385,#5386,#2898,.T.);
#6861=EDGE_CURVE('',#5387,#5385,#435,.T.);
#6862=EDGE_CURVE('',#5388,#5386,#436,.T.);
#6863=EDGE_CURVE('',#5387,#5388,#2899,.T.);
#6864=EDGE_CURVE('',#5389,#5387,#2900,.T.);
#6865=EDGE_CURVE('',#5390,#5388,#2901,.T.);
#6866=EDGE_CURVE('',#5389,#5390,#2902,.T.);
#6867=EDGE_CURVE('',#5391,#5389,#437,.T.);
#6868=EDGE_CURVE('',#5392,#5390,#438,.T.);
#6869=EDGE_CURVE('',#5391,#5392,#2903,.T.);
#6870=EDGE_CURVE('',#5393,#5391,#2904,.T.);
#6871=EDGE_CURVE('',#5394,#5392,#2905,.T.);
#6872=EDGE_CURVE('',#5393,#5394,#2906,.T.);
#6873=EDGE_CURVE('',#5380,#5393,#439,.T.);
#6874=EDGE_CURVE('',#5381,#5394,#440,.T.);
#6875=EDGE_CURVE('',#5395,#5396,#2907,.T.);
#6876=EDGE_CURVE('',#5396,#5397,#2908,.T.);
#6877=EDGE_CURVE('',#5398,#5397,#2909,.T.);
#6878=EDGE_CURVE('',#5395,#5398,#2910,.T.);
#6879=EDGE_CURVE('',#5399,#5395,#441,.T.);
#6880=EDGE_CURVE('',#5400,#5398,#442,.T.);
#6881=EDGE_CURVE('',#5399,#5400,#2911,.T.);
#6882=EDGE_CURVE('',#5401,#5399,#2912,.T.);
#6883=EDGE_CURVE('',#5402,#5400,#2913,.T.);
#6884=EDGE_CURVE('',#5401,#5402,#2914,.T.);
#6885=EDGE_CURVE('',#5403,#5401,#443,.T.);
#6886=EDGE_CURVE('',#5404,#5402,#444,.T.);
#6887=EDGE_CURVE('',#5403,#5404,#2915,.T.);
#6888=EDGE_CURVE('',#5405,#5403,#2916,.T.);
#6889=EDGE_CURVE('',#5406,#5404,#2917,.T.);
#6890=EDGE_CURVE('',#5405,#5406,#2918,.T.);
#6891=EDGE_CURVE('',#5407,#5405,#445,.T.);
#6892=EDGE_CURVE('',#5408,#5406,#446,.T.);
#6893=EDGE_CURVE('',#5407,#5408,#2919,.T.);
#6894=EDGE_CURVE('',#5409,#5407,#2920,.T.);
#6895=EDGE_CURVE('',#5410,#5408,#2921,.T.);
#6896=EDGE_CURVE('',#5409,#5410,#2922,.T.);
#6897=EDGE_CURVE('',#5396,#5409,#447,.T.);
#6898=EDGE_CURVE('',#5397,#5410,#448,.T.);
#6899=EDGE_CURVE('',#5411,#5412,#2923,.T.);
#6900=EDGE_CURVE('',#5412,#5413,#2924,.T.);
#6901=EDGE_CURVE('',#5414,#5413,#2925,.T.);
#6902=EDGE_CURVE('',#5411,#5414,#2926,.T.);
#6903=EDGE_CURVE('',#5415,#5411,#449,.T.);
#6904=EDGE_CURVE('',#5416,#5414,#450,.T.);
#6905=EDGE_CURVE('',#5415,#5416,#2927,.T.);
#6906=EDGE_CURVE('',#5417,#5415,#2928,.T.);
#6907=EDGE_CURVE('',#5418,#5416,#2929,.T.);
#6908=EDGE_CURVE('',#5417,#5418,#2930,.T.);
#6909=EDGE_CURVE('',#5419,#5417,#451,.T.);
#6910=EDGE_CURVE('',#5420,#5418,#452,.T.);
#6911=EDGE_CURVE('',#5419,#5420,#2931,.T.);
#6912=EDGE_CURVE('',#5421,#5419,#2932,.T.);
#6913=EDGE_CURVE('',#5422,#5420,#2933,.T.);
#6914=EDGE_CURVE('',#5421,#5422,#2934,.T.);
#6915=EDGE_CURVE('',#5423,#5421,#453,.T.);
#6916=EDGE_CURVE('',#5424,#5422,#454,.T.);
#6917=EDGE_CURVE('',#5423,#5424,#2935,.T.);
#6918=EDGE_CURVE('',#5425,#5423,#2936,.T.);
#6919=EDGE_CURVE('',#5426,#5424,#2937,.T.);
#6920=EDGE_CURVE('',#5425,#5426,#2938,.T.);
#6921=EDGE_CURVE('',#5412,#5425,#455,.T.);
#6922=EDGE_CURVE('',#5413,#5426,#456,.T.);
#6923=EDGE_CURVE('',#5427,#5428,#2939,.T.);
#6924=EDGE_CURVE('',#5428,#5429,#2940,.T.);
#6925=EDGE_CURVE('',#5430,#5429,#2941,.T.);
#6926=EDGE_CURVE('',#5427,#5430,#2942,.T.);
#6927=EDGE_CURVE('',#5431,#5427,#457,.T.);
#6928=EDGE_CURVE('',#5432,#5430,#458,.T.);
#6929=EDGE_CURVE('',#5431,#5432,#2943,.T.);
#6930=EDGE_CURVE('',#5433,#5431,#2944,.T.);
#6931=EDGE_CURVE('',#5434,#5432,#2945,.T.);
#6932=EDGE_CURVE('',#5433,#5434,#2946,.T.);
#6933=EDGE_CURVE('',#5435,#5433,#459,.T.);
#6934=EDGE_CURVE('',#5436,#5434,#460,.T.);
#6935=EDGE_CURVE('',#5435,#5436,#2947,.T.);
#6936=EDGE_CURVE('',#5437,#5435,#2948,.T.);
#6937=EDGE_CURVE('',#5438,#5436,#2949,.T.);
#6938=EDGE_CURVE('',#5437,#5438,#2950,.T.);
#6939=EDGE_CURVE('',#5439,#5437,#461,.T.);
#6940=EDGE_CURVE('',#5440,#5438,#462,.T.);
#6941=EDGE_CURVE('',#5439,#5440,#2951,.T.);
#6942=EDGE_CURVE('',#5441,#5439,#2952,.T.);
#6943=EDGE_CURVE('',#5442,#5440,#2953,.T.);
#6944=EDGE_CURVE('',#5441,#5442,#2954,.T.);
#6945=EDGE_CURVE('',#5428,#5441,#463,.T.);
#6946=EDGE_CURVE('',#5429,#5442,#464,.T.);
#6947=EDGE_CURVE('',#5443,#5444,#2955,.T.);
#6948=EDGE_CURVE('',#5444,#5445,#2956,.T.);
#6949=EDGE_CURVE('',#5446,#5445,#2957,.T.);
#6950=EDGE_CURVE('',#5443,#5446,#2958,.T.);
#6951=EDGE_CURVE('',#5447,#5443,#465,.T.);
#6952=EDGE_CURVE('',#5448,#5446,#466,.T.);
#6953=EDGE_CURVE('',#5447,#5448,#2959,.T.);
#6954=EDGE_CURVE('',#5449,#5447,#2960,.T.);
#6955=EDGE_CURVE('',#5450,#5448,#2961,.T.);
#6956=EDGE_CURVE('',#5449,#5450,#2962,.T.);
#6957=EDGE_CURVE('',#5451,#5449,#467,.T.);
#6958=EDGE_CURVE('',#5452,#5450,#468,.T.);
#6959=EDGE_CURVE('',#5451,#5452,#2963,.T.);
#6960=EDGE_CURVE('',#5453,#5451,#2964,.T.);
#6961=EDGE_CURVE('',#5454,#5452,#2965,.T.);
#6962=EDGE_CURVE('',#5453,#5454,#2966,.T.);
#6963=EDGE_CURVE('',#5455,#5453,#469,.T.);
#6964=EDGE_CURVE('',#5456,#5454,#470,.T.);
#6965=EDGE_CURVE('',#5455,#5456,#2967,.T.);
#6966=EDGE_CURVE('',#5457,#5455,#2968,.T.);
#6967=EDGE_CURVE('',#5458,#5456,#2969,.T.);
#6968=EDGE_CURVE('',#5457,#5458,#2970,.T.);
#6969=EDGE_CURVE('',#5444,#5457,#471,.T.);
#6970=EDGE_CURVE('',#5445,#5458,#472,.T.);
#6971=EDGE_CURVE('',#5459,#5460,#2971,.T.);
#6972=EDGE_CURVE('',#5460,#5461,#2972,.T.);
#6973=EDGE_CURVE('',#5462,#5461,#2973,.T.);
#6974=EDGE_CURVE('',#5459,#5462,#2974,.T.);
#6975=EDGE_CURVE('',#5463,#5459,#473,.T.);
#6976=EDGE_CURVE('',#5464,#5462,#474,.T.);
#6977=EDGE_CURVE('',#5463,#5464,#2975,.T.);
#6978=EDGE_CURVE('',#5465,#5463,#2976,.T.);
#6979=EDGE_CURVE('',#5466,#5464,#2977,.T.);
#6980=EDGE_CURVE('',#5465,#5466,#2978,.T.);
#6981=EDGE_CURVE('',#5467,#5465,#475,.T.);
#6982=EDGE_CURVE('',#5468,#5466,#476,.T.);
#6983=EDGE_CURVE('',#5467,#5468,#2979,.T.);
#6984=EDGE_CURVE('',#5469,#5467,#2980,.T.);
#6985=EDGE_CURVE('',#5470,#5468,#2981,.T.);
#6986=EDGE_CURVE('',#5469,#5470,#2982,.T.);
#6987=EDGE_CURVE('',#5471,#5469,#477,.T.);
#6988=EDGE_CURVE('',#5472,#5470,#478,.T.);
#6989=EDGE_CURVE('',#5471,#5472,#2983,.T.);
#6990=EDGE_CURVE('',#5473,#5471,#2984,.T.);
#6991=EDGE_CURVE('',#5474,#5472,#2985,.T.);
#6992=EDGE_CURVE('',#5473,#5474,#2986,.T.);
#6993=EDGE_CURVE('',#5460,#5473,#479,.T.);
#6994=EDGE_CURVE('',#5461,#5474,#480,.T.);
#6995=EDGE_CURVE('',#5475,#5476,#2987,.T.);
#6996=EDGE_CURVE('',#5476,#5477,#2988,.T.);
#6997=EDGE_CURVE('',#5478,#5477,#2989,.T.);
#6998=EDGE_CURVE('',#5475,#5478,#2990,.T.);
#6999=EDGE_CURVE('',#5479,#5475,#481,.T.);
#7000=EDGE_CURVE('',#5480,#5478,#482,.T.);
#7001=EDGE_CURVE('',#5479,#5480,#2991,.T.);
#7002=EDGE_CURVE('',#5481,#5479,#2992,.T.);
#7003=EDGE_CURVE('',#5482,#5480,#2993,.T.);
#7004=EDGE_CURVE('',#5481,#5482,#2994,.T.);
#7005=EDGE_CURVE('',#5483,#5481,#483,.T.);
#7006=EDGE_CURVE('',#5484,#5482,#484,.T.);
#7007=EDGE_CURVE('',#5483,#5484,#2995,.T.);
#7008=EDGE_CURVE('',#5485,#5483,#2996,.T.);
#7009=EDGE_CURVE('',#5486,#5484,#2997,.T.);
#7010=EDGE_CURVE('',#5485,#5486,#2998,.T.);
#7011=EDGE_CURVE('',#5487,#5485,#485,.T.);
#7012=EDGE_CURVE('',#5488,#5486,#486,.T.);
#7013=EDGE_CURVE('',#5487,#5488,#2999,.T.);
#7014=EDGE_CURVE('',#5489,#5487,#3000,.T.);
#7015=EDGE_CURVE('',#5490,#5488,#3001,.T.);
#7016=EDGE_CURVE('',#5489,#5490,#3002,.T.);
#7017=EDGE_CURVE('',#5476,#5489,#487,.T.);
#7018=EDGE_CURVE('',#5477,#5490,#488,.T.);
#7019=EDGE_CURVE('',#5491,#5492,#3003,.T.);
#7020=EDGE_CURVE('',#5492,#5493,#3004,.T.);
#7021=EDGE_CURVE('',#5494,#5493,#3005,.T.);
#7022=EDGE_CURVE('',#5491,#5494,#3006,.T.);
#7023=EDGE_CURVE('',#5495,#5491,#489,.T.);
#7024=EDGE_CURVE('',#5496,#5494,#490,.T.);
#7025=EDGE_CURVE('',#5495,#5496,#3007,.T.);
#7026=EDGE_CURVE('',#5497,#5495,#3008,.T.);
#7027=EDGE_CURVE('',#5498,#5496,#3009,.T.);
#7028=EDGE_CURVE('',#5497,#5498,#3010,.T.);
#7029=EDGE_CURVE('',#5499,#5497,#491,.T.);
#7030=EDGE_CURVE('',#5500,#5498,#492,.T.);
#7031=EDGE_CURVE('',#5499,#5500,#3011,.T.);
#7032=EDGE_CURVE('',#5501,#5499,#3012,.T.);
#7033=EDGE_CURVE('',#5502,#5500,#3013,.T.);
#7034=EDGE_CURVE('',#5501,#5502,#3014,.T.);
#7035=EDGE_CURVE('',#5503,#5501,#493,.T.);
#7036=EDGE_CURVE('',#5504,#5502,#494,.T.);
#7037=EDGE_CURVE('',#5503,#5504,#3015,.T.);
#7038=EDGE_CURVE('',#5505,#5503,#3016,.T.);
#7039=EDGE_CURVE('',#5506,#5504,#3017,.T.);
#7040=EDGE_CURVE('',#5505,#5506,#3018,.T.);
#7041=EDGE_CURVE('',#5492,#5505,#495,.T.);
#7042=EDGE_CURVE('',#5493,#5506,#496,.T.);
#7043=EDGE_CURVE('',#5507,#5508,#3019,.T.);
#7044=EDGE_CURVE('',#5508,#5509,#3020,.T.);
#7045=EDGE_CURVE('',#5510,#5509,#3021,.T.);
#7046=EDGE_CURVE('',#5507,#5510,#3022,.T.);
#7047=EDGE_CURVE('',#5511,#5507,#497,.T.);
#7048=EDGE_CURVE('',#5512,#5510,#498,.T.);
#7049=EDGE_CURVE('',#5511,#5512,#3023,.T.);
#7050=EDGE_CURVE('',#5513,#5511,#3024,.T.);
#7051=EDGE_CURVE('',#5514,#5512,#3025,.T.);
#7052=EDGE_CURVE('',#5513,#5514,#3026,.T.);
#7053=EDGE_CURVE('',#5515,#5513,#499,.T.);
#7054=EDGE_CURVE('',#5516,#5514,#500,.T.);
#7055=EDGE_CURVE('',#5515,#5516,#3027,.T.);
#7056=EDGE_CURVE('',#5517,#5515,#3028,.T.);
#7057=EDGE_CURVE('',#5518,#5516,#3029,.T.);
#7058=EDGE_CURVE('',#5517,#5518,#3030,.T.);
#7059=EDGE_CURVE('',#5519,#5517,#501,.T.);
#7060=EDGE_CURVE('',#5520,#5518,#502,.T.);
#7061=EDGE_CURVE('',#5519,#5520,#3031,.T.);
#7062=EDGE_CURVE('',#5521,#5519,#3032,.T.);
#7063=EDGE_CURVE('',#5522,#5520,#3033,.T.);
#7064=EDGE_CURVE('',#5521,#5522,#3034,.T.);
#7065=EDGE_CURVE('',#5508,#5521,#503,.T.);
#7066=EDGE_CURVE('',#5509,#5522,#504,.T.);
#7067=EDGE_CURVE('',#5523,#5524,#3035,.T.);
#7068=EDGE_CURVE('',#5524,#5525,#3036,.T.);
#7069=EDGE_CURVE('',#5526,#5525,#3037,.T.);
#7070=EDGE_CURVE('',#5523,#5526,#3038,.T.);
#7071=EDGE_CURVE('',#5527,#5523,#505,.T.);
#7072=EDGE_CURVE('',#5528,#5526,#506,.T.);
#7073=EDGE_CURVE('',#5527,#5528,#3039,.T.);
#7074=EDGE_CURVE('',#5529,#5527,#3040,.T.);
#7075=EDGE_CURVE('',#5530,#5528,#3041,.T.);
#7076=EDGE_CURVE('',#5529,#5530,#3042,.T.);
#7077=EDGE_CURVE('',#5531,#5529,#507,.T.);
#7078=EDGE_CURVE('',#5532,#5530,#508,.T.);
#7079=EDGE_CURVE('',#5531,#5532,#3043,.T.);
#7080=EDGE_CURVE('',#5533,#5531,#3044,.T.);
#7081=EDGE_CURVE('',#5534,#5532,#3045,.T.);
#7082=EDGE_CURVE('',#5533,#5534,#3046,.T.);
#7083=EDGE_CURVE('',#5535,#5533,#509,.T.);
#7084=EDGE_CURVE('',#5536,#5534,#510,.T.);
#7085=EDGE_CURVE('',#5535,#5536,#3047,.T.);
#7086=EDGE_CURVE('',#5537,#5535,#3048,.T.);
#7087=EDGE_CURVE('',#5538,#5536,#3049,.T.);
#7088=EDGE_CURVE('',#5537,#5538,#3050,.T.);
#7089=EDGE_CURVE('',#5524,#5537,#511,.T.);
#7090=EDGE_CURVE('',#5525,#5538,#512,.T.);
#7091=EDGE_CURVE('',#5539,#5540,#3051,.T.);
#7092=EDGE_CURVE('',#5540,#5541,#3052,.T.);
#7093=EDGE_CURVE('',#5542,#5541,#3053,.T.);
#7094=EDGE_CURVE('',#5539,#5542,#3054,.T.);
#7095=EDGE_CURVE('',#5543,#5539,#513,.T.);
#7096=EDGE_CURVE('',#5544,#5542,#514,.T.);
#7097=EDGE_CURVE('',#5543,#5544,#3055,.T.);
#7098=EDGE_CURVE('',#5545,#5543,#3056,.T.);
#7099=EDGE_CURVE('',#5546,#5544,#3057,.T.);
#7100=EDGE_CURVE('',#5545,#5546,#3058,.T.);
#7101=EDGE_CURVE('',#5547,#5545,#515,.T.);
#7102=EDGE_CURVE('',#5548,#5546,#516,.T.);
#7103=EDGE_CURVE('',#5547,#5548,#3059,.T.);
#7104=EDGE_CURVE('',#5549,#5547,#3060,.T.);
#7105=EDGE_CURVE('',#5550,#5548,#3061,.T.);
#7106=EDGE_CURVE('',#5549,#5550,#3062,.T.);
#7107=EDGE_CURVE('',#5551,#5549,#517,.T.);
#7108=EDGE_CURVE('',#5552,#5550,#518,.T.);
#7109=EDGE_CURVE('',#5551,#5552,#3063,.T.);
#7110=EDGE_CURVE('',#5553,#5551,#3064,.T.);
#7111=EDGE_CURVE('',#5554,#5552,#3065,.T.);
#7112=EDGE_CURVE('',#5553,#5554,#3066,.T.);
#7113=EDGE_CURVE('',#5540,#5553,#519,.T.);
#7114=EDGE_CURVE('',#5541,#5554,#520,.T.);
#7115=EDGE_CURVE('',#5555,#5556,#3067,.T.);
#7116=EDGE_CURVE('',#5556,#5557,#3068,.T.);
#7117=EDGE_CURVE('',#5558,#5557,#3069,.T.);
#7118=EDGE_CURVE('',#5555,#5558,#3070,.T.);
#7119=EDGE_CURVE('',#5559,#5555,#521,.T.);
#7120=EDGE_CURVE('',#5560,#5558,#522,.T.);
#7121=EDGE_CURVE('',#5559,#5560,#3071,.T.);
#7122=EDGE_CURVE('',#5561,#5559,#3072,.T.);
#7123=EDGE_CURVE('',#5562,#5560,#3073,.T.);
#7124=EDGE_CURVE('',#5561,#5562,#3074,.T.);
#7125=EDGE_CURVE('',#5563,#5561,#523,.T.);
#7126=EDGE_CURVE('',#5564,#5562,#524,.T.);
#7127=EDGE_CURVE('',#5563,#5564,#3075,.T.);
#7128=EDGE_CURVE('',#5565,#5563,#3076,.T.);
#7129=EDGE_CURVE('',#5566,#5564,#3077,.T.);
#7130=EDGE_CURVE('',#5565,#5566,#3078,.T.);
#7131=EDGE_CURVE('',#5567,#5565,#525,.T.);
#7132=EDGE_CURVE('',#5568,#5566,#526,.T.);
#7133=EDGE_CURVE('',#5567,#5568,#3079,.T.);
#7134=EDGE_CURVE('',#5569,#5567,#3080,.T.);
#7135=EDGE_CURVE('',#5570,#5568,#3081,.T.);
#7136=EDGE_CURVE('',#5569,#5570,#3082,.T.);
#7137=EDGE_CURVE('',#5556,#5569,#527,.T.);
#7138=EDGE_CURVE('',#5557,#5570,#528,.T.);
#7139=EDGE_CURVE('',#5571,#5572,#3083,.T.);
#7140=EDGE_CURVE('',#5572,#5573,#3084,.T.);
#7141=EDGE_CURVE('',#5574,#5573,#3085,.T.);
#7142=EDGE_CURVE('',#5571,#5574,#3086,.T.);
#7143=EDGE_CURVE('',#5575,#5571,#529,.T.);
#7144=EDGE_CURVE('',#5576,#5574,#530,.T.);
#7145=EDGE_CURVE('',#5575,#5576,#3087,.T.);
#7146=EDGE_CURVE('',#5577,#5575,#3088,.T.);
#7147=EDGE_CURVE('',#5578,#5576,#3089,.T.);
#7148=EDGE_CURVE('',#5577,#5578,#3090,.T.);
#7149=EDGE_CURVE('',#5579,#5577,#531,.T.);
#7150=EDGE_CURVE('',#5580,#5578,#532,.T.);
#7151=EDGE_CURVE('',#5579,#5580,#3091,.T.);
#7152=EDGE_CURVE('',#5581,#5579,#3092,.T.);
#7153=EDGE_CURVE('',#5582,#5580,#3093,.T.);
#7154=EDGE_CURVE('',#5581,#5582,#3094,.T.);
#7155=EDGE_CURVE('',#5583,#5581,#533,.T.);
#7156=EDGE_CURVE('',#5584,#5582,#534,.T.);
#7157=EDGE_CURVE('',#5583,#5584,#3095,.T.);
#7158=EDGE_CURVE('',#5585,#5583,#3096,.T.);
#7159=EDGE_CURVE('',#5586,#5584,#3097,.T.);
#7160=EDGE_CURVE('',#5585,#5586,#3098,.T.);
#7161=EDGE_CURVE('',#5572,#5585,#535,.T.);
#7162=EDGE_CURVE('',#5573,#5586,#536,.T.);
#7163=EDGE_CURVE('',#5587,#5588,#3099,.T.);
#7164=EDGE_CURVE('',#5588,#5589,#3100,.T.);
#7165=EDGE_CURVE('',#5590,#5589,#3101,.T.);
#7166=EDGE_CURVE('',#5587,#5590,#3102,.T.);
#7167=EDGE_CURVE('',#5591,#5587,#537,.T.);
#7168=EDGE_CURVE('',#5592,#5590,#538,.T.);
#7169=EDGE_CURVE('',#5591,#5592,#3103,.T.);
#7170=EDGE_CURVE('',#5593,#5591,#3104,.T.);
#7171=EDGE_CURVE('',#5594,#5592,#3105,.T.);
#7172=EDGE_CURVE('',#5593,#5594,#3106,.T.);
#7173=EDGE_CURVE('',#5595,#5593,#539,.T.);
#7174=EDGE_CURVE('',#5596,#5594,#540,.T.);
#7175=EDGE_CURVE('',#5595,#5596,#3107,.T.);
#7176=EDGE_CURVE('',#5597,#5595,#3108,.T.);
#7177=EDGE_CURVE('',#5598,#5596,#3109,.T.);
#7178=EDGE_CURVE('',#5597,#5598,#3110,.T.);
#7179=EDGE_CURVE('',#5599,#5597,#541,.T.);
#7180=EDGE_CURVE('',#5600,#5598,#542,.T.);
#7181=EDGE_CURVE('',#5599,#5600,#3111,.T.);
#7182=EDGE_CURVE('',#5601,#5599,#3112,.T.);
#7183=EDGE_CURVE('',#5602,#5600,#3113,.T.);
#7184=EDGE_CURVE('',#5601,#5602,#3114,.T.);
#7185=EDGE_CURVE('',#5588,#5601,#543,.T.);
#7186=EDGE_CURVE('',#5589,#5602,#544,.T.);
#7187=EDGE_CURVE('',#5603,#5604,#3115,.T.);
#7188=EDGE_CURVE('',#5604,#5605,#3116,.T.);
#7189=EDGE_CURVE('',#5606,#5605,#3117,.T.);
#7190=EDGE_CURVE('',#5603,#5606,#3118,.T.);
#7191=EDGE_CURVE('',#5607,#5603,#545,.T.);
#7192=EDGE_CURVE('',#5608,#5606,#546,.T.);
#7193=EDGE_CURVE('',#5607,#5608,#3119,.T.);
#7194=EDGE_CURVE('',#5609,#5607,#3120,.T.);
#7195=EDGE_CURVE('',#5610,#5608,#3121,.T.);
#7196=EDGE_CURVE('',#5609,#5610,#3122,.T.);
#7197=EDGE_CURVE('',#5611,#5609,#547,.T.);
#7198=EDGE_CURVE('',#5612,#5610,#548,.T.);
#7199=EDGE_CURVE('',#5611,#5612,#3123,.T.);
#7200=EDGE_CURVE('',#5613,#5611,#3124,.T.);
#7201=EDGE_CURVE('',#5614,#5612,#3125,.T.);
#7202=EDGE_CURVE('',#5613,#5614,#3126,.T.);
#7203=EDGE_CURVE('',#5615,#5613,#549,.T.);
#7204=EDGE_CURVE('',#5616,#5614,#550,.T.);
#7205=EDGE_CURVE('',#5615,#5616,#3127,.T.);
#7206=EDGE_CURVE('',#5617,#5615,#3128,.T.);
#7207=EDGE_CURVE('',#5618,#5616,#3129,.T.);
#7208=EDGE_CURVE('',#5617,#5618,#3130,.T.);
#7209=EDGE_CURVE('',#5604,#5617,#551,.T.);
#7210=EDGE_CURVE('',#5605,#5618,#552,.T.);
#7211=EDGE_CURVE('',#5619,#5620,#3131,.T.);
#7212=EDGE_CURVE('',#5620,#5621,#3132,.T.);
#7213=EDGE_CURVE('',#5622,#5621,#3133,.T.);
#7214=EDGE_CURVE('',#5619,#5622,#3134,.T.);
#7215=EDGE_CURVE('',#5623,#5619,#553,.T.);
#7216=EDGE_CURVE('',#5624,#5622,#554,.T.);
#7217=EDGE_CURVE('',#5623,#5624,#3135,.T.);
#7218=EDGE_CURVE('',#5625,#5623,#3136,.T.);
#7219=EDGE_CURVE('',#5626,#5624,#3137,.T.);
#7220=EDGE_CURVE('',#5625,#5626,#3138,.T.);
#7221=EDGE_CURVE('',#5627,#5625,#555,.T.);
#7222=EDGE_CURVE('',#5628,#5626,#556,.T.);
#7223=EDGE_CURVE('',#5627,#5628,#3139,.T.);
#7224=EDGE_CURVE('',#5629,#5627,#3140,.T.);
#7225=EDGE_CURVE('',#5630,#5628,#3141,.T.);
#7226=EDGE_CURVE('',#5629,#5630,#3142,.T.);
#7227=EDGE_CURVE('',#5631,#5629,#557,.T.);
#7228=EDGE_CURVE('',#5632,#5630,#558,.T.);
#7229=EDGE_CURVE('',#5631,#5632,#3143,.T.);
#7230=EDGE_CURVE('',#5633,#5631,#3144,.T.);
#7231=EDGE_CURVE('',#5634,#5632,#3145,.T.);
#7232=EDGE_CURVE('',#5633,#5634,#3146,.T.);
#7233=EDGE_CURVE('',#5620,#5633,#559,.T.);
#7234=EDGE_CURVE('',#5621,#5634,#560,.T.);
#7235=EDGE_CURVE('',#5635,#5636,#3147,.T.);
#7236=EDGE_CURVE('',#5636,#5637,#3148,.T.);
#7237=EDGE_CURVE('',#5638,#5637,#3149,.T.);
#7238=EDGE_CURVE('',#5635,#5638,#3150,.T.);
#7239=EDGE_CURVE('',#5639,#5635,#561,.T.);
#7240=EDGE_CURVE('',#5640,#5638,#562,.T.);
#7241=EDGE_CURVE('',#5639,#5640,#3151,.T.);
#7242=EDGE_CURVE('',#5641,#5639,#3152,.T.);
#7243=EDGE_CURVE('',#5642,#5640,#3153,.T.);
#7244=EDGE_CURVE('',#5641,#5642,#3154,.T.);
#7245=EDGE_CURVE('',#5643,#5641,#563,.T.);
#7246=EDGE_CURVE('',#5644,#5642,#564,.T.);
#7247=EDGE_CURVE('',#5643,#5644,#3155,.T.);
#7248=EDGE_CURVE('',#5645,#5643,#3156,.T.);
#7249=EDGE_CURVE('',#5646,#5644,#3157,.T.);
#7250=EDGE_CURVE('',#5645,#5646,#3158,.T.);
#7251=EDGE_CURVE('',#5647,#5645,#565,.T.);
#7252=EDGE_CURVE('',#5648,#5646,#566,.T.);
#7253=EDGE_CURVE('',#5647,#5648,#3159,.T.);
#7254=EDGE_CURVE('',#5649,#5647,#3160,.T.);
#7255=EDGE_CURVE('',#5650,#5648,#3161,.T.);
#7256=EDGE_CURVE('',#5649,#5650,#3162,.T.);
#7257=EDGE_CURVE('',#5636,#5649,#567,.T.);
#7258=EDGE_CURVE('',#5637,#5650,#568,.T.);
#7259=EDGE_CURVE('',#5651,#5652,#3163,.T.);
#7260=EDGE_CURVE('',#5652,#5653,#3164,.T.);
#7261=EDGE_CURVE('',#5654,#5653,#3165,.T.);
#7262=EDGE_CURVE('',#5651,#5654,#3166,.T.);
#7263=EDGE_CURVE('',#5655,#5651,#569,.T.);
#7264=EDGE_CURVE('',#5656,#5654,#570,.T.);
#7265=EDGE_CURVE('',#5655,#5656,#3167,.T.);
#7266=EDGE_CURVE('',#5657,#5655,#3168,.T.);
#7267=EDGE_CURVE('',#5658,#5656,#3169,.T.);
#7268=EDGE_CURVE('',#5657,#5658,#3170,.T.);
#7269=EDGE_CURVE('',#5659,#5657,#571,.T.);
#7270=EDGE_CURVE('',#5660,#5658,#572,.T.);
#7271=EDGE_CURVE('',#5659,#5660,#3171,.T.);
#7272=EDGE_CURVE('',#5661,#5659,#3172,.T.);
#7273=EDGE_CURVE('',#5662,#5660,#3173,.T.);
#7274=EDGE_CURVE('',#5661,#5662,#3174,.T.);
#7275=EDGE_CURVE('',#5663,#5661,#573,.T.);
#7276=EDGE_CURVE('',#5664,#5662,#574,.T.);
#7277=EDGE_CURVE('',#5663,#5664,#3175,.T.);
#7278=EDGE_CURVE('',#5665,#5663,#3176,.T.);
#7279=EDGE_CURVE('',#5666,#5664,#3177,.T.);
#7280=EDGE_CURVE('',#5665,#5666,#3178,.T.);
#7281=EDGE_CURVE('',#5652,#5665,#575,.T.);
#7282=EDGE_CURVE('',#5653,#5666,#576,.T.);
#7283=EDGE_CURVE('',#5667,#5668,#3179,.T.);
#7284=EDGE_CURVE('',#5668,#5669,#3180,.T.);
#7285=EDGE_CURVE('',#5670,#5669,#3181,.T.);
#7286=EDGE_CURVE('',#5667,#5670,#3182,.T.);
#7287=EDGE_CURVE('',#5671,#5667,#577,.T.);
#7288=EDGE_CURVE('',#5672,#5670,#578,.T.);
#7289=EDGE_CURVE('',#5671,#5672,#3183,.T.);
#7290=EDGE_CURVE('',#5673,#5671,#3184,.T.);
#7291=EDGE_CURVE('',#5674,#5672,#3185,.T.);
#7292=EDGE_CURVE('',#5673,#5674,#3186,.T.);
#7293=EDGE_CURVE('',#5675,#5673,#579,.T.);
#7294=EDGE_CURVE('',#5676,#5674,#580,.T.);
#7295=EDGE_CURVE('',#5675,#5676,#3187,.T.);
#7296=EDGE_CURVE('',#5677,#5675,#3188,.T.);
#7297=EDGE_CURVE('',#5678,#5676,#3189,.T.);
#7298=EDGE_CURVE('',#5677,#5678,#3190,.T.);
#7299=EDGE_CURVE('',#5679,#5677,#581,.T.);
#7300=EDGE_CURVE('',#5680,#5678,#582,.T.);
#7301=EDGE_CURVE('',#5679,#5680,#3191,.T.);
#7302=EDGE_CURVE('',#5681,#5679,#3192,.T.);
#7303=EDGE_CURVE('',#5682,#5680,#3193,.T.);
#7304=EDGE_CURVE('',#5681,#5682,#3194,.T.);
#7305=EDGE_CURVE('',#5668,#5681,#583,.T.);
#7306=EDGE_CURVE('',#5669,#5682,#584,.T.);
#7307=EDGE_CURVE('',#5683,#5684,#3195,.T.);
#7308=EDGE_CURVE('',#5684,#5685,#3196,.T.);
#7309=EDGE_CURVE('',#5686,#5685,#3197,.T.);
#7310=EDGE_CURVE('',#5683,#5686,#3198,.T.);
#7311=EDGE_CURVE('',#5687,#5683,#585,.T.);
#7312=EDGE_CURVE('',#5688,#5686,#586,.T.);
#7313=EDGE_CURVE('',#5687,#5688,#3199,.T.);
#7314=EDGE_CURVE('',#5689,#5687,#3200,.T.);
#7315=EDGE_CURVE('',#5690,#5688,#3201,.T.);
#7316=EDGE_CURVE('',#5689,#5690,#3202,.T.);
#7317=EDGE_CURVE('',#5691,#5689,#587,.T.);
#7318=EDGE_CURVE('',#5692,#5690,#588,.T.);
#7319=EDGE_CURVE('',#5691,#5692,#3203,.T.);
#7320=EDGE_CURVE('',#5693,#5691,#3204,.T.);
#7321=EDGE_CURVE('',#5694,#5692,#3205,.T.);
#7322=EDGE_CURVE('',#5693,#5694,#3206,.T.);
#7323=EDGE_CURVE('',#5695,#5693,#589,.T.);
#7324=EDGE_CURVE('',#5696,#5694,#590,.T.);
#7325=EDGE_CURVE('',#5695,#5696,#3207,.T.);
#7326=EDGE_CURVE('',#5697,#5695,#3208,.T.);
#7327=EDGE_CURVE('',#5698,#5696,#3209,.T.);
#7328=EDGE_CURVE('',#5697,#5698,#3210,.T.);
#7329=EDGE_CURVE('',#5684,#5697,#591,.T.);
#7330=EDGE_CURVE('',#5685,#5698,#592,.T.);
#7331=EDGE_CURVE('',#5699,#5700,#3211,.T.);
#7332=EDGE_CURVE('',#5700,#5701,#3212,.T.);
#7333=EDGE_CURVE('',#5702,#5701,#3213,.T.);
#7334=EDGE_CURVE('',#5699,#5702,#3214,.T.);
#7335=EDGE_CURVE('',#5703,#5699,#593,.T.);
#7336=EDGE_CURVE('',#5704,#5702,#594,.T.);
#7337=EDGE_CURVE('',#5703,#5704,#3215,.T.);
#7338=EDGE_CURVE('',#5705,#5703,#3216,.T.);
#7339=EDGE_CURVE('',#5706,#5704,#3217,.T.);
#7340=EDGE_CURVE('',#5705,#5706,#3218,.T.);
#7341=EDGE_CURVE('',#5707,#5705,#595,.T.);
#7342=EDGE_CURVE('',#5708,#5706,#596,.T.);
#7343=EDGE_CURVE('',#5707,#5708,#3219,.T.);
#7344=EDGE_CURVE('',#5709,#5707,#3220,.T.);
#7345=EDGE_CURVE('',#5710,#5708,#3221,.T.);
#7346=EDGE_CURVE('',#5709,#5710,#3222,.T.);
#7347=EDGE_CURVE('',#5711,#5709,#597,.T.);
#7348=EDGE_CURVE('',#5712,#5710,#598,.T.);
#7349=EDGE_CURVE('',#5711,#5712,#3223,.T.);
#7350=EDGE_CURVE('',#5713,#5711,#3224,.T.);
#7351=EDGE_CURVE('',#5714,#5712,#3225,.T.);
#7352=EDGE_CURVE('',#5713,#5714,#3226,.T.);
#7353=EDGE_CURVE('',#5700,#5713,#599,.T.);
#7354=EDGE_CURVE('',#5701,#5714,#600,.T.);
#7355=EDGE_CURVE('',#5715,#5716,#3227,.T.);
#7356=EDGE_CURVE('',#5716,#5717,#3228,.T.);
#7357=EDGE_CURVE('',#5718,#5717,#3229,.T.);
#7358=EDGE_CURVE('',#5715,#5718,#3230,.T.);
#7359=EDGE_CURVE('',#5719,#5715,#601,.T.);
#7360=EDGE_CURVE('',#5720,#5718,#602,.T.);
#7361=EDGE_CURVE('',#5719,#5720,#3231,.T.);
#7362=EDGE_CURVE('',#5721,#5719,#3232,.T.);
#7363=EDGE_CURVE('',#5722,#5720,#3233,.T.);
#7364=EDGE_CURVE('',#5721,#5722,#3234,.T.);
#7365=EDGE_CURVE('',#5723,#5721,#603,.T.);
#7366=EDGE_CURVE('',#5724,#5722,#604,.T.);
#7367=EDGE_CURVE('',#5723,#5724,#3235,.T.);
#7368=EDGE_CURVE('',#5725,#5723,#3236,.T.);
#7369=EDGE_CURVE('',#5726,#5724,#3237,.T.);
#7370=EDGE_CURVE('',#5725,#5726,#3238,.T.);
#7371=EDGE_CURVE('',#5727,#5725,#605,.T.);
#7372=EDGE_CURVE('',#5728,#5726,#606,.T.);
#7373=EDGE_CURVE('',#5727,#5728,#3239,.T.);
#7374=EDGE_CURVE('',#5729,#5727,#3240,.T.);
#7375=EDGE_CURVE('',#5730,#5728,#3241,.T.);
#7376=EDGE_CURVE('',#5729,#5730,#3242,.T.);
#7377=EDGE_CURVE('',#5716,#5729,#607,.T.);
#7378=EDGE_CURVE('',#5717,#5730,#608,.T.);
#7379=EDGE_CURVE('',#5731,#5732,#3243,.T.);
#7380=EDGE_CURVE('',#5732,#5733,#3244,.T.);
#7381=EDGE_CURVE('',#5734,#5733,#3245,.T.);
#7382=EDGE_CURVE('',#5731,#5734,#3246,.T.);
#7383=EDGE_CURVE('',#5735,#5731,#609,.T.);
#7384=EDGE_CURVE('',#5736,#5734,#610,.T.);
#7385=EDGE_CURVE('',#5735,#5736,#3247,.T.);
#7386=EDGE_CURVE('',#5737,#5735,#3248,.T.);
#7387=EDGE_CURVE('',#5738,#5736,#3249,.T.);
#7388=EDGE_CURVE('',#5737,#5738,#3250,.T.);
#7389=EDGE_CURVE('',#5739,#5737,#611,.T.);
#7390=EDGE_CURVE('',#5740,#5738,#612,.T.);
#7391=EDGE_CURVE('',#5739,#5740,#3251,.T.);
#7392=EDGE_CURVE('',#5741,#5739,#3252,.T.);
#7393=EDGE_CURVE('',#5742,#5740,#3253,.T.);
#7394=EDGE_CURVE('',#5741,#5742,#3254,.T.);
#7395=EDGE_CURVE('',#5743,#5741,#613,.T.);
#7396=EDGE_CURVE('',#5744,#5742,#614,.T.);
#7397=EDGE_CURVE('',#5743,#5744,#3255,.T.);
#7398=EDGE_CURVE('',#5745,#5743,#3256,.T.);
#7399=EDGE_CURVE('',#5746,#5744,#3257,.T.);
#7400=EDGE_CURVE('',#5745,#5746,#3258,.T.);
#7401=EDGE_CURVE('',#5732,#5745,#615,.T.);
#7402=EDGE_CURVE('',#5733,#5746,#616,.T.);
#7403=EDGE_CURVE('',#5747,#5748,#3259,.T.);
#7404=EDGE_CURVE('',#5748,#5749,#3260,.T.);
#7405=EDGE_CURVE('',#5750,#5749,#3261,.T.);
#7406=EDGE_CURVE('',#5747,#5750,#3262,.T.);
#7407=EDGE_CURVE('',#5751,#5747,#617,.T.);
#7408=EDGE_CURVE('',#5752,#5750,#618,.T.);
#7409=EDGE_CURVE('',#5751,#5752,#3263,.T.);
#7410=EDGE_CURVE('',#5753,#5751,#3264,.T.);
#7411=EDGE_CURVE('',#5754,#5752,#3265,.T.);
#7412=EDGE_CURVE('',#5753,#5754,#3266,.T.);
#7413=EDGE_CURVE('',#5755,#5753,#619,.T.);
#7414=EDGE_CURVE('',#5756,#5754,#620,.T.);
#7415=EDGE_CURVE('',#5755,#5756,#3267,.T.);
#7416=EDGE_CURVE('',#5757,#5755,#3268,.T.);
#7417=EDGE_CURVE('',#5758,#5756,#3269,.T.);
#7418=EDGE_CURVE('',#5757,#5758,#3270,.T.);
#7419=EDGE_CURVE('',#5759,#5757,#621,.T.);
#7420=EDGE_CURVE('',#5760,#5758,#622,.T.);
#7421=EDGE_CURVE('',#5759,#5760,#3271,.T.);
#7422=EDGE_CURVE('',#5761,#5759,#3272,.T.);
#7423=EDGE_CURVE('',#5762,#5760,#3273,.T.);
#7424=EDGE_CURVE('',#5761,#5762,#3274,.T.);
#7425=EDGE_CURVE('',#5748,#5761,#623,.T.);
#7426=EDGE_CURVE('',#5749,#5762,#624,.T.);
#7427=EDGE_CURVE('',#5763,#5764,#3275,.T.);
#7428=EDGE_CURVE('',#5764,#5765,#3276,.T.);
#7429=EDGE_CURVE('',#5766,#5765,#3277,.T.);
#7430=EDGE_CURVE('',#5763,#5766,#3278,.T.);
#7431=EDGE_CURVE('',#5767,#5763,#625,.T.);
#7432=EDGE_CURVE('',#5768,#5766,#626,.T.);
#7433=EDGE_CURVE('',#5767,#5768,#3279,.T.);
#7434=EDGE_CURVE('',#5769,#5767,#3280,.T.);
#7435=EDGE_CURVE('',#5770,#5768,#3281,.T.);
#7436=EDGE_CURVE('',#5769,#5770,#3282,.T.);
#7437=EDGE_CURVE('',#5771,#5769,#627,.T.);
#7438=EDGE_CURVE('',#5772,#5770,#628,.T.);
#7439=EDGE_CURVE('',#5771,#5772,#3283,.T.);
#7440=EDGE_CURVE('',#5773,#5771,#3284,.T.);
#7441=EDGE_CURVE('',#5774,#5772,#3285,.T.);
#7442=EDGE_CURVE('',#5773,#5774,#3286,.T.);
#7443=EDGE_CURVE('',#5775,#5773,#629,.T.);
#7444=EDGE_CURVE('',#5776,#5774,#630,.T.);
#7445=EDGE_CURVE('',#5775,#5776,#3287,.T.);
#7446=EDGE_CURVE('',#5777,#5775,#3288,.T.);
#7447=EDGE_CURVE('',#5778,#5776,#3289,.T.);
#7448=EDGE_CURVE('',#5777,#5778,#3290,.T.);
#7449=EDGE_CURVE('',#5764,#5777,#631,.T.);
#7450=EDGE_CURVE('',#5765,#5778,#632,.T.);
#7451=EDGE_CURVE('',#5779,#5780,#3291,.T.);
#7452=EDGE_CURVE('',#5780,#5781,#3292,.T.);
#7453=EDGE_CURVE('',#5782,#5781,#3293,.T.);
#7454=EDGE_CURVE('',#5779,#5782,#3294,.T.);
#7455=EDGE_CURVE('',#5783,#5779,#633,.T.);
#7456=EDGE_CURVE('',#5784,#5782,#634,.T.);
#7457=EDGE_CURVE('',#5783,#5784,#3295,.T.);
#7458=EDGE_CURVE('',#5785,#5783,#3296,.T.);
#7459=EDGE_CURVE('',#5786,#5784,#3297,.T.);
#7460=EDGE_CURVE('',#5785,#5786,#3298,.T.);
#7461=EDGE_CURVE('',#5787,#5785,#635,.T.);
#7462=EDGE_CURVE('',#5788,#5786,#636,.T.);
#7463=EDGE_CURVE('',#5787,#5788,#3299,.T.);
#7464=EDGE_CURVE('',#5789,#5787,#3300,.T.);
#7465=EDGE_CURVE('',#5790,#5788,#3301,.T.);
#7466=EDGE_CURVE('',#5789,#5790,#3302,.T.);
#7467=EDGE_CURVE('',#5791,#5789,#637,.T.);
#7468=EDGE_CURVE('',#5792,#5790,#638,.T.);
#7469=EDGE_CURVE('',#5791,#5792,#3303,.T.);
#7470=EDGE_CURVE('',#5793,#5791,#3304,.T.);
#7471=EDGE_CURVE('',#5794,#5792,#3305,.T.);
#7472=EDGE_CURVE('',#5793,#5794,#3306,.T.);
#7473=EDGE_CURVE('',#5780,#5793,#639,.T.);
#7474=EDGE_CURVE('',#5781,#5794,#640,.T.);
#7475=EDGE_CURVE('',#5795,#5796,#3307,.T.);
#7476=EDGE_CURVE('',#5796,#5797,#3308,.T.);
#7477=EDGE_CURVE('',#5798,#5797,#3309,.T.);
#7478=EDGE_CURVE('',#5795,#5798,#3310,.T.);
#7479=EDGE_CURVE('',#5799,#5795,#641,.T.);
#7480=EDGE_CURVE('',#5800,#5798,#642,.T.);
#7481=EDGE_CURVE('',#5799,#5800,#3311,.T.);
#7482=EDGE_CURVE('',#5801,#5799,#3312,.T.);
#7483=EDGE_CURVE('',#5802,#5800,#3313,.T.);
#7484=EDGE_CURVE('',#5801,#5802,#3314,.T.);
#7485=EDGE_CURVE('',#5803,#5801,#643,.T.);
#7486=EDGE_CURVE('',#5804,#5802,#644,.T.);
#7487=EDGE_CURVE('',#5803,#5804,#3315,.T.);
#7488=EDGE_CURVE('',#5805,#5803,#3316,.T.);
#7489=EDGE_CURVE('',#5806,#5804,#3317,.T.);
#7490=EDGE_CURVE('',#5805,#5806,#3318,.T.);
#7491=EDGE_CURVE('',#5807,#5805,#645,.T.);
#7492=EDGE_CURVE('',#5808,#5806,#646,.T.);
#7493=EDGE_CURVE('',#5807,#5808,#3319,.T.);
#7494=EDGE_CURVE('',#5809,#5807,#3320,.T.);
#7495=EDGE_CURVE('',#5810,#5808,#3321,.T.);
#7496=EDGE_CURVE('',#5809,#5810,#3322,.T.);
#7497=EDGE_CURVE('',#5796,#5809,#647,.T.);
#7498=EDGE_CURVE('',#5797,#5810,#648,.T.);
#7499=EDGE_CURVE('',#5811,#5812,#3323,.T.);
#7500=EDGE_CURVE('',#5812,#5813,#3324,.T.);
#7501=EDGE_CURVE('',#5814,#5813,#3325,.T.);
#7502=EDGE_CURVE('',#5811,#5814,#3326,.T.);
#7503=EDGE_CURVE('',#5815,#5811,#649,.T.);
#7504=EDGE_CURVE('',#5816,#5814,#650,.T.);
#7505=EDGE_CURVE('',#5815,#5816,#3327,.T.);
#7506=EDGE_CURVE('',#5817,#5815,#3328,.T.);
#7507=EDGE_CURVE('',#5818,#5816,#3329,.T.);
#7508=EDGE_CURVE('',#5817,#5818,#3330,.T.);
#7509=EDGE_CURVE('',#5819,#5817,#651,.T.);
#7510=EDGE_CURVE('',#5820,#5818,#652,.T.);
#7511=EDGE_CURVE('',#5819,#5820,#3331,.T.);
#7512=EDGE_CURVE('',#5821,#5819,#3332,.T.);
#7513=EDGE_CURVE('',#5822,#5820,#3333,.T.);
#7514=EDGE_CURVE('',#5821,#5822,#3334,.T.);
#7515=EDGE_CURVE('',#5823,#5821,#653,.T.);
#7516=EDGE_CURVE('',#5824,#5822,#654,.T.);
#7517=EDGE_CURVE('',#5823,#5824,#3335,.T.);
#7518=EDGE_CURVE('',#5825,#5823,#3336,.T.);
#7519=EDGE_CURVE('',#5826,#5824,#3337,.T.);
#7520=EDGE_CURVE('',#5825,#5826,#3338,.T.);
#7521=EDGE_CURVE('',#5812,#5825,#655,.T.);
#7522=EDGE_CURVE('',#5813,#5826,#656,.T.);
#7523=EDGE_CURVE('',#5827,#5828,#3339,.T.);
#7524=EDGE_CURVE('',#5828,#5829,#3340,.T.);
#7525=EDGE_CURVE('',#5830,#5829,#3341,.T.);
#7526=EDGE_CURVE('',#5827,#5830,#3342,.T.);
#7527=EDGE_CURVE('',#5831,#5827,#657,.T.);
#7528=EDGE_CURVE('',#5832,#5830,#658,.T.);
#7529=EDGE_CURVE('',#5831,#5832,#3343,.T.);
#7530=EDGE_CURVE('',#5833,#5831,#3344,.T.);
#7531=EDGE_CURVE('',#5834,#5832,#3345,.T.);
#7532=EDGE_CURVE('',#5833,#5834,#3346,.T.);
#7533=EDGE_CURVE('',#5835,#5833,#659,.T.);
#7534=EDGE_CURVE('',#5836,#5834,#660,.T.);
#7535=EDGE_CURVE('',#5835,#5836,#3347,.T.);
#7536=EDGE_CURVE('',#5837,#5835,#3348,.T.);
#7537=EDGE_CURVE('',#5838,#5836,#3349,.T.);
#7538=EDGE_CURVE('',#5837,#5838,#3350,.T.);
#7539=EDGE_CURVE('',#5839,#5837,#661,.T.);
#7540=EDGE_CURVE('',#5840,#5838,#662,.T.);
#7541=EDGE_CURVE('',#5839,#5840,#3351,.T.);
#7542=EDGE_CURVE('',#5841,#5839,#3352,.T.);
#7543=EDGE_CURVE('',#5842,#5840,#3353,.T.);
#7544=EDGE_CURVE('',#5841,#5842,#3354,.T.);
#7545=EDGE_CURVE('',#5828,#5841,#663,.T.);
#7546=EDGE_CURVE('',#5829,#5842,#664,.T.);
#7547=EDGE_CURVE('',#5843,#5844,#3355,.T.);
#7548=EDGE_CURVE('',#5844,#5845,#3356,.T.);
#7549=EDGE_CURVE('',#5846,#5845,#3357,.T.);
#7550=EDGE_CURVE('',#5843,#5846,#3358,.T.);
#7551=EDGE_CURVE('',#5847,#5843,#665,.T.);
#7552=EDGE_CURVE('',#5848,#5846,#666,.T.);
#7553=EDGE_CURVE('',#5847,#5848,#3359,.T.);
#7554=EDGE_CURVE('',#5849,#5847,#3360,.T.);
#7555=EDGE_CURVE('',#5850,#5848,#3361,.T.);
#7556=EDGE_CURVE('',#5849,#5850,#3362,.T.);
#7557=EDGE_CURVE('',#5851,#5849,#667,.T.);
#7558=EDGE_CURVE('',#5852,#5850,#668,.T.);
#7559=EDGE_CURVE('',#5851,#5852,#3363,.T.);
#7560=EDGE_CURVE('',#5853,#5851,#3364,.T.);
#7561=EDGE_CURVE('',#5854,#5852,#3365,.T.);
#7562=EDGE_CURVE('',#5853,#5854,#3366,.T.);
#7563=EDGE_CURVE('',#5855,#5853,#669,.T.);
#7564=EDGE_CURVE('',#5856,#5854,#670,.T.);
#7565=EDGE_CURVE('',#5855,#5856,#3367,.T.);
#7566=EDGE_CURVE('',#5857,#5855,#3368,.T.);
#7567=EDGE_CURVE('',#5858,#5856,#3369,.T.);
#7568=EDGE_CURVE('',#5857,#5858,#3370,.T.);
#7569=EDGE_CURVE('',#5844,#5857,#671,.T.);
#7570=EDGE_CURVE('',#5845,#5858,#672,.T.);
#7571=EDGE_CURVE('',#5859,#5860,#3371,.T.);
#7572=EDGE_CURVE('',#5860,#5861,#3372,.T.);
#7573=EDGE_CURVE('',#5862,#5861,#3373,.T.);
#7574=EDGE_CURVE('',#5859,#5862,#3374,.T.);
#7575=EDGE_CURVE('',#5863,#5859,#673,.T.);
#7576=EDGE_CURVE('',#5864,#5862,#674,.T.);
#7577=EDGE_CURVE('',#5863,#5864,#3375,.T.);
#7578=EDGE_CURVE('',#5865,#5863,#3376,.T.);
#7579=EDGE_CURVE('',#5866,#5864,#3377,.T.);
#7580=EDGE_CURVE('',#5865,#5866,#3378,.T.);
#7581=EDGE_CURVE('',#5867,#5865,#675,.T.);
#7582=EDGE_CURVE('',#5868,#5866,#676,.T.);
#7583=EDGE_CURVE('',#5867,#5868,#3379,.T.);
#7584=EDGE_CURVE('',#5869,#5867,#3380,.T.);
#7585=EDGE_CURVE('',#5870,#5868,#3381,.T.);
#7586=EDGE_CURVE('',#5869,#5870,#3382,.T.);
#7587=EDGE_CURVE('',#5871,#5869,#677,.T.);
#7588=EDGE_CURVE('',#5872,#5870,#678,.T.);
#7589=EDGE_CURVE('',#5871,#5872,#3383,.T.);
#7590=EDGE_CURVE('',#5873,#5871,#3384,.T.);
#7591=EDGE_CURVE('',#5874,#5872,#3385,.T.);
#7592=EDGE_CURVE('',#5873,#5874,#3386,.T.);
#7593=EDGE_CURVE('',#5860,#5873,#679,.T.);
#7594=EDGE_CURVE('',#5861,#5874,#680,.T.);
#7595=EDGE_CURVE('',#5875,#5876,#3387,.T.);
#7596=EDGE_CURVE('',#5876,#5877,#3388,.T.);
#7597=EDGE_CURVE('',#5878,#5877,#3389,.T.);
#7598=EDGE_CURVE('',#5875,#5878,#3390,.T.);
#7599=EDGE_CURVE('',#5879,#5875,#681,.T.);
#7600=EDGE_CURVE('',#5880,#5878,#682,.T.);
#7601=EDGE_CURVE('',#5879,#5880,#3391,.T.);
#7602=EDGE_CURVE('',#5881,#5879,#3392,.T.);
#7603=EDGE_CURVE('',#5882,#5880,#3393,.T.);
#7604=EDGE_CURVE('',#5881,#5882,#3394,.T.);
#7605=EDGE_CURVE('',#5883,#5881,#683,.T.);
#7606=EDGE_CURVE('',#5884,#5882,#684,.T.);
#7607=EDGE_CURVE('',#5883,#5884,#3395,.T.);
#7608=EDGE_CURVE('',#5885,#5883,#3396,.T.);
#7609=EDGE_CURVE('',#5886,#5884,#3397,.T.);
#7610=EDGE_CURVE('',#5885,#5886,#3398,.T.);
#7611=EDGE_CURVE('',#5887,#5885,#685,.T.);
#7612=EDGE_CURVE('',#5888,#5886,#686,.T.);
#7613=EDGE_CURVE('',#5887,#5888,#3399,.T.);
#7614=EDGE_CURVE('',#5889,#5887,#3400,.T.);
#7615=EDGE_CURVE('',#5890,#5888,#3401,.T.);
#7616=EDGE_CURVE('',#5889,#5890,#3402,.T.);
#7617=EDGE_CURVE('',#5876,#5889,#687,.T.);
#7618=EDGE_CURVE('',#5877,#5890,#688,.T.);
#7619=EDGE_CURVE('',#5891,#5892,#3403,.T.);
#7620=EDGE_CURVE('',#5892,#5893,#3404,.T.);
#7621=EDGE_CURVE('',#5894,#5893,#3405,.T.);
#7622=EDGE_CURVE('',#5891,#5894,#3406,.T.);
#7623=EDGE_CURVE('',#5895,#5891,#689,.T.);
#7624=EDGE_CURVE('',#5896,#5894,#690,.T.);
#7625=EDGE_CURVE('',#5895,#5896,#3407,.T.);
#7626=EDGE_CURVE('',#5897,#5895,#3408,.T.);
#7627=EDGE_CURVE('',#5898,#5896,#3409,.T.);
#7628=EDGE_CURVE('',#5897,#5898,#3410,.T.);
#7629=EDGE_CURVE('',#5899,#5897,#691,.T.);
#7630=EDGE_CURVE('',#5900,#5898,#692,.T.);
#7631=EDGE_CURVE('',#5899,#5900,#3411,.T.);
#7632=EDGE_CURVE('',#5901,#5899,#3412,.T.);
#7633=EDGE_CURVE('',#5902,#5900,#3413,.T.);
#7634=EDGE_CURVE('',#5901,#5902,#3414,.T.);
#7635=EDGE_CURVE('',#5903,#5901,#693,.T.);
#7636=EDGE_CURVE('',#5904,#5902,#694,.T.);
#7637=EDGE_CURVE('',#5903,#5904,#3415,.T.);
#7638=EDGE_CURVE('',#5905,#5903,#3416,.T.);
#7639=EDGE_CURVE('',#5906,#5904,#3417,.T.);
#7640=EDGE_CURVE('',#5905,#5906,#3418,.T.);
#7641=EDGE_CURVE('',#5892,#5905,#695,.T.);
#7642=EDGE_CURVE('',#5893,#5906,#696,.T.);
#7643=EDGE_CURVE('',#5907,#5908,#3419,.T.);
#7644=EDGE_CURVE('',#5907,#5909,#3420,.T.);
#7645=EDGE_CURVE('',#5910,#5909,#3421,.T.);
#7646=EDGE_CURVE('',#5908,#5910,#3422,.T.);
#7647=EDGE_CURVE('',#5908,#5911,#3423,.T.);
#7648=EDGE_CURVE('',#5912,#5910,#3424,.T.);
#7649=EDGE_CURVE('',#5911,#5912,#3425,.T.);
#7650=EDGE_CURVE('',#5913,#5911,#3426,.T.);
#7651=EDGE_CURVE('',#5914,#5912,#3427,.T.);
#7652=EDGE_CURVE('',#5913,#5914,#3428,.T.);
#7653=EDGE_CURVE('',#5913,#5915,#3429,.T.);
#7654=EDGE_CURVE('',#5916,#5914,#3430,.T.);
#7655=EDGE_CURVE('',#5915,#5916,#3431,.T.);
#7656=EDGE_CURVE('',#5917,#5915,#3432,.T.);
#7657=EDGE_CURVE('',#5918,#5916,#3433,.T.);
#7658=EDGE_CURVE('',#5917,#5918,#3434,.T.);
#7659=EDGE_CURVE('',#5907,#5917,#3435,.T.);
#7660=EDGE_CURVE('',#5909,#5918,#3436,.T.);
#7661=EDGE_CURVE('',#5919,#5920,#3437,.T.);
#7662=EDGE_CURVE('',#5921,#5919,#3438,.T.);
#7663=EDGE_CURVE('',#5922,#5921,#3439,.T.);
#7664=EDGE_CURVE('',#5923,#5922,#3440,.T.);
#7665=EDGE_CURVE('',#5924,#5923,#3441,.T.);
#7666=EDGE_CURVE('',#5920,#5924,#3442,.T.);
#7667=EDGE_CURVE('',#5925,#5926,#3443,.T.);
#7668=EDGE_CURVE('',#5926,#5927,#3444,.T.);
#7669=EDGE_CURVE('',#5927,#5928,#3445,.T.);
#7670=EDGE_CURVE('',#5928,#5929,#3446,.T.);
#7671=EDGE_CURVE('',#5929,#5930,#3447,.T.);
#7672=EDGE_CURVE('',#5930,#5925,#3448,.T.);
#7673=EDGE_CURVE('',#5931,#5932,#3449,.T.);
#7674=EDGE_CURVE('',#5933,#5932,#697,.T.);
#7675=EDGE_CURVE('',#5933,#5934,#3450,.T.);
#7676=EDGE_CURVE('',#5931,#5934,#698,.T.);
#7677=EDGE_CURVE('',#5934,#5931,#3451,.T.);
#7678=EDGE_CURVE('',#5935,#5933,#3452,.T.);
#7679=EDGE_CURVE('',#5936,#5935,#3453,.T.);
#7680=EDGE_CURVE('',#5936,#5924,#3454,.T.);
#7681=EDGE_CURVE('',#5932,#5923,#3455,.T.);
#7682=EDGE_CURVE('',#5925,#5937,#3456,.T.);
#7683=EDGE_CURVE('',#5938,#5937,#3457,.T.);
#7684=EDGE_CURVE('',#5938,#5926,#3458,.T.);
#7685=EDGE_CURVE('',#5939,#5920,#3459,.T.);
#7686=EDGE_CURVE('',#5940,#5939,#3460,.T.);
#7687=EDGE_CURVE('',#5940,#5919,#3461,.T.);
#7688=EDGE_CURVE('',#5939,#5936,#3462,.T.);
#7689=EDGE_CURVE('',#5941,#5922,#3463,.T.);
#7690=EDGE_CURVE('',#5935,#5941,#3464,.T.);
#7691=EDGE_CURVE('',#5927,#5942,#3465,.T.);
#7692=EDGE_CURVE('',#5943,#5942,#3466,.T.);
#7693=EDGE_CURVE('',#5928,#5943,#3467,.T.);
#7694=EDGE_CURVE('',#5942,#5938,#3468,.T.);
#7695=EDGE_CURVE('',#5944,#5945,#3469,.T.);
#7696=EDGE_CURVE('',#5946,#5944,#3470,.T.);
#7697=EDGE_CURVE('',#5947,#5946,#3471,.T.);
#7698=EDGE_CURVE('',#5948,#5947,#3472,.T.);
#7699=EDGE_CURVE('',#5949,#5948,#3473,.T.);
#7700=EDGE_CURVE('',#5945,#5949,#3474,.T.);
#7701=EDGE_CURVE('',#5950,#5940,#3475,.T.);
#7702=EDGE_CURVE('',#5941,#5950,#3476,.T.);
#7703=EDGE_CURVE('',#5950,#5921,#3477,.T.);
#7704=EDGE_CURVE('',#5945,#5951,#3478,.T.);
#7705=EDGE_CURVE('',#5952,#5951,#3479,.T.);
#7706=EDGE_CURVE('',#5944,#5952,#3480,.T.);
#7707=EDGE_CURVE('',#5953,#5952,#3481,.T.);
#7708=EDGE_CURVE('',#5946,#5953,#3482,.T.);
#7709=EDGE_CURVE('',#5954,#5953,#3483,.T.);
#7710=EDGE_CURVE('',#5947,#5954,#3484,.T.);
#7711=EDGE_CURVE('',#5955,#5954,#3485,.T.);
#7712=EDGE_CURVE('',#5948,#5955,#3486,.T.);
#7713=EDGE_CURVE('',#5956,#5955,#3487,.T.);
#7714=EDGE_CURVE('',#5949,#5956,#3488,.T.);
#7715=EDGE_CURVE('',#5951,#5956,#3489,.T.);
#7716=EDGE_CURVE('',#5957,#5943,#3490,.T.);
#7717=EDGE_CURVE('',#5929,#5957,#3491,.T.);
#7718=EDGE_CURVE('',#5958,#5957,#3492,.T.);
#7719=EDGE_CURVE('',#5930,#5958,#3493,.T.);
#7720=EDGE_CURVE('',#5937,#5958,#3494,.T.);
#7721=EDGE_CURVE('',#5959,#5960,#3495,.T.);
#7722=EDGE_CURVE('',#5961,#5959,#3496,.T.);
#7723=EDGE_CURVE('',#5962,#5961,#3497,.T.);
#7724=EDGE_CURVE('',#5963,#5962,#3498,.T.);
#7725=EDGE_CURVE('',#5964,#5963,#3499,.T.);
#7726=EDGE_CURVE('',#5965,#5964,#3500,.T.);
#7727=EDGE_CURVE('',#5966,#5965,#3501,.T.);
#7728=EDGE_CURVE('',#5960,#5966,#3502,.T.);
#7729=EDGE_CURVE('',#5967,#5968,#3503,.T.);
#7730=EDGE_CURVE('',#5968,#5969,#3504,.T.);
#7731=EDGE_CURVE('',#5969,#5970,#3505,.T.);
#7732=EDGE_CURVE('',#5970,#5971,#3506,.T.);
#7733=EDGE_CURVE('',#5971,#5972,#3507,.T.);
#7734=EDGE_CURVE('',#5972,#5973,#3508,.T.);
#7735=EDGE_CURVE('',#5973,#5974,#3509,.T.);
#7736=EDGE_CURVE('',#5974,#5967,#3510,.T.);
#7737=EDGE_CURVE('',#5975,#5976,#3511,.T.);
#7738=EDGE_CURVE('',#5977,#5976,#699,.T.);
#7739=EDGE_CURVE('',#5977,#5978,#3512,.T.);
#7740=EDGE_CURVE('',#5975,#5978,#700,.T.);
#7741=EDGE_CURVE('',#5978,#5975,#3513,.T.);
#7742=EDGE_CURVE('',#5977,#5961,#3514,.T.);
#7743=EDGE_CURVE('',#5979,#5959,#3515,.T.);
#7744=EDGE_CURVE('',#5980,#5979,#3516,.T.);
#7745=EDGE_CURVE('',#5980,#5976,#3517,.T.);
#7746=EDGE_CURVE('',#5981,#5980,#3518,.T.);
#7747=EDGE_CURVE('',#5981,#5962,#3519,.T.);
#7748=EDGE_CURVE('',#5982,#5981,#3520,.T.);
#7749=EDGE_CURVE('',#5982,#5963,#3521,.T.);
#7750=EDGE_CURVE('',#5983,#5982,#3522,.T.);
#7751=EDGE_CURVE('',#5983,#5964,#3523,.T.);
#7752=EDGE_CURVE('',#5984,#5983,#3524,.T.);
#7753=EDGE_CURVE('',#5984,#5965,#3525,.T.);
#7754=EDGE_CURVE('',#5985,#5984,#3526,.T.);
#7755=EDGE_CURVE('',#5985,#5966,#3527,.T.);
#7756=EDGE_CURVE('',#5986,#5985,#3528,.T.);
#7757=EDGE_CURVE('',#5986,#5960,#3529,.T.);
#7758=EDGE_CURVE('',#5979,#5986,#3530,.T.);
#7759=EDGE_CURVE('',#5987,#5988,#3531,.T.);
#7760=EDGE_CURVE('',#5988,#5989,#3532,.T.);
#7761=EDGE_CURVE('',#5989,#5990,#3533,.T.);
#7762=EDGE_CURVE('',#5990,#5991,#3534,.T.);
#7763=EDGE_CURVE('',#5991,#5992,#3535,.T.);
#7764=EDGE_CURVE('',#5992,#5993,#3536,.T.);
#7765=EDGE_CURVE('',#5993,#5994,#3537,.T.);
#7766=EDGE_CURVE('',#5994,#5987,#3538,.T.);
#7767=EDGE_CURVE('',#5995,#5972,#3539,.T.);
#7768=EDGE_CURVE('',#5996,#5995,#3540,.T.);
#7769=EDGE_CURVE('',#5973,#5996,#3541,.T.);
#7770=EDGE_CURVE('',#5997,#5996,#3542,.T.);
#7771=EDGE_CURVE('',#5974,#5997,#3543,.T.);
#7772=EDGE_CURVE('',#5970,#5998,#3544,.T.);
#7773=EDGE_CURVE('',#5999,#5998,#3545,.T.);
#7774=EDGE_CURVE('',#5971,#5999,#3546,.T.);
#7775=EDGE_CURVE('',#5995,#5999,#3547,.T.);
#7776=EDGE_CURVE('',#5987,#6000,#3548,.T.);
#7777=EDGE_CURVE('',#6001,#6000,#3549,.T.);
#7778=EDGE_CURVE('',#5988,#6001,#3550,.T.);
#7779=EDGE_CURVE('',#6002,#6001,#3551,.T.);
#7780=EDGE_CURVE('',#5989,#6002,#3552,.T.);
#7781=EDGE_CURVE('',#6003,#6002,#3553,.T.);
#7782=EDGE_CURVE('',#5990,#6003,#3554,.T.);
#7783=EDGE_CURVE('',#6004,#6003,#3555,.T.);
#7784=EDGE_CURVE('',#5991,#6004,#3556,.T.);
#7785=EDGE_CURVE('',#6005,#6004,#3557,.T.);
#7786=EDGE_CURVE('',#5992,#6005,#3558,.T.);
#7787=EDGE_CURVE('',#6006,#6005,#3559,.T.);
#7788=EDGE_CURVE('',#5993,#6006,#3560,.T.);
#7789=EDGE_CURVE('',#6007,#6006,#3561,.T.);
#7790=EDGE_CURVE('',#5994,#6007,#3562,.T.);
#7791=EDGE_CURVE('',#6000,#6007,#3563,.T.);
#7792=EDGE_CURVE('',#6008,#5997,#3564,.T.);
#7793=EDGE_CURVE('',#5967,#6008,#3565,.T.);
#7794=EDGE_CURVE('',#5969,#6009,#3566,.T.);
#7795=EDGE_CURVE('',#5998,#6009,#3567,.T.);
#7796=EDGE_CURVE('',#6009,#6010,#3568,.T.);
#7797=EDGE_CURVE('',#6010,#6008,#3569,.T.);
#7798=EDGE_CURVE('',#6010,#5968,#3570,.T.);
#7799=ORIENTED_EDGE('',*,*,#6011,.T.);
#7800=ORIENTED_EDGE('',*,*,#6012,.T.);
#7801=ORIENTED_EDGE('',*,*,#6013,.F.);
#7802=ORIENTED_EDGE('',*,*,#6014,.F.);
#7803=ORIENTED_EDGE('',*,*,#6015,.T.);
#7804=ORIENTED_EDGE('',*,*,#6014,.T.);
#7805=ORIENTED_EDGE('',*,*,#6016,.F.);
#7806=ORIENTED_EDGE('',*,*,#6017,.F.);
#7807=ORIENTED_EDGE('',*,*,#6018,.T.);
#7808=ORIENTED_EDGE('',*,*,#6017,.T.);
#7809=ORIENTED_EDGE('',*,*,#6019,.F.);
#7810=ORIENTED_EDGE('',*,*,#6020,.F.);
#7811=ORIENTED_EDGE('',*,*,#6021,.T.);
#7812=ORIENTED_EDGE('',*,*,#6020,.T.);
#7813=ORIENTED_EDGE('',*,*,#6022,.F.);
#7814=ORIENTED_EDGE('',*,*,#6023,.F.);
#7815=ORIENTED_EDGE('',*,*,#6024,.T.);
#7816=ORIENTED_EDGE('',*,*,#6023,.T.);
#7817=ORIENTED_EDGE('',*,*,#6025,.F.);
#7818=ORIENTED_EDGE('',*,*,#6026,.F.);
#7819=ORIENTED_EDGE('',*,*,#6027,.T.);
#7820=ORIENTED_EDGE('',*,*,#6026,.T.);
#7821=ORIENTED_EDGE('',*,*,#6028,.F.);
#7822=ORIENTED_EDGE('',*,*,#6029,.F.);
#7823=ORIENTED_EDGE('',*,*,#6030,.T.);
#7824=ORIENTED_EDGE('',*,*,#6029,.T.);
#7825=ORIENTED_EDGE('',*,*,#6031,.F.);
#7826=ORIENTED_EDGE('',*,*,#6032,.F.);
#7827=ORIENTED_EDGE('',*,*,#6033,.T.);
#7828=ORIENTED_EDGE('',*,*,#6032,.T.);
#7829=ORIENTED_EDGE('',*,*,#6034,.F.);
#7830=ORIENTED_EDGE('',*,*,#6012,.F.);
#7831=ORIENTED_EDGE('',*,*,#6035,.T.);
#7832=ORIENTED_EDGE('',*,*,#6036,.T.);
#7833=ORIENTED_EDGE('',*,*,#6037,.F.);
#7834=ORIENTED_EDGE('',*,*,#6038,.F.);
#7835=ORIENTED_EDGE('',*,*,#6039,.T.);
#7836=ORIENTED_EDGE('',*,*,#6038,.T.);
#7837=ORIENTED_EDGE('',*,*,#6040,.F.);
#7838=ORIENTED_EDGE('',*,*,#6041,.F.);
#7839=ORIENTED_EDGE('',*,*,#6042,.T.);
#7840=ORIENTED_EDGE('',*,*,#6041,.T.);
#7841=ORIENTED_EDGE('',*,*,#6043,.F.);
#7842=ORIENTED_EDGE('',*,*,#6044,.F.);
#7843=ORIENTED_EDGE('',*,*,#6045,.T.);
#7844=ORIENTED_EDGE('',*,*,#6044,.T.);
#7845=ORIENTED_EDGE('',*,*,#6046,.F.);
#7846=ORIENTED_EDGE('',*,*,#6047,.F.);
#7847=ORIENTED_EDGE('',*,*,#6048,.T.);
#7848=ORIENTED_EDGE('',*,*,#6047,.T.);
#7849=ORIENTED_EDGE('',*,*,#6049,.F.);
#7850=ORIENTED_EDGE('',*,*,#6050,.F.);
#7851=ORIENTED_EDGE('',*,*,#6051,.T.);
#7852=ORIENTED_EDGE('',*,*,#6050,.T.);
#7853=ORIENTED_EDGE('',*,*,#6052,.F.);
#7854=ORIENTED_EDGE('',*,*,#6053,.F.);
#7855=ORIENTED_EDGE('',*,*,#6054,.T.);
#7856=ORIENTED_EDGE('',*,*,#6053,.T.);
#7857=ORIENTED_EDGE('',*,*,#6055,.F.);
#7858=ORIENTED_EDGE('',*,*,#6056,.F.);
#7859=ORIENTED_EDGE('',*,*,#6057,.T.);
#7860=ORIENTED_EDGE('',*,*,#6056,.T.);
#7861=ORIENTED_EDGE('',*,*,#6058,.F.);
#7862=ORIENTED_EDGE('',*,*,#6036,.F.);
#7863=ORIENTED_EDGE('',*,*,#6059,.T.);
#7864=ORIENTED_EDGE('',*,*,#6060,.T.);
#7865=ORIENTED_EDGE('',*,*,#6061,.F.);
#7866=ORIENTED_EDGE('',*,*,#6062,.F.);
#7867=ORIENTED_EDGE('',*,*,#6063,.T.);
#7868=ORIENTED_EDGE('',*,*,#6062,.T.);
#7869=ORIENTED_EDGE('',*,*,#6064,.F.);
#7870=ORIENTED_EDGE('',*,*,#6065,.F.);
#7871=ORIENTED_EDGE('',*,*,#6066,.T.);
#7872=ORIENTED_EDGE('',*,*,#6065,.T.);
#7873=ORIENTED_EDGE('',*,*,#6067,.F.);
#7874=ORIENTED_EDGE('',*,*,#6068,.F.);
#7875=ORIENTED_EDGE('',*,*,#6069,.T.);
#7876=ORIENTED_EDGE('',*,*,#6068,.T.);
#7877=ORIENTED_EDGE('',*,*,#6070,.F.);
#7878=ORIENTED_EDGE('',*,*,#6071,.F.);
#7879=ORIENTED_EDGE('',*,*,#6072,.T.);
#7880=ORIENTED_EDGE('',*,*,#6071,.T.);
#7881=ORIENTED_EDGE('',*,*,#6073,.F.);
#7882=ORIENTED_EDGE('',*,*,#6074,.F.);
#7883=ORIENTED_EDGE('',*,*,#6075,.T.);
#7884=ORIENTED_EDGE('',*,*,#6074,.T.);
#7885=ORIENTED_EDGE('',*,*,#6076,.F.);
#7886=ORIENTED_EDGE('',*,*,#6077,.F.);
#7887=ORIENTED_EDGE('',*,*,#6078,.T.);
#7888=ORIENTED_EDGE('',*,*,#6077,.T.);
#7889=ORIENTED_EDGE('',*,*,#6079,.F.);
#7890=ORIENTED_EDGE('',*,*,#6080,.F.);
#7891=ORIENTED_EDGE('',*,*,#6081,.T.);
#7892=ORIENTED_EDGE('',*,*,#6080,.T.);
#7893=ORIENTED_EDGE('',*,*,#6082,.F.);
#7894=ORIENTED_EDGE('',*,*,#6060,.F.);
#7895=ORIENTED_EDGE('',*,*,#6083,.T.);
#7896=ORIENTED_EDGE('',*,*,#6084,.T.);
#7897=ORIENTED_EDGE('',*,*,#6085,.F.);
#7898=ORIENTED_EDGE('',*,*,#6086,.F.);
#7899=ORIENTED_EDGE('',*,*,#6087,.T.);
#7900=ORIENTED_EDGE('',*,*,#6086,.T.);
#7901=ORIENTED_EDGE('',*,*,#6088,.F.);
#7902=ORIENTED_EDGE('',*,*,#6089,.F.);
#7903=ORIENTED_EDGE('',*,*,#6090,.T.);
#7904=ORIENTED_EDGE('',*,*,#6089,.T.);
#7905=ORIENTED_EDGE('',*,*,#6091,.F.);
#7906=ORIENTED_EDGE('',*,*,#6092,.F.);
#7907=ORIENTED_EDGE('',*,*,#6093,.T.);
#7908=ORIENTED_EDGE('',*,*,#6092,.T.);
#7909=ORIENTED_EDGE('',*,*,#6094,.F.);
#7910=ORIENTED_EDGE('',*,*,#6095,.F.);
#7911=ORIENTED_EDGE('',*,*,#6096,.T.);
#7912=ORIENTED_EDGE('',*,*,#6095,.T.);
#7913=ORIENTED_EDGE('',*,*,#6097,.F.);
#7914=ORIENTED_EDGE('',*,*,#6098,.F.);
#7915=ORIENTED_EDGE('',*,*,#6099,.T.);
#7916=ORIENTED_EDGE('',*,*,#6098,.T.);
#7917=ORIENTED_EDGE('',*,*,#6100,.F.);
#7918=ORIENTED_EDGE('',*,*,#6101,.F.);
#7919=ORIENTED_EDGE('',*,*,#6102,.T.);
#7920=ORIENTED_EDGE('',*,*,#6101,.T.);
#7921=ORIENTED_EDGE('',*,*,#6103,.F.);
#7922=ORIENTED_EDGE('',*,*,#6104,.F.);
#7923=ORIENTED_EDGE('',*,*,#6105,.T.);
#7924=ORIENTED_EDGE('',*,*,#6104,.T.);
#7925=ORIENTED_EDGE('',*,*,#6106,.F.);
#7926=ORIENTED_EDGE('',*,*,#6084,.F.);
#7927=ORIENTED_EDGE('',*,*,#6107,.T.);
#7928=ORIENTED_EDGE('',*,*,#6108,.T.);
#7929=ORIENTED_EDGE('',*,*,#6109,.F.);
#7930=ORIENTED_EDGE('',*,*,#6110,.F.);
#7931=ORIENTED_EDGE('',*,*,#6111,.T.);
#7932=ORIENTED_EDGE('',*,*,#6110,.T.);
#7933=ORIENTED_EDGE('',*,*,#6112,.F.);
#7934=ORIENTED_EDGE('',*,*,#6113,.F.);
#7935=ORIENTED_EDGE('',*,*,#6114,.T.);
#7936=ORIENTED_EDGE('',*,*,#6113,.T.);
#7937=ORIENTED_EDGE('',*,*,#6115,.F.);
#7938=ORIENTED_EDGE('',*,*,#6116,.F.);
#7939=ORIENTED_EDGE('',*,*,#6117,.T.);
#7940=ORIENTED_EDGE('',*,*,#6116,.T.);
#7941=ORIENTED_EDGE('',*,*,#6118,.F.);
#7942=ORIENTED_EDGE('',*,*,#6119,.F.);
#7943=ORIENTED_EDGE('',*,*,#6120,.T.);
#7944=ORIENTED_EDGE('',*,*,#6119,.T.);
#7945=ORIENTED_EDGE('',*,*,#6121,.F.);
#7946=ORIENTED_EDGE('',*,*,#6122,.F.);
#7947=ORIENTED_EDGE('',*,*,#6123,.T.);
#7948=ORIENTED_EDGE('',*,*,#6122,.T.);
#7949=ORIENTED_EDGE('',*,*,#6124,.F.);
#7950=ORIENTED_EDGE('',*,*,#6125,.F.);
#7951=ORIENTED_EDGE('',*,*,#6126,.T.);
#7952=ORIENTED_EDGE('',*,*,#6125,.T.);
#7953=ORIENTED_EDGE('',*,*,#6127,.F.);
#7954=ORIENTED_EDGE('',*,*,#6128,.F.);
#7955=ORIENTED_EDGE('',*,*,#6129,.T.);
#7956=ORIENTED_EDGE('',*,*,#6128,.T.);
#7957=ORIENTED_EDGE('',*,*,#6130,.F.);
#7958=ORIENTED_EDGE('',*,*,#6108,.F.);
#7959=ORIENTED_EDGE('',*,*,#6131,.T.);
#7960=ORIENTED_EDGE('',*,*,#6132,.T.);
#7961=ORIENTED_EDGE('',*,*,#6133,.F.);
#7962=ORIENTED_EDGE('',*,*,#6134,.F.);
#7963=ORIENTED_EDGE('',*,*,#6135,.T.);
#7964=ORIENTED_EDGE('',*,*,#6134,.T.);
#7965=ORIENTED_EDGE('',*,*,#6136,.F.);
#7966=ORIENTED_EDGE('',*,*,#6137,.F.);
#7967=ORIENTED_EDGE('',*,*,#6138,.T.);
#7968=ORIENTED_EDGE('',*,*,#6137,.T.);
#7969=ORIENTED_EDGE('',*,*,#6139,.F.);
#7970=ORIENTED_EDGE('',*,*,#6140,.F.);
#7971=ORIENTED_EDGE('',*,*,#6141,.T.);
#7972=ORIENTED_EDGE('',*,*,#6140,.T.);
#7973=ORIENTED_EDGE('',*,*,#6142,.F.);
#7974=ORIENTED_EDGE('',*,*,#6143,.F.);
#7975=ORIENTED_EDGE('',*,*,#6144,.T.);
#7976=ORIENTED_EDGE('',*,*,#6143,.T.);
#7977=ORIENTED_EDGE('',*,*,#6145,.F.);
#7978=ORIENTED_EDGE('',*,*,#6146,.F.);
#7979=ORIENTED_EDGE('',*,*,#6147,.T.);
#7980=ORIENTED_EDGE('',*,*,#6146,.T.);
#7981=ORIENTED_EDGE('',*,*,#6148,.F.);
#7982=ORIENTED_EDGE('',*,*,#6149,.F.);
#7983=ORIENTED_EDGE('',*,*,#6150,.T.);
#7984=ORIENTED_EDGE('',*,*,#6149,.T.);
#7985=ORIENTED_EDGE('',*,*,#6151,.F.);
#7986=ORIENTED_EDGE('',*,*,#6152,.F.);
#7987=ORIENTED_EDGE('',*,*,#6153,.T.);
#7988=ORIENTED_EDGE('',*,*,#6152,.T.);
#7989=ORIENTED_EDGE('',*,*,#6154,.F.);
#7990=ORIENTED_EDGE('',*,*,#6132,.F.);
#7991=ORIENTED_EDGE('',*,*,#6155,.T.);
#7992=ORIENTED_EDGE('',*,*,#6156,.T.);
#7993=ORIENTED_EDGE('',*,*,#6157,.F.);
#7994=ORIENTED_EDGE('',*,*,#6158,.F.);
#7995=ORIENTED_EDGE('',*,*,#6159,.T.);
#7996=ORIENTED_EDGE('',*,*,#6158,.T.);
#7997=ORIENTED_EDGE('',*,*,#6160,.F.);
#7998=ORIENTED_EDGE('',*,*,#6161,.F.);
#7999=ORIENTED_EDGE('',*,*,#6162,.T.);
#8000=ORIENTED_EDGE('',*,*,#6161,.T.);
#8001=ORIENTED_EDGE('',*,*,#6163,.F.);
#8002=ORIENTED_EDGE('',*,*,#6164,.F.);
#8003=ORIENTED_EDGE('',*,*,#6165,.T.);
#8004=ORIENTED_EDGE('',*,*,#6164,.T.);
#8005=ORIENTED_EDGE('',*,*,#6166,.F.);
#8006=ORIENTED_EDGE('',*,*,#6167,.F.);
#8007=ORIENTED_EDGE('',*,*,#6168,.T.);
#8008=ORIENTED_EDGE('',*,*,#6167,.T.);
#8009=ORIENTED_EDGE('',*,*,#6169,.F.);
#8010=ORIENTED_EDGE('',*,*,#6170,.F.);
#8011=ORIENTED_EDGE('',*,*,#6171,.T.);
#8012=ORIENTED_EDGE('',*,*,#6170,.T.);
#8013=ORIENTED_EDGE('',*,*,#6172,.F.);
#8014=ORIENTED_EDGE('',*,*,#6173,.F.);
#8015=ORIENTED_EDGE('',*,*,#6174,.T.);
#8016=ORIENTED_EDGE('',*,*,#6173,.T.);
#8017=ORIENTED_EDGE('',*,*,#6175,.F.);
#8018=ORIENTED_EDGE('',*,*,#6176,.F.);
#8019=ORIENTED_EDGE('',*,*,#6177,.T.);
#8020=ORIENTED_EDGE('',*,*,#6176,.T.);
#8021=ORIENTED_EDGE('',*,*,#6178,.F.);
#8022=ORIENTED_EDGE('',*,*,#6156,.F.);
#8023=ORIENTED_EDGE('',*,*,#6179,.T.);
#8024=ORIENTED_EDGE('',*,*,#6180,.T.);
#8025=ORIENTED_EDGE('',*,*,#6181,.F.);
#8026=ORIENTED_EDGE('',*,*,#6182,.F.);
#8027=ORIENTED_EDGE('',*,*,#6183,.T.);
#8028=ORIENTED_EDGE('',*,*,#6182,.T.);
#8029=ORIENTED_EDGE('',*,*,#6184,.F.);
#8030=ORIENTED_EDGE('',*,*,#6185,.F.);
#8031=ORIENTED_EDGE('',*,*,#6186,.T.);
#8032=ORIENTED_EDGE('',*,*,#6185,.T.);
#8033=ORIENTED_EDGE('',*,*,#6187,.F.);
#8034=ORIENTED_EDGE('',*,*,#6188,.F.);
#8035=ORIENTED_EDGE('',*,*,#6189,.T.);
#8036=ORIENTED_EDGE('',*,*,#6188,.T.);
#8037=ORIENTED_EDGE('',*,*,#6190,.F.);
#8038=ORIENTED_EDGE('',*,*,#6191,.F.);
#8039=ORIENTED_EDGE('',*,*,#6192,.T.);
#8040=ORIENTED_EDGE('',*,*,#6191,.T.);
#8041=ORIENTED_EDGE('',*,*,#6193,.F.);
#8042=ORIENTED_EDGE('',*,*,#6194,.F.);
#8043=ORIENTED_EDGE('',*,*,#6195,.T.);
#8044=ORIENTED_EDGE('',*,*,#6194,.T.);
#8045=ORIENTED_EDGE('',*,*,#6196,.F.);
#8046=ORIENTED_EDGE('',*,*,#6197,.F.);
#8047=ORIENTED_EDGE('',*,*,#6198,.T.);
#8048=ORIENTED_EDGE('',*,*,#6197,.T.);
#8049=ORIENTED_EDGE('',*,*,#6199,.F.);
#8050=ORIENTED_EDGE('',*,*,#6200,.F.);
#8051=ORIENTED_EDGE('',*,*,#6201,.T.);
#8052=ORIENTED_EDGE('',*,*,#6200,.T.);
#8053=ORIENTED_EDGE('',*,*,#6202,.F.);
#8054=ORIENTED_EDGE('',*,*,#6180,.F.);
#8055=ORIENTED_EDGE('',*,*,#6203,.T.);
#8056=ORIENTED_EDGE('',*,*,#6204,.T.);
#8057=ORIENTED_EDGE('',*,*,#6205,.F.);
#8058=ORIENTED_EDGE('',*,*,#6206,.F.);
#8059=ORIENTED_EDGE('',*,*,#6207,.T.);
#8060=ORIENTED_EDGE('',*,*,#6206,.T.);
#8061=ORIENTED_EDGE('',*,*,#6208,.F.);
#8062=ORIENTED_EDGE('',*,*,#6209,.F.);
#8063=ORIENTED_EDGE('',*,*,#6210,.T.);
#8064=ORIENTED_EDGE('',*,*,#6209,.T.);
#8065=ORIENTED_EDGE('',*,*,#6211,.F.);
#8066=ORIENTED_EDGE('',*,*,#6212,.F.);
#8067=ORIENTED_EDGE('',*,*,#6213,.T.);
#8068=ORIENTED_EDGE('',*,*,#6212,.T.);
#8069=ORIENTED_EDGE('',*,*,#6214,.F.);
#8070=ORIENTED_EDGE('',*,*,#6215,.F.);
#8071=ORIENTED_EDGE('',*,*,#6216,.T.);
#8072=ORIENTED_EDGE('',*,*,#6215,.T.);
#8073=ORIENTED_EDGE('',*,*,#6217,.F.);
#8074=ORIENTED_EDGE('',*,*,#6218,.F.);
#8075=ORIENTED_EDGE('',*,*,#6219,.T.);
#8076=ORIENTED_EDGE('',*,*,#6218,.T.);
#8077=ORIENTED_EDGE('',*,*,#6220,.F.);
#8078=ORIENTED_EDGE('',*,*,#6221,.F.);
#8079=ORIENTED_EDGE('',*,*,#6222,.T.);
#8080=ORIENTED_EDGE('',*,*,#6221,.T.);
#8081=ORIENTED_EDGE('',*,*,#6223,.F.);
#8082=ORIENTED_EDGE('',*,*,#6224,.F.);
#8083=ORIENTED_EDGE('',*,*,#6225,.T.);
#8084=ORIENTED_EDGE('',*,*,#6224,.T.);
#8085=ORIENTED_EDGE('',*,*,#6226,.F.);
#8086=ORIENTED_EDGE('',*,*,#6204,.F.);
#8087=ORIENTED_EDGE('',*,*,#6227,.T.);
#8088=ORIENTED_EDGE('',*,*,#6228,.T.);
#8089=ORIENTED_EDGE('',*,*,#6229,.F.);
#8090=ORIENTED_EDGE('',*,*,#6230,.F.);
#8091=ORIENTED_EDGE('',*,*,#6231,.T.);
#8092=ORIENTED_EDGE('',*,*,#6230,.T.);
#8093=ORIENTED_EDGE('',*,*,#6232,.F.);
#8094=ORIENTED_EDGE('',*,*,#6233,.F.);
#8095=ORIENTED_EDGE('',*,*,#6234,.T.);
#8096=ORIENTED_EDGE('',*,*,#6233,.T.);
#8097=ORIENTED_EDGE('',*,*,#6235,.F.);
#8098=ORIENTED_EDGE('',*,*,#6236,.F.);
#8099=ORIENTED_EDGE('',*,*,#6237,.T.);
#8100=ORIENTED_EDGE('',*,*,#6236,.T.);
#8101=ORIENTED_EDGE('',*,*,#6238,.F.);
#8102=ORIENTED_EDGE('',*,*,#6239,.F.);
#8103=ORIENTED_EDGE('',*,*,#6240,.T.);
#8104=ORIENTED_EDGE('',*,*,#6239,.T.);
#8105=ORIENTED_EDGE('',*,*,#6241,.F.);
#8106=ORIENTED_EDGE('',*,*,#6242,.F.);
#8107=ORIENTED_EDGE('',*,*,#6243,.T.);
#8108=ORIENTED_EDGE('',*,*,#6242,.T.);
#8109=ORIENTED_EDGE('',*,*,#6244,.F.);
#8110=ORIENTED_EDGE('',*,*,#6245,.F.);
#8111=ORIENTED_EDGE('',*,*,#6246,.T.);
#8112=ORIENTED_EDGE('',*,*,#6245,.T.);
#8113=ORIENTED_EDGE('',*,*,#6247,.F.);
#8114=ORIENTED_EDGE('',*,*,#6248,.F.);
#8115=ORIENTED_EDGE('',*,*,#6249,.T.);
#8116=ORIENTED_EDGE('',*,*,#6248,.T.);
#8117=ORIENTED_EDGE('',*,*,#6250,.F.);
#8118=ORIENTED_EDGE('',*,*,#6228,.F.);
#8119=ORIENTED_EDGE('',*,*,#6251,.T.);
#8120=ORIENTED_EDGE('',*,*,#6252,.T.);
#8121=ORIENTED_EDGE('',*,*,#6253,.F.);
#8122=ORIENTED_EDGE('',*,*,#6254,.F.);
#8123=ORIENTED_EDGE('',*,*,#6255,.T.);
#8124=ORIENTED_EDGE('',*,*,#6254,.T.);
#8125=ORIENTED_EDGE('',*,*,#6256,.F.);
#8126=ORIENTED_EDGE('',*,*,#6257,.F.);
#8127=ORIENTED_EDGE('',*,*,#6258,.T.);
#8128=ORIENTED_EDGE('',*,*,#6257,.T.);
#8129=ORIENTED_EDGE('',*,*,#6259,.F.);
#8130=ORIENTED_EDGE('',*,*,#6260,.F.);
#8131=ORIENTED_EDGE('',*,*,#6261,.T.);
#8132=ORIENTED_EDGE('',*,*,#6260,.T.);
#8133=ORIENTED_EDGE('',*,*,#6262,.F.);
#8134=ORIENTED_EDGE('',*,*,#6263,.F.);
#8135=ORIENTED_EDGE('',*,*,#6264,.T.);
#8136=ORIENTED_EDGE('',*,*,#6263,.T.);
#8137=ORIENTED_EDGE('',*,*,#6265,.F.);
#8138=ORIENTED_EDGE('',*,*,#6266,.F.);
#8139=ORIENTED_EDGE('',*,*,#6267,.T.);
#8140=ORIENTED_EDGE('',*,*,#6266,.T.);
#8141=ORIENTED_EDGE('',*,*,#6268,.F.);
#8142=ORIENTED_EDGE('',*,*,#6269,.F.);
#8143=ORIENTED_EDGE('',*,*,#6270,.T.);
#8144=ORIENTED_EDGE('',*,*,#6269,.T.);
#8145=ORIENTED_EDGE('',*,*,#6271,.F.);
#8146=ORIENTED_EDGE('',*,*,#6272,.F.);
#8147=ORIENTED_EDGE('',*,*,#6273,.T.);
#8148=ORIENTED_EDGE('',*,*,#6272,.T.);
#8149=ORIENTED_EDGE('',*,*,#6274,.F.);
#8150=ORIENTED_EDGE('',*,*,#6252,.F.);
#8151=ORIENTED_EDGE('',*,*,#6275,.T.);
#8152=ORIENTED_EDGE('',*,*,#6276,.T.);
#8153=ORIENTED_EDGE('',*,*,#6277,.F.);
#8154=ORIENTED_EDGE('',*,*,#6278,.F.);
#8155=ORIENTED_EDGE('',*,*,#6279,.T.);
#8156=ORIENTED_EDGE('',*,*,#6278,.T.);
#8157=ORIENTED_EDGE('',*,*,#6280,.F.);
#8158=ORIENTED_EDGE('',*,*,#6281,.F.);
#8159=ORIENTED_EDGE('',*,*,#6282,.T.);
#8160=ORIENTED_EDGE('',*,*,#6281,.T.);
#8161=ORIENTED_EDGE('',*,*,#6283,.F.);
#8162=ORIENTED_EDGE('',*,*,#6284,.F.);
#8163=ORIENTED_EDGE('',*,*,#6285,.T.);
#8164=ORIENTED_EDGE('',*,*,#6284,.T.);
#8165=ORIENTED_EDGE('',*,*,#6286,.F.);
#8166=ORIENTED_EDGE('',*,*,#6287,.F.);
#8167=ORIENTED_EDGE('',*,*,#6288,.T.);
#8168=ORIENTED_EDGE('',*,*,#6287,.T.);
#8169=ORIENTED_EDGE('',*,*,#6289,.F.);
#8170=ORIENTED_EDGE('',*,*,#6290,.F.);
#8171=ORIENTED_EDGE('',*,*,#6291,.T.);
#8172=ORIENTED_EDGE('',*,*,#6290,.T.);
#8173=ORIENTED_EDGE('',*,*,#6292,.F.);
#8174=ORIENTED_EDGE('',*,*,#6293,.F.);
#8175=ORIENTED_EDGE('',*,*,#6294,.T.);
#8176=ORIENTED_EDGE('',*,*,#6293,.T.);
#8177=ORIENTED_EDGE('',*,*,#6295,.F.);
#8178=ORIENTED_EDGE('',*,*,#6296,.F.);
#8179=ORIENTED_EDGE('',*,*,#6297,.T.);
#8180=ORIENTED_EDGE('',*,*,#6296,.T.);
#8181=ORIENTED_EDGE('',*,*,#6298,.F.);
#8182=ORIENTED_EDGE('',*,*,#6276,.F.);
#8183=ORIENTED_EDGE('',*,*,#6299,.T.);
#8184=ORIENTED_EDGE('',*,*,#6300,.T.);
#8185=ORIENTED_EDGE('',*,*,#6301,.F.);
#8186=ORIENTED_EDGE('',*,*,#6302,.F.);
#8187=ORIENTED_EDGE('',*,*,#6303,.T.);
#8188=ORIENTED_EDGE('',*,*,#6302,.T.);
#8189=ORIENTED_EDGE('',*,*,#6304,.F.);
#8190=ORIENTED_EDGE('',*,*,#6305,.F.);
#8191=ORIENTED_EDGE('',*,*,#6306,.T.);
#8192=ORIENTED_EDGE('',*,*,#6305,.T.);
#8193=ORIENTED_EDGE('',*,*,#6307,.F.);
#8194=ORIENTED_EDGE('',*,*,#6308,.F.);
#8195=ORIENTED_EDGE('',*,*,#6309,.T.);
#8196=ORIENTED_EDGE('',*,*,#6308,.T.);
#8197=ORIENTED_EDGE('',*,*,#6310,.F.);
#8198=ORIENTED_EDGE('',*,*,#6311,.F.);
#8199=ORIENTED_EDGE('',*,*,#6312,.T.);
#8200=ORIENTED_EDGE('',*,*,#6311,.T.);
#8201=ORIENTED_EDGE('',*,*,#6313,.F.);
#8202=ORIENTED_EDGE('',*,*,#6314,.F.);
#8203=ORIENTED_EDGE('',*,*,#6315,.T.);
#8204=ORIENTED_EDGE('',*,*,#6314,.T.);
#8205=ORIENTED_EDGE('',*,*,#6316,.F.);
#8206=ORIENTED_EDGE('',*,*,#6317,.F.);
#8207=ORIENTED_EDGE('',*,*,#6318,.T.);
#8208=ORIENTED_EDGE('',*,*,#6317,.T.);
#8209=ORIENTED_EDGE('',*,*,#6319,.F.);
#8210=ORIENTED_EDGE('',*,*,#6320,.F.);
#8211=ORIENTED_EDGE('',*,*,#6321,.T.);
#8212=ORIENTED_EDGE('',*,*,#6320,.T.);
#8213=ORIENTED_EDGE('',*,*,#6322,.F.);
#8214=ORIENTED_EDGE('',*,*,#6300,.F.);
#8215=ORIENTED_EDGE('',*,*,#6323,.T.);
#8216=ORIENTED_EDGE('',*,*,#6324,.T.);
#8217=ORIENTED_EDGE('',*,*,#6325,.F.);
#8218=ORIENTED_EDGE('',*,*,#6326,.F.);
#8219=ORIENTED_EDGE('',*,*,#6327,.T.);
#8220=ORIENTED_EDGE('',*,*,#6326,.T.);
#8221=ORIENTED_EDGE('',*,*,#6328,.F.);
#8222=ORIENTED_EDGE('',*,*,#6329,.F.);
#8223=ORIENTED_EDGE('',*,*,#6330,.T.);
#8224=ORIENTED_EDGE('',*,*,#6329,.T.);
#8225=ORIENTED_EDGE('',*,*,#6331,.F.);
#8226=ORIENTED_EDGE('',*,*,#6332,.F.);
#8227=ORIENTED_EDGE('',*,*,#6333,.T.);
#8228=ORIENTED_EDGE('',*,*,#6332,.T.);
#8229=ORIENTED_EDGE('',*,*,#6334,.F.);
#8230=ORIENTED_EDGE('',*,*,#6335,.F.);
#8231=ORIENTED_EDGE('',*,*,#6336,.T.);
#8232=ORIENTED_EDGE('',*,*,#6335,.T.);
#8233=ORIENTED_EDGE('',*,*,#6337,.F.);
#8234=ORIENTED_EDGE('',*,*,#6338,.F.);
#8235=ORIENTED_EDGE('',*,*,#6339,.T.);
#8236=ORIENTED_EDGE('',*,*,#6338,.T.);
#8237=ORIENTED_EDGE('',*,*,#6340,.F.);
#8238=ORIENTED_EDGE('',*,*,#6341,.F.);
#8239=ORIENTED_EDGE('',*,*,#6342,.T.);
#8240=ORIENTED_EDGE('',*,*,#6341,.T.);
#8241=ORIENTED_EDGE('',*,*,#6343,.F.);
#8242=ORIENTED_EDGE('',*,*,#6344,.F.);
#8243=ORIENTED_EDGE('',*,*,#6345,.T.);
#8244=ORIENTED_EDGE('',*,*,#6344,.T.);
#8245=ORIENTED_EDGE('',*,*,#6346,.F.);
#8246=ORIENTED_EDGE('',*,*,#6324,.F.);
#8247=ORIENTED_EDGE('',*,*,#6347,.T.);
#8248=ORIENTED_EDGE('',*,*,#6348,.T.);
#8249=ORIENTED_EDGE('',*,*,#6349,.F.);
#8250=ORIENTED_EDGE('',*,*,#6350,.F.);
#8251=ORIENTED_EDGE('',*,*,#6351,.T.);
#8252=ORIENTED_EDGE('',*,*,#6350,.T.);
#8253=ORIENTED_EDGE('',*,*,#6352,.F.);
#8254=ORIENTED_EDGE('',*,*,#6353,.F.);
#8255=ORIENTED_EDGE('',*,*,#6354,.T.);
#8256=ORIENTED_EDGE('',*,*,#6353,.T.);
#8257=ORIENTED_EDGE('',*,*,#6355,.F.);
#8258=ORIENTED_EDGE('',*,*,#6356,.F.);
#8259=ORIENTED_EDGE('',*,*,#6357,.T.);
#8260=ORIENTED_EDGE('',*,*,#6356,.T.);
#8261=ORIENTED_EDGE('',*,*,#6358,.F.);
#8262=ORIENTED_EDGE('',*,*,#6359,.F.);
#8263=ORIENTED_EDGE('',*,*,#6360,.T.);
#8264=ORIENTED_EDGE('',*,*,#6359,.T.);
#8265=ORIENTED_EDGE('',*,*,#6361,.F.);
#8266=ORIENTED_EDGE('',*,*,#6362,.F.);
#8267=ORIENTED_EDGE('',*,*,#6363,.T.);
#8268=ORIENTED_EDGE('',*,*,#6362,.T.);
#8269=ORIENTED_EDGE('',*,*,#6364,.F.);
#8270=ORIENTED_EDGE('',*,*,#6365,.F.);
#8271=ORIENTED_EDGE('',*,*,#6366,.T.);
#8272=ORIENTED_EDGE('',*,*,#6365,.T.);
#8273=ORIENTED_EDGE('',*,*,#6367,.F.);
#8274=ORIENTED_EDGE('',*,*,#6368,.F.);
#8275=ORIENTED_EDGE('',*,*,#6369,.T.);
#8276=ORIENTED_EDGE('',*,*,#6368,.T.);
#8277=ORIENTED_EDGE('',*,*,#6370,.F.);
#8278=ORIENTED_EDGE('',*,*,#6348,.F.);
#8279=ORIENTED_EDGE('',*,*,#6371,.T.);
#8280=ORIENTED_EDGE('',*,*,#6372,.T.);
#8281=ORIENTED_EDGE('',*,*,#6373,.F.);
#8282=ORIENTED_EDGE('',*,*,#6374,.F.);
#8283=ORIENTED_EDGE('',*,*,#6375,.T.);
#8284=ORIENTED_EDGE('',*,*,#6374,.T.);
#8285=ORIENTED_EDGE('',*,*,#6376,.F.);
#8286=ORIENTED_EDGE('',*,*,#6377,.F.);
#8287=ORIENTED_EDGE('',*,*,#6378,.T.);
#8288=ORIENTED_EDGE('',*,*,#6377,.T.);
#8289=ORIENTED_EDGE('',*,*,#6379,.F.);
#8290=ORIENTED_EDGE('',*,*,#6380,.F.);
#8291=ORIENTED_EDGE('',*,*,#6381,.T.);
#8292=ORIENTED_EDGE('',*,*,#6380,.T.);
#8293=ORIENTED_EDGE('',*,*,#6382,.F.);
#8294=ORIENTED_EDGE('',*,*,#6383,.F.);
#8295=ORIENTED_EDGE('',*,*,#6384,.T.);
#8296=ORIENTED_EDGE('',*,*,#6383,.T.);
#8297=ORIENTED_EDGE('',*,*,#6385,.F.);
#8298=ORIENTED_EDGE('',*,*,#6386,.F.);
#8299=ORIENTED_EDGE('',*,*,#6387,.T.);
#8300=ORIENTED_EDGE('',*,*,#6386,.T.);
#8301=ORIENTED_EDGE('',*,*,#6388,.F.);
#8302=ORIENTED_EDGE('',*,*,#6389,.F.);
#8303=ORIENTED_EDGE('',*,*,#6390,.T.);
#8304=ORIENTED_EDGE('',*,*,#6389,.T.);
#8305=ORIENTED_EDGE('',*,*,#6391,.F.);
#8306=ORIENTED_EDGE('',*,*,#6392,.F.);
#8307=ORIENTED_EDGE('',*,*,#6393,.T.);
#8308=ORIENTED_EDGE('',*,*,#6392,.T.);
#8309=ORIENTED_EDGE('',*,*,#6394,.F.);
#8310=ORIENTED_EDGE('',*,*,#6372,.F.);
#8311=ORIENTED_EDGE('',*,*,#6395,.T.);
#8312=ORIENTED_EDGE('',*,*,#6396,.T.);
#8313=ORIENTED_EDGE('',*,*,#6397,.F.);
#8314=ORIENTED_EDGE('',*,*,#6398,.F.);
#8315=ORIENTED_EDGE('',*,*,#6399,.T.);
#8316=ORIENTED_EDGE('',*,*,#6398,.T.);
#8317=ORIENTED_EDGE('',*,*,#6400,.F.);
#8318=ORIENTED_EDGE('',*,*,#6401,.F.);
#8319=ORIENTED_EDGE('',*,*,#6402,.T.);
#8320=ORIENTED_EDGE('',*,*,#6401,.T.);
#8321=ORIENTED_EDGE('',*,*,#6403,.F.);
#8322=ORIENTED_EDGE('',*,*,#6404,.F.);
#8323=ORIENTED_EDGE('',*,*,#6405,.T.);
#8324=ORIENTED_EDGE('',*,*,#6404,.T.);
#8325=ORIENTED_EDGE('',*,*,#6406,.F.);
#8326=ORIENTED_EDGE('',*,*,#6407,.F.);
#8327=ORIENTED_EDGE('',*,*,#6408,.T.);
#8328=ORIENTED_EDGE('',*,*,#6407,.T.);
#8329=ORIENTED_EDGE('',*,*,#6409,.F.);
#8330=ORIENTED_EDGE('',*,*,#6410,.F.);
#8331=ORIENTED_EDGE('',*,*,#6411,.T.);
#8332=ORIENTED_EDGE('',*,*,#6410,.T.);
#8333=ORIENTED_EDGE('',*,*,#6412,.F.);
#8334=ORIENTED_EDGE('',*,*,#6413,.F.);
#8335=ORIENTED_EDGE('',*,*,#6414,.T.);
#8336=ORIENTED_EDGE('',*,*,#6413,.T.);
#8337=ORIENTED_EDGE('',*,*,#6415,.F.);
#8338=ORIENTED_EDGE('',*,*,#6416,.F.);
#8339=ORIENTED_EDGE('',*,*,#6417,.T.);
#8340=ORIENTED_EDGE('',*,*,#6416,.T.);
#8341=ORIENTED_EDGE('',*,*,#6418,.F.);
#8342=ORIENTED_EDGE('',*,*,#6396,.F.);
#8343=ORIENTED_EDGE('',*,*,#6419,.T.);
#8344=ORIENTED_EDGE('',*,*,#6420,.T.);
#8345=ORIENTED_EDGE('',*,*,#6421,.F.);
#8346=ORIENTED_EDGE('',*,*,#6422,.F.);
#8347=ORIENTED_EDGE('',*,*,#6423,.T.);
#8348=ORIENTED_EDGE('',*,*,#6422,.T.);
#8349=ORIENTED_EDGE('',*,*,#6424,.F.);
#8350=ORIENTED_EDGE('',*,*,#6425,.F.);
#8351=ORIENTED_EDGE('',*,*,#6426,.T.);
#8352=ORIENTED_EDGE('',*,*,#6425,.T.);
#8353=ORIENTED_EDGE('',*,*,#6427,.F.);
#8354=ORIENTED_EDGE('',*,*,#6428,.F.);
#8355=ORIENTED_EDGE('',*,*,#6429,.T.);
#8356=ORIENTED_EDGE('',*,*,#6428,.T.);
#8357=ORIENTED_EDGE('',*,*,#6430,.F.);
#8358=ORIENTED_EDGE('',*,*,#6431,.F.);
#8359=ORIENTED_EDGE('',*,*,#6432,.T.);
#8360=ORIENTED_EDGE('',*,*,#6431,.T.);
#8361=ORIENTED_EDGE('',*,*,#6433,.F.);
#8362=ORIENTED_EDGE('',*,*,#6434,.F.);
#8363=ORIENTED_EDGE('',*,*,#6435,.T.);
#8364=ORIENTED_EDGE('',*,*,#6434,.T.);
#8365=ORIENTED_EDGE('',*,*,#6436,.F.);
#8366=ORIENTED_EDGE('',*,*,#6437,.F.);
#8367=ORIENTED_EDGE('',*,*,#6438,.T.);
#8368=ORIENTED_EDGE('',*,*,#6437,.T.);
#8369=ORIENTED_EDGE('',*,*,#6439,.F.);
#8370=ORIENTED_EDGE('',*,*,#6440,.F.);
#8371=ORIENTED_EDGE('',*,*,#6441,.T.);
#8372=ORIENTED_EDGE('',*,*,#6440,.T.);
#8373=ORIENTED_EDGE('',*,*,#6442,.F.);
#8374=ORIENTED_EDGE('',*,*,#6420,.F.);
#8375=ORIENTED_EDGE('',*,*,#6443,.T.);
#8376=ORIENTED_EDGE('',*,*,#6444,.T.);
#8377=ORIENTED_EDGE('',*,*,#6445,.F.);
#8378=ORIENTED_EDGE('',*,*,#6446,.F.);
#8379=ORIENTED_EDGE('',*,*,#6447,.T.);
#8380=ORIENTED_EDGE('',*,*,#6446,.T.);
#8381=ORIENTED_EDGE('',*,*,#6448,.F.);
#8382=ORIENTED_EDGE('',*,*,#6449,.F.);
#8383=ORIENTED_EDGE('',*,*,#6450,.T.);
#8384=ORIENTED_EDGE('',*,*,#6449,.T.);
#8385=ORIENTED_EDGE('',*,*,#6451,.F.);
#8386=ORIENTED_EDGE('',*,*,#6452,.F.);
#8387=ORIENTED_EDGE('',*,*,#6453,.T.);
#8388=ORIENTED_EDGE('',*,*,#6452,.T.);
#8389=ORIENTED_EDGE('',*,*,#6454,.F.);
#8390=ORIENTED_EDGE('',*,*,#6455,.F.);
#8391=ORIENTED_EDGE('',*,*,#6456,.T.);
#8392=ORIENTED_EDGE('',*,*,#6455,.T.);
#8393=ORIENTED_EDGE('',*,*,#6457,.F.);
#8394=ORIENTED_EDGE('',*,*,#6458,.F.);
#8395=ORIENTED_EDGE('',*,*,#6459,.T.);
#8396=ORIENTED_EDGE('',*,*,#6458,.T.);
#8397=ORIENTED_EDGE('',*,*,#6460,.F.);
#8398=ORIENTED_EDGE('',*,*,#6461,.F.);
#8399=ORIENTED_EDGE('',*,*,#6462,.T.);
#8400=ORIENTED_EDGE('',*,*,#6461,.T.);
#8401=ORIENTED_EDGE('',*,*,#6463,.F.);
#8402=ORIENTED_EDGE('',*,*,#6464,.F.);
#8403=ORIENTED_EDGE('',*,*,#6465,.T.);
#8404=ORIENTED_EDGE('',*,*,#6464,.T.);
#8405=ORIENTED_EDGE('',*,*,#6466,.F.);
#8406=ORIENTED_EDGE('',*,*,#6444,.F.);
#8407=ORIENTED_EDGE('',*,*,#6467,.T.);
#8408=ORIENTED_EDGE('',*,*,#6468,.T.);
#8409=ORIENTED_EDGE('',*,*,#6469,.F.);
#8410=ORIENTED_EDGE('',*,*,#6470,.F.);
#8411=ORIENTED_EDGE('',*,*,#6471,.T.);
#8412=ORIENTED_EDGE('',*,*,#6470,.T.);
#8413=ORIENTED_EDGE('',*,*,#6472,.F.);
#8414=ORIENTED_EDGE('',*,*,#6473,.F.);
#8415=ORIENTED_EDGE('',*,*,#6474,.T.);
#8416=ORIENTED_EDGE('',*,*,#6473,.T.);
#8417=ORIENTED_EDGE('',*,*,#6475,.F.);
#8418=ORIENTED_EDGE('',*,*,#6476,.F.);
#8419=ORIENTED_EDGE('',*,*,#6477,.T.);
#8420=ORIENTED_EDGE('',*,*,#6476,.T.);
#8421=ORIENTED_EDGE('',*,*,#6478,.F.);
#8422=ORIENTED_EDGE('',*,*,#6479,.F.);
#8423=ORIENTED_EDGE('',*,*,#6480,.T.);
#8424=ORIENTED_EDGE('',*,*,#6479,.T.);
#8425=ORIENTED_EDGE('',*,*,#6481,.F.);
#8426=ORIENTED_EDGE('',*,*,#6482,.F.);
#8427=ORIENTED_EDGE('',*,*,#6483,.T.);
#8428=ORIENTED_EDGE('',*,*,#6482,.T.);
#8429=ORIENTED_EDGE('',*,*,#6484,.F.);
#8430=ORIENTED_EDGE('',*,*,#6485,.F.);
#8431=ORIENTED_EDGE('',*,*,#6486,.T.);
#8432=ORIENTED_EDGE('',*,*,#6485,.T.);
#8433=ORIENTED_EDGE('',*,*,#6487,.F.);
#8434=ORIENTED_EDGE('',*,*,#6488,.F.);
#8435=ORIENTED_EDGE('',*,*,#6489,.T.);
#8436=ORIENTED_EDGE('',*,*,#6488,.T.);
#8437=ORIENTED_EDGE('',*,*,#6490,.F.);
#8438=ORIENTED_EDGE('',*,*,#6468,.F.);
#8439=ORIENTED_EDGE('',*,*,#6491,.T.);
#8440=ORIENTED_EDGE('',*,*,#6492,.T.);
#8441=ORIENTED_EDGE('',*,*,#6493,.F.);
#8442=ORIENTED_EDGE('',*,*,#6494,.F.);
#8443=ORIENTED_EDGE('',*,*,#6495,.T.);
#8444=ORIENTED_EDGE('',*,*,#6494,.T.);
#8445=ORIENTED_EDGE('',*,*,#6496,.F.);
#8446=ORIENTED_EDGE('',*,*,#6497,.F.);
#8447=ORIENTED_EDGE('',*,*,#6498,.T.);
#8448=ORIENTED_EDGE('',*,*,#6497,.T.);
#8449=ORIENTED_EDGE('',*,*,#6499,.F.);
#8450=ORIENTED_EDGE('',*,*,#6500,.F.);
#8451=ORIENTED_EDGE('',*,*,#6501,.T.);
#8452=ORIENTED_EDGE('',*,*,#6500,.T.);
#8453=ORIENTED_EDGE('',*,*,#6502,.F.);
#8454=ORIENTED_EDGE('',*,*,#6503,.F.);
#8455=ORIENTED_EDGE('',*,*,#6504,.T.);
#8456=ORIENTED_EDGE('',*,*,#6503,.T.);
#8457=ORIENTED_EDGE('',*,*,#6505,.F.);
#8458=ORIENTED_EDGE('',*,*,#6506,.F.);
#8459=ORIENTED_EDGE('',*,*,#6507,.T.);
#8460=ORIENTED_EDGE('',*,*,#6506,.T.);
#8461=ORIENTED_EDGE('',*,*,#6508,.F.);
#8462=ORIENTED_EDGE('',*,*,#6509,.F.);
#8463=ORIENTED_EDGE('',*,*,#6510,.T.);
#8464=ORIENTED_EDGE('',*,*,#6509,.T.);
#8465=ORIENTED_EDGE('',*,*,#6511,.F.);
#8466=ORIENTED_EDGE('',*,*,#6512,.F.);
#8467=ORIENTED_EDGE('',*,*,#6513,.T.);
#8468=ORIENTED_EDGE('',*,*,#6512,.T.);
#8469=ORIENTED_EDGE('',*,*,#6514,.F.);
#8470=ORIENTED_EDGE('',*,*,#6492,.F.);
#8471=ORIENTED_EDGE('',*,*,#6515,.T.);
#8472=ORIENTED_EDGE('',*,*,#6516,.T.);
#8473=ORIENTED_EDGE('',*,*,#6517,.F.);
#8474=ORIENTED_EDGE('',*,*,#6518,.F.);
#8475=ORIENTED_EDGE('',*,*,#6519,.T.);
#8476=ORIENTED_EDGE('',*,*,#6518,.T.);
#8477=ORIENTED_EDGE('',*,*,#6520,.F.);
#8478=ORIENTED_EDGE('',*,*,#6521,.F.);
#8479=ORIENTED_EDGE('',*,*,#6522,.T.);
#8480=ORIENTED_EDGE('',*,*,#6521,.T.);
#8481=ORIENTED_EDGE('',*,*,#6523,.F.);
#8482=ORIENTED_EDGE('',*,*,#6524,.F.);
#8483=ORIENTED_EDGE('',*,*,#6525,.T.);
#8484=ORIENTED_EDGE('',*,*,#6524,.T.);
#8485=ORIENTED_EDGE('',*,*,#6526,.F.);
#8486=ORIENTED_EDGE('',*,*,#6527,.F.);
#8487=ORIENTED_EDGE('',*,*,#6528,.T.);
#8488=ORIENTED_EDGE('',*,*,#6527,.T.);
#8489=ORIENTED_EDGE('',*,*,#6529,.F.);
#8490=ORIENTED_EDGE('',*,*,#6530,.F.);
#8491=ORIENTED_EDGE('',*,*,#6531,.T.);
#8492=ORIENTED_EDGE('',*,*,#6530,.T.);
#8493=ORIENTED_EDGE('',*,*,#6532,.F.);
#8494=ORIENTED_EDGE('',*,*,#6533,.F.);
#8495=ORIENTED_EDGE('',*,*,#6534,.T.);
#8496=ORIENTED_EDGE('',*,*,#6533,.T.);
#8497=ORIENTED_EDGE('',*,*,#6535,.F.);
#8498=ORIENTED_EDGE('',*,*,#6536,.F.);
#8499=ORIENTED_EDGE('',*,*,#6537,.T.);
#8500=ORIENTED_EDGE('',*,*,#6536,.T.);
#8501=ORIENTED_EDGE('',*,*,#6538,.F.);
#8502=ORIENTED_EDGE('',*,*,#6516,.F.);
#8503=ORIENTED_EDGE('',*,*,#6539,.T.);
#8504=ORIENTED_EDGE('',*,*,#6540,.T.);
#8505=ORIENTED_EDGE('',*,*,#6541,.F.);
#8506=ORIENTED_EDGE('',*,*,#6542,.F.);
#8507=ORIENTED_EDGE('',*,*,#6543,.T.);
#8508=ORIENTED_EDGE('',*,*,#6542,.T.);
#8509=ORIENTED_EDGE('',*,*,#6544,.F.);
#8510=ORIENTED_EDGE('',*,*,#6545,.F.);
#8511=ORIENTED_EDGE('',*,*,#6546,.T.);
#8512=ORIENTED_EDGE('',*,*,#6545,.T.);
#8513=ORIENTED_EDGE('',*,*,#6547,.F.);
#8514=ORIENTED_EDGE('',*,*,#6548,.F.);
#8515=ORIENTED_EDGE('',*,*,#6549,.T.);
#8516=ORIENTED_EDGE('',*,*,#6548,.T.);
#8517=ORIENTED_EDGE('',*,*,#6550,.F.);
#8518=ORIENTED_EDGE('',*,*,#6551,.F.);
#8519=ORIENTED_EDGE('',*,*,#6552,.T.);
#8520=ORIENTED_EDGE('',*,*,#6551,.T.);
#8521=ORIENTED_EDGE('',*,*,#6553,.F.);
#8522=ORIENTED_EDGE('',*,*,#6554,.F.);
#8523=ORIENTED_EDGE('',*,*,#6555,.T.);
#8524=ORIENTED_EDGE('',*,*,#6554,.T.);
#8525=ORIENTED_EDGE('',*,*,#6556,.F.);
#8526=ORIENTED_EDGE('',*,*,#6557,.F.);
#8527=ORIENTED_EDGE('',*,*,#6558,.T.);
#8528=ORIENTED_EDGE('',*,*,#6557,.T.);
#8529=ORIENTED_EDGE('',*,*,#6559,.F.);
#8530=ORIENTED_EDGE('',*,*,#6560,.F.);
#8531=ORIENTED_EDGE('',*,*,#6561,.T.);
#8532=ORIENTED_EDGE('',*,*,#6560,.T.);
#8533=ORIENTED_EDGE('',*,*,#6562,.F.);
#8534=ORIENTED_EDGE('',*,*,#6540,.F.);
#8535=ORIENTED_EDGE('',*,*,#6563,.T.);
#8536=ORIENTED_EDGE('',*,*,#6564,.T.);
#8537=ORIENTED_EDGE('',*,*,#6565,.F.);
#8538=ORIENTED_EDGE('',*,*,#6566,.F.);
#8539=ORIENTED_EDGE('',*,*,#6567,.T.);
#8540=ORIENTED_EDGE('',*,*,#6566,.T.);
#8541=ORIENTED_EDGE('',*,*,#6568,.F.);
#8542=ORIENTED_EDGE('',*,*,#6569,.F.);
#8543=ORIENTED_EDGE('',*,*,#6570,.T.);
#8544=ORIENTED_EDGE('',*,*,#6569,.T.);
#8545=ORIENTED_EDGE('',*,*,#6571,.F.);
#8546=ORIENTED_EDGE('',*,*,#6572,.F.);
#8547=ORIENTED_EDGE('',*,*,#6573,.T.);
#8548=ORIENTED_EDGE('',*,*,#6572,.T.);
#8549=ORIENTED_EDGE('',*,*,#6574,.F.);
#8550=ORIENTED_EDGE('',*,*,#6575,.F.);
#8551=ORIENTED_EDGE('',*,*,#6576,.T.);
#8552=ORIENTED_EDGE('',*,*,#6575,.T.);
#8553=ORIENTED_EDGE('',*,*,#6577,.F.);
#8554=ORIENTED_EDGE('',*,*,#6578,.F.);
#8555=ORIENTED_EDGE('',*,*,#6579,.T.);
#8556=ORIENTED_EDGE('',*,*,#6578,.T.);
#8557=ORIENTED_EDGE('',*,*,#6580,.F.);
#8558=ORIENTED_EDGE('',*,*,#6581,.F.);
#8559=ORIENTED_EDGE('',*,*,#6582,.T.);
#8560=ORIENTED_EDGE('',*,*,#6581,.T.);
#8561=ORIENTED_EDGE('',*,*,#6583,.F.);
#8562=ORIENTED_EDGE('',*,*,#6584,.F.);
#8563=ORIENTED_EDGE('',*,*,#6585,.T.);
#8564=ORIENTED_EDGE('',*,*,#6584,.T.);
#8565=ORIENTED_EDGE('',*,*,#6586,.F.);
#8566=ORIENTED_EDGE('',*,*,#6564,.F.);
#8567=ORIENTED_EDGE('',*,*,#6587,.T.);
#8568=ORIENTED_EDGE('',*,*,#6588,.T.);
#8569=ORIENTED_EDGE('',*,*,#6589,.F.);
#8570=ORIENTED_EDGE('',*,*,#6590,.F.);
#8571=ORIENTED_EDGE('',*,*,#6591,.T.);
#8572=ORIENTED_EDGE('',*,*,#6590,.T.);
#8573=ORIENTED_EDGE('',*,*,#6592,.F.);
#8574=ORIENTED_EDGE('',*,*,#6593,.F.);
#8575=ORIENTED_EDGE('',*,*,#6594,.T.);
#8576=ORIENTED_EDGE('',*,*,#6593,.T.);
#8577=ORIENTED_EDGE('',*,*,#6595,.F.);
#8578=ORIENTED_EDGE('',*,*,#6596,.F.);
#8579=ORIENTED_EDGE('',*,*,#6597,.T.);
#8580=ORIENTED_EDGE('',*,*,#6596,.T.);
#8581=ORIENTED_EDGE('',*,*,#6598,.F.);
#8582=ORIENTED_EDGE('',*,*,#6599,.F.);
#8583=ORIENTED_EDGE('',*,*,#6600,.T.);
#8584=ORIENTED_EDGE('',*,*,#6599,.T.);
#8585=ORIENTED_EDGE('',*,*,#6601,.F.);
#8586=ORIENTED_EDGE('',*,*,#6602,.F.);
#8587=ORIENTED_EDGE('',*,*,#6603,.T.);
#8588=ORIENTED_EDGE('',*,*,#6602,.T.);
#8589=ORIENTED_EDGE('',*,*,#6604,.F.);
#8590=ORIENTED_EDGE('',*,*,#6605,.F.);
#8591=ORIENTED_EDGE('',*,*,#6606,.T.);
#8592=ORIENTED_EDGE('',*,*,#6605,.T.);
#8593=ORIENTED_EDGE('',*,*,#6607,.F.);
#8594=ORIENTED_EDGE('',*,*,#6608,.F.);
#8595=ORIENTED_EDGE('',*,*,#6609,.T.);
#8596=ORIENTED_EDGE('',*,*,#6608,.T.);
#8597=ORIENTED_EDGE('',*,*,#6610,.F.);
#8598=ORIENTED_EDGE('',*,*,#6588,.F.);
#8599=ORIENTED_EDGE('',*,*,#6611,.T.);
#8600=ORIENTED_EDGE('',*,*,#6612,.T.);
#8601=ORIENTED_EDGE('',*,*,#6613,.F.);
#8602=ORIENTED_EDGE('',*,*,#6614,.F.);
#8603=ORIENTED_EDGE('',*,*,#6615,.T.);
#8604=ORIENTED_EDGE('',*,*,#6614,.T.);
#8605=ORIENTED_EDGE('',*,*,#6616,.F.);
#8606=ORIENTED_EDGE('',*,*,#6617,.F.);
#8607=ORIENTED_EDGE('',*,*,#6618,.T.);
#8608=ORIENTED_EDGE('',*,*,#6617,.T.);
#8609=ORIENTED_EDGE('',*,*,#6619,.F.);
#8610=ORIENTED_EDGE('',*,*,#6620,.F.);
#8611=ORIENTED_EDGE('',*,*,#6621,.T.);
#8612=ORIENTED_EDGE('',*,*,#6620,.T.);
#8613=ORIENTED_EDGE('',*,*,#6622,.F.);
#8614=ORIENTED_EDGE('',*,*,#6623,.F.);
#8615=ORIENTED_EDGE('',*,*,#6624,.T.);
#8616=ORIENTED_EDGE('',*,*,#6623,.T.);
#8617=ORIENTED_EDGE('',*,*,#6625,.F.);
#8618=ORIENTED_EDGE('',*,*,#6626,.F.);
#8619=ORIENTED_EDGE('',*,*,#6627,.T.);
#8620=ORIENTED_EDGE('',*,*,#6626,.T.);
#8621=ORIENTED_EDGE('',*,*,#6628,.F.);
#8622=ORIENTED_EDGE('',*,*,#6629,.F.);
#8623=ORIENTED_EDGE('',*,*,#6630,.T.);
#8624=ORIENTED_EDGE('',*,*,#6629,.T.);
#8625=ORIENTED_EDGE('',*,*,#6631,.F.);
#8626=ORIENTED_EDGE('',*,*,#6632,.F.);
#8627=ORIENTED_EDGE('',*,*,#6633,.T.);
#8628=ORIENTED_EDGE('',*,*,#6632,.T.);
#8629=ORIENTED_EDGE('',*,*,#6634,.F.);
#8630=ORIENTED_EDGE('',*,*,#6612,.F.);
#8631=ORIENTED_EDGE('',*,*,#6635,.T.);
#8632=ORIENTED_EDGE('',*,*,#6636,.T.);
#8633=ORIENTED_EDGE('',*,*,#6637,.F.);
#8634=ORIENTED_EDGE('',*,*,#6638,.F.);
#8635=ORIENTED_EDGE('',*,*,#6639,.T.);
#8636=ORIENTED_EDGE('',*,*,#6638,.T.);
#8637=ORIENTED_EDGE('',*,*,#6640,.F.);
#8638=ORIENTED_EDGE('',*,*,#6641,.F.);
#8639=ORIENTED_EDGE('',*,*,#6642,.T.);
#8640=ORIENTED_EDGE('',*,*,#6641,.T.);
#8641=ORIENTED_EDGE('',*,*,#6643,.F.);
#8642=ORIENTED_EDGE('',*,*,#6644,.F.);
#8643=ORIENTED_EDGE('',*,*,#6645,.T.);
#8644=ORIENTED_EDGE('',*,*,#6644,.T.);
#8645=ORIENTED_EDGE('',*,*,#6646,.F.);
#8646=ORIENTED_EDGE('',*,*,#6647,.F.);
#8647=ORIENTED_EDGE('',*,*,#6648,.T.);
#8648=ORIENTED_EDGE('',*,*,#6647,.T.);
#8649=ORIENTED_EDGE('',*,*,#6649,.F.);
#8650=ORIENTED_EDGE('',*,*,#6650,.F.);
#8651=ORIENTED_EDGE('',*,*,#6651,.T.);
#8652=ORIENTED_EDGE('',*,*,#6650,.T.);
#8653=ORIENTED_EDGE('',*,*,#6652,.F.);
#8654=ORIENTED_EDGE('',*,*,#6653,.F.);
#8655=ORIENTED_EDGE('',*,*,#6654,.T.);
#8656=ORIENTED_EDGE('',*,*,#6653,.T.);
#8657=ORIENTED_EDGE('',*,*,#6655,.F.);
#8658=ORIENTED_EDGE('',*,*,#6656,.F.);
#8659=ORIENTED_EDGE('',*,*,#6657,.T.);
#8660=ORIENTED_EDGE('',*,*,#6656,.T.);
#8661=ORIENTED_EDGE('',*,*,#6658,.F.);
#8662=ORIENTED_EDGE('',*,*,#6636,.F.);
#8663=ORIENTED_EDGE('',*,*,#6659,.T.);
#8664=ORIENTED_EDGE('',*,*,#6660,.T.);
#8665=ORIENTED_EDGE('',*,*,#6661,.F.);
#8666=ORIENTED_EDGE('',*,*,#6662,.F.);
#8667=ORIENTED_EDGE('',*,*,#6663,.T.);
#8668=ORIENTED_EDGE('',*,*,#6662,.T.);
#8669=ORIENTED_EDGE('',*,*,#6664,.F.);
#8670=ORIENTED_EDGE('',*,*,#6665,.F.);
#8671=ORIENTED_EDGE('',*,*,#6666,.T.);
#8672=ORIENTED_EDGE('',*,*,#6665,.T.);
#8673=ORIENTED_EDGE('',*,*,#6667,.F.);
#8674=ORIENTED_EDGE('',*,*,#6668,.F.);
#8675=ORIENTED_EDGE('',*,*,#6669,.T.);
#8676=ORIENTED_EDGE('',*,*,#6668,.T.);
#8677=ORIENTED_EDGE('',*,*,#6670,.F.);
#8678=ORIENTED_EDGE('',*,*,#6671,.F.);
#8679=ORIENTED_EDGE('',*,*,#6672,.T.);
#8680=ORIENTED_EDGE('',*,*,#6671,.T.);
#8681=ORIENTED_EDGE('',*,*,#6673,.F.);
#8682=ORIENTED_EDGE('',*,*,#6674,.F.);
#8683=ORIENTED_EDGE('',*,*,#6675,.T.);
#8684=ORIENTED_EDGE('',*,*,#6674,.T.);
#8685=ORIENTED_EDGE('',*,*,#6676,.F.);
#8686=ORIENTED_EDGE('',*,*,#6677,.F.);
#8687=ORIENTED_EDGE('',*,*,#6678,.T.);
#8688=ORIENTED_EDGE('',*,*,#6677,.T.);
#8689=ORIENTED_EDGE('',*,*,#6679,.F.);
#8690=ORIENTED_EDGE('',*,*,#6680,.F.);
#8691=ORIENTED_EDGE('',*,*,#6681,.T.);
#8692=ORIENTED_EDGE('',*,*,#6680,.T.);
#8693=ORIENTED_EDGE('',*,*,#6682,.F.);
#8694=ORIENTED_EDGE('',*,*,#6660,.F.);
#8695=ORIENTED_EDGE('',*,*,#6683,.T.);
#8696=ORIENTED_EDGE('',*,*,#6684,.T.);
#8697=ORIENTED_EDGE('',*,*,#6685,.F.);
#8698=ORIENTED_EDGE('',*,*,#6686,.F.);
#8699=ORIENTED_EDGE('',*,*,#6687,.T.);
#8700=ORIENTED_EDGE('',*,*,#6686,.T.);
#8701=ORIENTED_EDGE('',*,*,#6688,.F.);
#8702=ORIENTED_EDGE('',*,*,#6689,.F.);
#8703=ORIENTED_EDGE('',*,*,#6690,.T.);
#8704=ORIENTED_EDGE('',*,*,#6689,.T.);
#8705=ORIENTED_EDGE('',*,*,#6691,.F.);
#8706=ORIENTED_EDGE('',*,*,#6692,.F.);
#8707=ORIENTED_EDGE('',*,*,#6693,.T.);
#8708=ORIENTED_EDGE('',*,*,#6692,.T.);
#8709=ORIENTED_EDGE('',*,*,#6694,.F.);
#8710=ORIENTED_EDGE('',*,*,#6695,.F.);
#8711=ORIENTED_EDGE('',*,*,#6696,.T.);
#8712=ORIENTED_EDGE('',*,*,#6695,.T.);
#8713=ORIENTED_EDGE('',*,*,#6697,.F.);
#8714=ORIENTED_EDGE('',*,*,#6698,.F.);
#8715=ORIENTED_EDGE('',*,*,#6699,.T.);
#8716=ORIENTED_EDGE('',*,*,#6698,.T.);
#8717=ORIENTED_EDGE('',*,*,#6700,.F.);
#8718=ORIENTED_EDGE('',*,*,#6701,.F.);
#8719=ORIENTED_EDGE('',*,*,#6702,.T.);
#8720=ORIENTED_EDGE('',*,*,#6701,.T.);
#8721=ORIENTED_EDGE('',*,*,#6703,.F.);
#8722=ORIENTED_EDGE('',*,*,#6704,.F.);
#8723=ORIENTED_EDGE('',*,*,#6705,.T.);
#8724=ORIENTED_EDGE('',*,*,#6704,.T.);
#8725=ORIENTED_EDGE('',*,*,#6706,.F.);
#8726=ORIENTED_EDGE('',*,*,#6684,.F.);
#8727=ORIENTED_EDGE('',*,*,#6707,.T.);
#8728=ORIENTED_EDGE('',*,*,#6708,.T.);
#8729=ORIENTED_EDGE('',*,*,#6709,.F.);
#8730=ORIENTED_EDGE('',*,*,#6710,.F.);
#8731=ORIENTED_EDGE('',*,*,#6711,.T.);
#8732=ORIENTED_EDGE('',*,*,#6710,.T.);
#8733=ORIENTED_EDGE('',*,*,#6712,.F.);
#8734=ORIENTED_EDGE('',*,*,#6713,.F.);
#8735=ORIENTED_EDGE('',*,*,#6714,.T.);
#8736=ORIENTED_EDGE('',*,*,#6713,.T.);
#8737=ORIENTED_EDGE('',*,*,#6715,.F.);
#8738=ORIENTED_EDGE('',*,*,#6716,.F.);
#8739=ORIENTED_EDGE('',*,*,#6717,.T.);
#8740=ORIENTED_EDGE('',*,*,#6716,.T.);
#8741=ORIENTED_EDGE('',*,*,#6718,.F.);
#8742=ORIENTED_EDGE('',*,*,#6719,.F.);
#8743=ORIENTED_EDGE('',*,*,#6720,.T.);
#8744=ORIENTED_EDGE('',*,*,#6719,.T.);
#8745=ORIENTED_EDGE('',*,*,#6721,.F.);
#8746=ORIENTED_EDGE('',*,*,#6722,.F.);
#8747=ORIENTED_EDGE('',*,*,#6723,.T.);
#8748=ORIENTED_EDGE('',*,*,#6722,.T.);
#8749=ORIENTED_EDGE('',*,*,#6724,.F.);
#8750=ORIENTED_EDGE('',*,*,#6725,.F.);
#8751=ORIENTED_EDGE('',*,*,#6726,.T.);
#8752=ORIENTED_EDGE('',*,*,#6725,.T.);
#8753=ORIENTED_EDGE('',*,*,#6727,.F.);
#8754=ORIENTED_EDGE('',*,*,#6728,.F.);
#8755=ORIENTED_EDGE('',*,*,#6729,.T.);
#8756=ORIENTED_EDGE('',*,*,#6728,.T.);
#8757=ORIENTED_EDGE('',*,*,#6730,.F.);
#8758=ORIENTED_EDGE('',*,*,#6708,.F.);
#8759=ORIENTED_EDGE('',*,*,#6731,.T.);
#8760=ORIENTED_EDGE('',*,*,#6732,.T.);
#8761=ORIENTED_EDGE('',*,*,#6733,.F.);
#8762=ORIENTED_EDGE('',*,*,#6734,.F.);
#8763=ORIENTED_EDGE('',*,*,#6735,.T.);
#8764=ORIENTED_EDGE('',*,*,#6734,.T.);
#8765=ORIENTED_EDGE('',*,*,#6736,.F.);
#8766=ORIENTED_EDGE('',*,*,#6737,.F.);
#8767=ORIENTED_EDGE('',*,*,#6738,.T.);
#8768=ORIENTED_EDGE('',*,*,#6737,.T.);
#8769=ORIENTED_EDGE('',*,*,#6739,.F.);
#8770=ORIENTED_EDGE('',*,*,#6740,.F.);
#8771=ORIENTED_EDGE('',*,*,#6741,.T.);
#8772=ORIENTED_EDGE('',*,*,#6740,.T.);
#8773=ORIENTED_EDGE('',*,*,#6742,.F.);
#8774=ORIENTED_EDGE('',*,*,#6743,.F.);
#8775=ORIENTED_EDGE('',*,*,#6744,.T.);
#8776=ORIENTED_EDGE('',*,*,#6743,.T.);
#8777=ORIENTED_EDGE('',*,*,#6745,.F.);
#8778=ORIENTED_EDGE('',*,*,#6746,.F.);
#8779=ORIENTED_EDGE('',*,*,#6747,.T.);
#8780=ORIENTED_EDGE('',*,*,#6746,.T.);
#8781=ORIENTED_EDGE('',*,*,#6748,.F.);
#8782=ORIENTED_EDGE('',*,*,#6749,.F.);
#8783=ORIENTED_EDGE('',*,*,#6750,.T.);
#8784=ORIENTED_EDGE('',*,*,#6749,.T.);
#8785=ORIENTED_EDGE('',*,*,#6751,.F.);
#8786=ORIENTED_EDGE('',*,*,#6752,.F.);
#8787=ORIENTED_EDGE('',*,*,#6753,.T.);
#8788=ORIENTED_EDGE('',*,*,#6752,.T.);
#8789=ORIENTED_EDGE('',*,*,#6754,.F.);
#8790=ORIENTED_EDGE('',*,*,#6732,.F.);
#8791=ORIENTED_EDGE('',*,*,#6755,.T.);
#8792=ORIENTED_EDGE('',*,*,#6756,.T.);
#8793=ORIENTED_EDGE('',*,*,#6757,.F.);
#8794=ORIENTED_EDGE('',*,*,#6758,.F.);
#8795=ORIENTED_EDGE('',*,*,#6759,.T.);
#8796=ORIENTED_EDGE('',*,*,#6758,.T.);
#8797=ORIENTED_EDGE('',*,*,#6760,.F.);
#8798=ORIENTED_EDGE('',*,*,#6761,.F.);
#8799=ORIENTED_EDGE('',*,*,#6762,.T.);
#8800=ORIENTED_EDGE('',*,*,#6761,.T.);
#8801=ORIENTED_EDGE('',*,*,#6763,.F.);
#8802=ORIENTED_EDGE('',*,*,#6764,.F.);
#8803=ORIENTED_EDGE('',*,*,#6765,.T.);
#8804=ORIENTED_EDGE('',*,*,#6764,.T.);
#8805=ORIENTED_EDGE('',*,*,#6766,.F.);
#8806=ORIENTED_EDGE('',*,*,#6767,.F.);
#8807=ORIENTED_EDGE('',*,*,#6768,.T.);
#8808=ORIENTED_EDGE('',*,*,#6767,.T.);
#8809=ORIENTED_EDGE('',*,*,#6769,.F.);
#8810=ORIENTED_EDGE('',*,*,#6770,.F.);
#8811=ORIENTED_EDGE('',*,*,#6771,.T.);
#8812=ORIENTED_EDGE('',*,*,#6770,.T.);
#8813=ORIENTED_EDGE('',*,*,#6772,.F.);
#8814=ORIENTED_EDGE('',*,*,#6773,.F.);
#8815=ORIENTED_EDGE('',*,*,#6774,.T.);
#8816=ORIENTED_EDGE('',*,*,#6773,.T.);
#8817=ORIENTED_EDGE('',*,*,#6775,.F.);
#8818=ORIENTED_EDGE('',*,*,#6776,.F.);
#8819=ORIENTED_EDGE('',*,*,#6777,.T.);
#8820=ORIENTED_EDGE('',*,*,#6776,.T.);
#8821=ORIENTED_EDGE('',*,*,#6778,.F.);
#8822=ORIENTED_EDGE('',*,*,#6756,.F.);
#8823=ORIENTED_EDGE('',*,*,#6779,.F.);
#8824=ORIENTED_EDGE('',*,*,#6780,.T.);
#8825=ORIENTED_EDGE('',*,*,#6781,.F.);
#8826=ORIENTED_EDGE('',*,*,#6782,.F.);
#8827=ORIENTED_EDGE('',*,*,#6783,.T.);
#8828=ORIENTED_EDGE('',*,*,#6782,.T.);
#8829=ORIENTED_EDGE('',*,*,#6784,.F.);
#8830=ORIENTED_EDGE('',*,*,#6785,.F.);
#8831=ORIENTED_EDGE('',*,*,#6786,.T.);
#8832=ORIENTED_EDGE('',*,*,#6785,.T.);
#8833=ORIENTED_EDGE('',*,*,#6787,.F.);
#8834=ORIENTED_EDGE('',*,*,#6788,.F.);
#8835=ORIENTED_EDGE('',*,*,#6789,.T.);
#8836=ORIENTED_EDGE('',*,*,#6788,.T.);
#8837=ORIENTED_EDGE('',*,*,#6790,.F.);
#8838=ORIENTED_EDGE('',*,*,#6791,.F.);
#8839=ORIENTED_EDGE('',*,*,#6792,.T.);
#8840=ORIENTED_EDGE('',*,*,#6791,.T.);
#8841=ORIENTED_EDGE('',*,*,#6793,.F.);
#8842=ORIENTED_EDGE('',*,*,#6794,.F.);
#8843=ORIENTED_EDGE('',*,*,#6795,.T.);
#8844=ORIENTED_EDGE('',*,*,#6794,.T.);
#8845=ORIENTED_EDGE('',*,*,#6796,.F.);
#8846=ORIENTED_EDGE('',*,*,#6797,.F.);
#8847=ORIENTED_EDGE('',*,*,#6798,.T.);
#8848=ORIENTED_EDGE('',*,*,#6797,.T.);
#8849=ORIENTED_EDGE('',*,*,#6799,.F.);
#8850=ORIENTED_EDGE('',*,*,#6800,.F.);
#8851=ORIENTED_EDGE('',*,*,#6801,.T.);
#8852=ORIENTED_EDGE('',*,*,#6800,.T.);
#8853=ORIENTED_EDGE('',*,*,#6802,.F.);
#8854=ORIENTED_EDGE('',*,*,#6780,.F.);
#8855=ORIENTED_EDGE('',*,*,#6802,.T.);
#8856=ORIENTED_EDGE('',*,*,#6799,.T.);
#8857=ORIENTED_EDGE('',*,*,#6796,.T.);
#8858=ORIENTED_EDGE('',*,*,#6793,.T.);
#8859=ORIENTED_EDGE('',*,*,#6790,.T.);
#8860=ORIENTED_EDGE('',*,*,#6787,.T.);
#8861=ORIENTED_EDGE('',*,*,#6784,.T.);
#8862=ORIENTED_EDGE('',*,*,#6781,.T.);
#8863=ORIENTED_EDGE('',*,*,#6778,.T.);
#8864=ORIENTED_EDGE('',*,*,#6775,.T.);
#8865=ORIENTED_EDGE('',*,*,#6772,.T.);
#8866=ORIENTED_EDGE('',*,*,#6769,.T.);
#8867=ORIENTED_EDGE('',*,*,#6766,.T.);
#8868=ORIENTED_EDGE('',*,*,#6763,.T.);
#8869=ORIENTED_EDGE('',*,*,#6760,.T.);
#8870=ORIENTED_EDGE('',*,*,#6757,.T.);
#8871=ORIENTED_EDGE('',*,*,#6754,.T.);
#8872=ORIENTED_EDGE('',*,*,#6751,.T.);
#8873=ORIENTED_EDGE('',*,*,#6748,.T.);
#8874=ORIENTED_EDGE('',*,*,#6745,.T.);
#8875=ORIENTED_EDGE('',*,*,#6742,.T.);
#8876=ORIENTED_EDGE('',*,*,#6739,.T.);
#8877=ORIENTED_EDGE('',*,*,#6736,.T.);
#8878=ORIENTED_EDGE('',*,*,#6733,.T.);
#8879=ORIENTED_EDGE('',*,*,#6730,.T.);
#8880=ORIENTED_EDGE('',*,*,#6727,.T.);
#8881=ORIENTED_EDGE('',*,*,#6724,.T.);
#8882=ORIENTED_EDGE('',*,*,#6721,.T.);
#8883=ORIENTED_EDGE('',*,*,#6718,.T.);
#8884=ORIENTED_EDGE('',*,*,#6715,.T.);
#8885=ORIENTED_EDGE('',*,*,#6712,.T.);
#8886=ORIENTED_EDGE('',*,*,#6709,.T.);
#8887=ORIENTED_EDGE('',*,*,#6706,.T.);
#8888=ORIENTED_EDGE('',*,*,#6703,.T.);
#8889=ORIENTED_EDGE('',*,*,#6700,.T.);
#8890=ORIENTED_EDGE('',*,*,#6697,.T.);
#8891=ORIENTED_EDGE('',*,*,#6694,.T.);
#8892=ORIENTED_EDGE('',*,*,#6691,.T.);
#8893=ORIENTED_EDGE('',*,*,#6688,.T.);
#8894=ORIENTED_EDGE('',*,*,#6685,.T.);
#8895=ORIENTED_EDGE('',*,*,#6682,.T.);
#8896=ORIENTED_EDGE('',*,*,#6679,.T.);
#8897=ORIENTED_EDGE('',*,*,#6676,.T.);
#8898=ORIENTED_EDGE('',*,*,#6673,.T.);
#8899=ORIENTED_EDGE('',*,*,#6670,.T.);
#8900=ORIENTED_EDGE('',*,*,#6667,.T.);
#8901=ORIENTED_EDGE('',*,*,#6664,.T.);
#8902=ORIENTED_EDGE('',*,*,#6661,.T.);
#8903=ORIENTED_EDGE('',*,*,#6658,.T.);
#8904=ORIENTED_EDGE('',*,*,#6655,.T.);
#8905=ORIENTED_EDGE('',*,*,#6652,.T.);
#8906=ORIENTED_EDGE('',*,*,#6649,.T.);
#8907=ORIENTED_EDGE('',*,*,#6646,.T.);
#8908=ORIENTED_EDGE('',*,*,#6643,.T.);
#8909=ORIENTED_EDGE('',*,*,#6640,.T.);
#8910=ORIENTED_EDGE('',*,*,#6637,.T.);
#8911=ORIENTED_EDGE('',*,*,#6634,.T.);
#8912=ORIENTED_EDGE('',*,*,#6631,.T.);
#8913=ORIENTED_EDGE('',*,*,#6628,.T.);
#8914=ORIENTED_EDGE('',*,*,#6625,.T.);
#8915=ORIENTED_EDGE('',*,*,#6622,.T.);
#8916=ORIENTED_EDGE('',*,*,#6619,.T.);
#8917=ORIENTED_EDGE('',*,*,#6616,.T.);
#8918=ORIENTED_EDGE('',*,*,#6613,.T.);
#8919=ORIENTED_EDGE('',*,*,#6610,.T.);
#8920=ORIENTED_EDGE('',*,*,#6607,.T.);
#8921=ORIENTED_EDGE('',*,*,#6604,.T.);
#8922=ORIENTED_EDGE('',*,*,#6601,.T.);
#8923=ORIENTED_EDGE('',*,*,#6598,.T.);
#8924=ORIENTED_EDGE('',*,*,#6595,.T.);
#8925=ORIENTED_EDGE('',*,*,#6592,.T.);
#8926=ORIENTED_EDGE('',*,*,#6589,.T.);
#8927=ORIENTED_EDGE('',*,*,#6586,.T.);
#8928=ORIENTED_EDGE('',*,*,#6583,.T.);
#8929=ORIENTED_EDGE('',*,*,#6580,.T.);
#8930=ORIENTED_EDGE('',*,*,#6577,.T.);
#8931=ORIENTED_EDGE('',*,*,#6574,.T.);
#8932=ORIENTED_EDGE('',*,*,#6571,.T.);
#8933=ORIENTED_EDGE('',*,*,#6568,.T.);
#8934=ORIENTED_EDGE('',*,*,#6565,.T.);
#8935=ORIENTED_EDGE('',*,*,#6562,.T.);
#8936=ORIENTED_EDGE('',*,*,#6559,.T.);
#8937=ORIENTED_EDGE('',*,*,#6556,.T.);
#8938=ORIENTED_EDGE('',*,*,#6553,.T.);
#8939=ORIENTED_EDGE('',*,*,#6550,.T.);
#8940=ORIENTED_EDGE('',*,*,#6547,.T.);
#8941=ORIENTED_EDGE('',*,*,#6544,.T.);
#8942=ORIENTED_EDGE('',*,*,#6541,.T.);
#8943=ORIENTED_EDGE('',*,*,#6538,.T.);
#8944=ORIENTED_EDGE('',*,*,#6535,.T.);
#8945=ORIENTED_EDGE('',*,*,#6532,.T.);
#8946=ORIENTED_EDGE('',*,*,#6529,.T.);
#8947=ORIENTED_EDGE('',*,*,#6526,.T.);
#8948=ORIENTED_EDGE('',*,*,#6523,.T.);
#8949=ORIENTED_EDGE('',*,*,#6520,.T.);
#8950=ORIENTED_EDGE('',*,*,#6517,.T.);
#8951=ORIENTED_EDGE('',*,*,#6514,.T.);
#8952=ORIENTED_EDGE('',*,*,#6511,.T.);
#8953=ORIENTED_EDGE('',*,*,#6508,.T.);
#8954=ORIENTED_EDGE('',*,*,#6505,.T.);
#8955=ORIENTED_EDGE('',*,*,#6502,.T.);
#8956=ORIENTED_EDGE('',*,*,#6499,.T.);
#8957=ORIENTED_EDGE('',*,*,#6496,.T.);
#8958=ORIENTED_EDGE('',*,*,#6493,.T.);
#8959=ORIENTED_EDGE('',*,*,#6490,.T.);
#8960=ORIENTED_EDGE('',*,*,#6487,.T.);
#8961=ORIENTED_EDGE('',*,*,#6484,.T.);
#8962=ORIENTED_EDGE('',*,*,#6481,.T.);
#8963=ORIENTED_EDGE('',*,*,#6478,.T.);
#8964=ORIENTED_EDGE('',*,*,#6475,.T.);
#8965=ORIENTED_EDGE('',*,*,#6472,.T.);
#8966=ORIENTED_EDGE('',*,*,#6469,.T.);
#8967=ORIENTED_EDGE('',*,*,#6466,.T.);
#8968=ORIENTED_EDGE('',*,*,#6463,.T.);
#8969=ORIENTED_EDGE('',*,*,#6460,.T.);
#8970=ORIENTED_EDGE('',*,*,#6457,.T.);
#8971=ORIENTED_EDGE('',*,*,#6454,.T.);
#8972=ORIENTED_EDGE('',*,*,#6451,.T.);
#8973=ORIENTED_EDGE('',*,*,#6448,.T.);
#8974=ORIENTED_EDGE('',*,*,#6445,.T.);
#8975=ORIENTED_EDGE('',*,*,#6442,.T.);
#8976=ORIENTED_EDGE('',*,*,#6439,.T.);
#8977=ORIENTED_EDGE('',*,*,#6436,.T.);
#8978=ORIENTED_EDGE('',*,*,#6433,.T.);
#8979=ORIENTED_EDGE('',*,*,#6430,.T.);
#8980=ORIENTED_EDGE('',*,*,#6427,.T.);
#8981=ORIENTED_EDGE('',*,*,#6424,.T.);
#8982=ORIENTED_EDGE('',*,*,#6421,.T.);
#8983=ORIENTED_EDGE('',*,*,#6418,.T.);
#8984=ORIENTED_EDGE('',*,*,#6415,.T.);
#8985=ORIENTED_EDGE('',*,*,#6412,.T.);
#8986=ORIENTED_EDGE('',*,*,#6409,.T.);
#8987=ORIENTED_EDGE('',*,*,#6406,.T.);
#8988=ORIENTED_EDGE('',*,*,#6403,.T.);
#8989=ORIENTED_EDGE('',*,*,#6400,.T.);
#8990=ORIENTED_EDGE('',*,*,#6397,.T.);
#8991=ORIENTED_EDGE('',*,*,#6394,.T.);
#8992=ORIENTED_EDGE('',*,*,#6391,.T.);
#8993=ORIENTED_EDGE('',*,*,#6388,.T.);
#8994=ORIENTED_EDGE('',*,*,#6385,.T.);
#8995=ORIENTED_EDGE('',*,*,#6382,.T.);
#8996=ORIENTED_EDGE('',*,*,#6379,.T.);
#8997=ORIENTED_EDGE('',*,*,#6376,.T.);
#8998=ORIENTED_EDGE('',*,*,#6373,.T.);
#8999=ORIENTED_EDGE('',*,*,#6370,.T.);
#9000=ORIENTED_EDGE('',*,*,#6367,.T.);
#9001=ORIENTED_EDGE('',*,*,#6364,.T.);
#9002=ORIENTED_EDGE('',*,*,#6361,.T.);
#9003=ORIENTED_EDGE('',*,*,#6358,.T.);
#9004=ORIENTED_EDGE('',*,*,#6355,.T.);
#9005=ORIENTED_EDGE('',*,*,#6352,.T.);
#9006=ORIENTED_EDGE('',*,*,#6349,.T.);
#9007=ORIENTED_EDGE('',*,*,#6346,.T.);
#9008=ORIENTED_EDGE('',*,*,#6343,.T.);
#9009=ORIENTED_EDGE('',*,*,#6340,.T.);
#9010=ORIENTED_EDGE('',*,*,#6337,.T.);
#9011=ORIENTED_EDGE('',*,*,#6334,.T.);
#9012=ORIENTED_EDGE('',*,*,#6331,.T.);
#9013=ORIENTED_EDGE('',*,*,#6328,.T.);
#9014=ORIENTED_EDGE('',*,*,#6325,.T.);
#9015=ORIENTED_EDGE('',*,*,#6322,.T.);
#9016=ORIENTED_EDGE('',*,*,#6319,.T.);
#9017=ORIENTED_EDGE('',*,*,#6316,.T.);
#9018=ORIENTED_EDGE('',*,*,#6313,.T.);
#9019=ORIENTED_EDGE('',*,*,#6310,.T.);
#9020=ORIENTED_EDGE('',*,*,#6307,.T.);
#9021=ORIENTED_EDGE('',*,*,#6304,.T.);
#9022=ORIENTED_EDGE('',*,*,#6301,.T.);
#9023=ORIENTED_EDGE('',*,*,#6298,.T.);
#9024=ORIENTED_EDGE('',*,*,#6295,.T.);
#9025=ORIENTED_EDGE('',*,*,#6292,.T.);
#9026=ORIENTED_EDGE('',*,*,#6289,.T.);
#9027=ORIENTED_EDGE('',*,*,#6286,.T.);
#9028=ORIENTED_EDGE('',*,*,#6283,.T.);
#9029=ORIENTED_EDGE('',*,*,#6280,.T.);
#9030=ORIENTED_EDGE('',*,*,#6277,.T.);
#9031=ORIENTED_EDGE('',*,*,#6274,.T.);
#9032=ORIENTED_EDGE('',*,*,#6271,.T.);
#9033=ORIENTED_EDGE('',*,*,#6268,.T.);
#9034=ORIENTED_EDGE('',*,*,#6265,.T.);
#9035=ORIENTED_EDGE('',*,*,#6262,.T.);
#9036=ORIENTED_EDGE('',*,*,#6259,.T.);
#9037=ORIENTED_EDGE('',*,*,#6256,.T.);
#9038=ORIENTED_EDGE('',*,*,#6253,.T.);
#9039=ORIENTED_EDGE('',*,*,#6250,.T.);
#9040=ORIENTED_EDGE('',*,*,#6247,.T.);
#9041=ORIENTED_EDGE('',*,*,#6244,.T.);
#9042=ORIENTED_EDGE('',*,*,#6241,.T.);
#9043=ORIENTED_EDGE('',*,*,#6238,.T.);
#9044=ORIENTED_EDGE('',*,*,#6235,.T.);
#9045=ORIENTED_EDGE('',*,*,#6232,.T.);
#9046=ORIENTED_EDGE('',*,*,#6229,.T.);
#9047=ORIENTED_EDGE('',*,*,#6226,.T.);
#9048=ORIENTED_EDGE('',*,*,#6223,.T.);
#9049=ORIENTED_EDGE('',*,*,#6220,.T.);
#9050=ORIENTED_EDGE('',*,*,#6217,.T.);
#9051=ORIENTED_EDGE('',*,*,#6214,.T.);
#9052=ORIENTED_EDGE('',*,*,#6211,.T.);
#9053=ORIENTED_EDGE('',*,*,#6208,.T.);
#9054=ORIENTED_EDGE('',*,*,#6205,.T.);
#9055=ORIENTED_EDGE('',*,*,#6202,.T.);
#9056=ORIENTED_EDGE('',*,*,#6199,.T.);
#9057=ORIENTED_EDGE('',*,*,#6196,.T.);
#9058=ORIENTED_EDGE('',*,*,#6193,.T.);
#9059=ORIENTED_EDGE('',*,*,#6190,.T.);
#9060=ORIENTED_EDGE('',*,*,#6187,.T.);
#9061=ORIENTED_EDGE('',*,*,#6184,.T.);
#9062=ORIENTED_EDGE('',*,*,#6181,.T.);
#9063=ORIENTED_EDGE('',*,*,#6178,.T.);
#9064=ORIENTED_EDGE('',*,*,#6175,.T.);
#9065=ORIENTED_EDGE('',*,*,#6172,.T.);
#9066=ORIENTED_EDGE('',*,*,#6169,.T.);
#9067=ORIENTED_EDGE('',*,*,#6166,.T.);
#9068=ORIENTED_EDGE('',*,*,#6163,.T.);
#9069=ORIENTED_EDGE('',*,*,#6160,.T.);
#9070=ORIENTED_EDGE('',*,*,#6157,.T.);
#9071=ORIENTED_EDGE('',*,*,#6154,.T.);
#9072=ORIENTED_EDGE('',*,*,#6151,.T.);
#9073=ORIENTED_EDGE('',*,*,#6148,.T.);
#9074=ORIENTED_EDGE('',*,*,#6145,.T.);
#9075=ORIENTED_EDGE('',*,*,#6142,.T.);
#9076=ORIENTED_EDGE('',*,*,#6139,.T.);
#9077=ORIENTED_EDGE('',*,*,#6136,.T.);
#9078=ORIENTED_EDGE('',*,*,#6133,.T.);
#9079=ORIENTED_EDGE('',*,*,#6130,.T.);
#9080=ORIENTED_EDGE('',*,*,#6127,.T.);
#9081=ORIENTED_EDGE('',*,*,#6124,.T.);
#9082=ORIENTED_EDGE('',*,*,#6121,.T.);
#9083=ORIENTED_EDGE('',*,*,#6118,.T.);
#9084=ORIENTED_EDGE('',*,*,#6115,.T.);
#9085=ORIENTED_EDGE('',*,*,#6112,.T.);
#9086=ORIENTED_EDGE('',*,*,#6109,.T.);
#9087=ORIENTED_EDGE('',*,*,#6106,.T.);
#9088=ORIENTED_EDGE('',*,*,#6103,.T.);
#9089=ORIENTED_EDGE('',*,*,#6100,.T.);
#9090=ORIENTED_EDGE('',*,*,#6097,.T.);
#9091=ORIENTED_EDGE('',*,*,#6094,.T.);
#9092=ORIENTED_EDGE('',*,*,#6091,.T.);
#9093=ORIENTED_EDGE('',*,*,#6088,.T.);
#9094=ORIENTED_EDGE('',*,*,#6085,.T.);
#9095=ORIENTED_EDGE('',*,*,#6082,.T.);
#9096=ORIENTED_EDGE('',*,*,#6079,.T.);
#9097=ORIENTED_EDGE('',*,*,#6076,.T.);
#9098=ORIENTED_EDGE('',*,*,#6073,.T.);
#9099=ORIENTED_EDGE('',*,*,#6070,.T.);
#9100=ORIENTED_EDGE('',*,*,#6067,.T.);
#9101=ORIENTED_EDGE('',*,*,#6064,.T.);
#9102=ORIENTED_EDGE('',*,*,#6061,.T.);
#9103=ORIENTED_EDGE('',*,*,#6058,.T.);
#9104=ORIENTED_EDGE('',*,*,#6055,.T.);
#9105=ORIENTED_EDGE('',*,*,#6052,.T.);
#9106=ORIENTED_EDGE('',*,*,#6049,.T.);
#9107=ORIENTED_EDGE('',*,*,#6046,.T.);
#9108=ORIENTED_EDGE('',*,*,#6043,.T.);
#9109=ORIENTED_EDGE('',*,*,#6040,.T.);
#9110=ORIENTED_EDGE('',*,*,#6037,.T.);
#9111=ORIENTED_EDGE('',*,*,#6034,.T.);
#9112=ORIENTED_EDGE('',*,*,#6031,.T.);
#9113=ORIENTED_EDGE('',*,*,#6028,.T.);
#9114=ORIENTED_EDGE('',*,*,#6025,.T.);
#9115=ORIENTED_EDGE('',*,*,#6022,.T.);
#9116=ORIENTED_EDGE('',*,*,#6019,.T.);
#9117=ORIENTED_EDGE('',*,*,#6016,.T.);
#9118=ORIENTED_EDGE('',*,*,#6013,.T.);
#9119=ORIENTED_EDGE('',*,*,#6801,.F.);
#9120=ORIENTED_EDGE('',*,*,#6779,.T.);
#9121=ORIENTED_EDGE('',*,*,#6783,.F.);
#9122=ORIENTED_EDGE('',*,*,#6786,.F.);
#9123=ORIENTED_EDGE('',*,*,#6789,.F.);
#9124=ORIENTED_EDGE('',*,*,#6792,.F.);
#9125=ORIENTED_EDGE('',*,*,#6795,.F.);
#9126=ORIENTED_EDGE('',*,*,#6798,.F.);
#9127=ORIENTED_EDGE('',*,*,#6777,.F.);
#9128=ORIENTED_EDGE('',*,*,#6755,.F.);
#9129=ORIENTED_EDGE('',*,*,#6759,.F.);
#9130=ORIENTED_EDGE('',*,*,#6762,.F.);
#9131=ORIENTED_EDGE('',*,*,#6765,.F.);
#9132=ORIENTED_EDGE('',*,*,#6768,.F.);
#9133=ORIENTED_EDGE('',*,*,#6771,.F.);
#9134=ORIENTED_EDGE('',*,*,#6774,.F.);
#9135=ORIENTED_EDGE('',*,*,#6753,.F.);
#9136=ORIENTED_EDGE('',*,*,#6731,.F.);
#9137=ORIENTED_EDGE('',*,*,#6735,.F.);
#9138=ORIENTED_EDGE('',*,*,#6738,.F.);
#9139=ORIENTED_EDGE('',*,*,#6741,.F.);
#9140=ORIENTED_EDGE('',*,*,#6744,.F.);
#9141=ORIENTED_EDGE('',*,*,#6747,.F.);
#9142=ORIENTED_EDGE('',*,*,#6750,.F.);
#9143=ORIENTED_EDGE('',*,*,#6729,.F.);
#9144=ORIENTED_EDGE('',*,*,#6707,.F.);
#9145=ORIENTED_EDGE('',*,*,#6711,.F.);
#9146=ORIENTED_EDGE('',*,*,#6714,.F.);
#9147=ORIENTED_EDGE('',*,*,#6717,.F.);
#9148=ORIENTED_EDGE('',*,*,#6720,.F.);
#9149=ORIENTED_EDGE('',*,*,#6723,.F.);
#9150=ORIENTED_EDGE('',*,*,#6726,.F.);
#9151=ORIENTED_EDGE('',*,*,#6705,.F.);
#9152=ORIENTED_EDGE('',*,*,#6683,.F.);
#9153=ORIENTED_EDGE('',*,*,#6687,.F.);
#9154=ORIENTED_EDGE('',*,*,#6690,.F.);
#9155=ORIENTED_EDGE('',*,*,#6693,.F.);
#9156=ORIENTED_EDGE('',*,*,#6696,.F.);
#9157=ORIENTED_EDGE('',*,*,#6699,.F.);
#9158=ORIENTED_EDGE('',*,*,#6702,.F.);
#9159=ORIENTED_EDGE('',*,*,#6681,.F.);
#9160=ORIENTED_EDGE('',*,*,#6659,.F.);
#9161=ORIENTED_EDGE('',*,*,#6663,.F.);
#9162=ORIENTED_EDGE('',*,*,#6666,.F.);
#9163=ORIENTED_EDGE('',*,*,#6669,.F.);
#9164=ORIENTED_EDGE('',*,*,#6672,.F.);
#9165=ORIENTED_EDGE('',*,*,#6675,.F.);
#9166=ORIENTED_EDGE('',*,*,#6678,.F.);
#9167=ORIENTED_EDGE('',*,*,#6657,.F.);
#9168=ORIENTED_EDGE('',*,*,#6635,.F.);
#9169=ORIENTED_EDGE('',*,*,#6639,.F.);
#9170=ORIENTED_EDGE('',*,*,#6642,.F.);
#9171=ORIENTED_EDGE('',*,*,#6645,.F.);
#9172=ORIENTED_EDGE('',*,*,#6648,.F.);
#9173=ORIENTED_EDGE('',*,*,#6651,.F.);
#9174=ORIENTED_EDGE('',*,*,#6654,.F.);
#9175=ORIENTED_EDGE('',*,*,#6633,.F.);
#9176=ORIENTED_EDGE('',*,*,#6611,.F.);
#9177=ORIENTED_EDGE('',*,*,#6615,.F.);
#9178=ORIENTED_EDGE('',*,*,#6618,.F.);
#9179=ORIENTED_EDGE('',*,*,#6621,.F.);
#9180=ORIENTED_EDGE('',*,*,#6624,.F.);
#9181=ORIENTED_EDGE('',*,*,#6627,.F.);
#9182=ORIENTED_EDGE('',*,*,#6630,.F.);
#9183=ORIENTED_EDGE('',*,*,#6609,.F.);
#9184=ORIENTED_EDGE('',*,*,#6587,.F.);
#9185=ORIENTED_EDGE('',*,*,#6591,.F.);
#9186=ORIENTED_EDGE('',*,*,#6594,.F.);
#9187=ORIENTED_EDGE('',*,*,#6597,.F.);
#9188=ORIENTED_EDGE('',*,*,#6600,.F.);
#9189=ORIENTED_EDGE('',*,*,#6603,.F.);
#9190=ORIENTED_EDGE('',*,*,#6606,.F.);
#9191=ORIENTED_EDGE('',*,*,#6585,.F.);
#9192=ORIENTED_EDGE('',*,*,#6563,.F.);
#9193=ORIENTED_EDGE('',*,*,#6567,.F.);
#9194=ORIENTED_EDGE('',*,*,#6570,.F.);
#9195=ORIENTED_EDGE('',*,*,#6573,.F.);
#9196=ORIENTED_EDGE('',*,*,#6576,.F.);
#9197=ORIENTED_EDGE('',*,*,#6579,.F.);
#9198=ORIENTED_EDGE('',*,*,#6582,.F.);
#9199=ORIENTED_EDGE('',*,*,#6561,.F.);
#9200=ORIENTED_EDGE('',*,*,#6539,.F.);
#9201=ORIENTED_EDGE('',*,*,#6543,.F.);
#9202=ORIENTED_EDGE('',*,*,#6546,.F.);
#9203=ORIENTED_EDGE('',*,*,#6549,.F.);
#9204=ORIENTED_EDGE('',*,*,#6552,.F.);
#9205=ORIENTED_EDGE('',*,*,#6555,.F.);
#9206=ORIENTED_EDGE('',*,*,#6558,.F.);
#9207=ORIENTED_EDGE('',*,*,#6537,.F.);
#9208=ORIENTED_EDGE('',*,*,#6515,.F.);
#9209=ORIENTED_EDGE('',*,*,#6519,.F.);
#9210=ORIENTED_EDGE('',*,*,#6522,.F.);
#9211=ORIENTED_EDGE('',*,*,#6525,.F.);
#9212=ORIENTED_EDGE('',*,*,#6528,.F.);
#9213=ORIENTED_EDGE('',*,*,#6531,.F.);
#9214=ORIENTED_EDGE('',*,*,#6534,.F.);
#9215=ORIENTED_EDGE('',*,*,#6513,.F.);
#9216=ORIENTED_EDGE('',*,*,#6491,.F.);
#9217=ORIENTED_EDGE('',*,*,#6495,.F.);
#9218=ORIENTED_EDGE('',*,*,#6498,.F.);
#9219=ORIENTED_EDGE('',*,*,#6501,.F.);
#9220=ORIENTED_EDGE('',*,*,#6504,.F.);
#9221=ORIENTED_EDGE('',*,*,#6507,.F.);
#9222=ORIENTED_EDGE('',*,*,#6510,.F.);
#9223=ORIENTED_EDGE('',*,*,#6489,.F.);
#9224=ORIENTED_EDGE('',*,*,#6467,.F.);
#9225=ORIENTED_EDGE('',*,*,#6471,.F.);
#9226=ORIENTED_EDGE('',*,*,#6474,.F.);
#9227=ORIENTED_EDGE('',*,*,#6477,.F.);
#9228=ORIENTED_EDGE('',*,*,#6480,.F.);
#9229=ORIENTED_EDGE('',*,*,#6483,.F.);
#9230=ORIENTED_EDGE('',*,*,#6486,.F.);
#9231=ORIENTED_EDGE('',*,*,#6465,.F.);
#9232=ORIENTED_EDGE('',*,*,#6443,.F.);
#9233=ORIENTED_EDGE('',*,*,#6447,.F.);
#9234=ORIENTED_EDGE('',*,*,#6450,.F.);
#9235=ORIENTED_EDGE('',*,*,#6453,.F.);
#9236=ORIENTED_EDGE('',*,*,#6456,.F.);
#9237=ORIENTED_EDGE('',*,*,#6459,.F.);
#9238=ORIENTED_EDGE('',*,*,#6462,.F.);
#9239=ORIENTED_EDGE('',*,*,#6441,.F.);
#9240=ORIENTED_EDGE('',*,*,#6419,.F.);
#9241=ORIENTED_EDGE('',*,*,#6423,.F.);
#9242=ORIENTED_EDGE('',*,*,#6426,.F.);
#9243=ORIENTED_EDGE('',*,*,#6429,.F.);
#9244=ORIENTED_EDGE('',*,*,#6432,.F.);
#9245=ORIENTED_EDGE('',*,*,#6435,.F.);
#9246=ORIENTED_EDGE('',*,*,#6438,.F.);
#9247=ORIENTED_EDGE('',*,*,#6417,.F.);
#9248=ORIENTED_EDGE('',*,*,#6395,.F.);
#9249=ORIENTED_EDGE('',*,*,#6399,.F.);
#9250=ORIENTED_EDGE('',*,*,#6402,.F.);
#9251=ORIENTED_EDGE('',*,*,#6405,.F.);
#9252=ORIENTED_EDGE('',*,*,#6408,.F.);
#9253=ORIENTED_EDGE('',*,*,#6411,.F.);
#9254=ORIENTED_EDGE('',*,*,#6414,.F.);
#9255=ORIENTED_EDGE('',*,*,#6393,.F.);
#9256=ORIENTED_EDGE('',*,*,#6371,.F.);
#9257=ORIENTED_EDGE('',*,*,#6375,.F.);
#9258=ORIENTED_EDGE('',*,*,#6378,.F.);
#9259=ORIENTED_EDGE('',*,*,#6381,.F.);
#9260=ORIENTED_EDGE('',*,*,#6384,.F.);
#9261=ORIENTED_EDGE('',*,*,#6387,.F.);
#9262=ORIENTED_EDGE('',*,*,#6390,.F.);
#9263=ORIENTED_EDGE('',*,*,#6369,.F.);
#9264=ORIENTED_EDGE('',*,*,#6347,.F.);
#9265=ORIENTED_EDGE('',*,*,#6351,.F.);
#9266=ORIENTED_EDGE('',*,*,#6354,.F.);
#9267=ORIENTED_EDGE('',*,*,#6357,.F.);
#9268=ORIENTED_EDGE('',*,*,#6360,.F.);
#9269=ORIENTED_EDGE('',*,*,#6363,.F.);
#9270=ORIENTED_EDGE('',*,*,#6366,.F.);
#9271=ORIENTED_EDGE('',*,*,#6345,.F.);
#9272=ORIENTED_EDGE('',*,*,#6323,.F.);
#9273=ORIENTED_EDGE('',*,*,#6327,.F.);
#9274=ORIENTED_EDGE('',*,*,#6330,.F.);
#9275=ORIENTED_EDGE('',*,*,#6333,.F.);
#9276=ORIENTED_EDGE('',*,*,#6336,.F.);
#9277=ORIENTED_EDGE('',*,*,#6339,.F.);
#9278=ORIENTED_EDGE('',*,*,#6342,.F.);
#9279=ORIENTED_EDGE('',*,*,#6321,.F.);
#9280=ORIENTED_EDGE('',*,*,#6299,.F.);
#9281=ORIENTED_EDGE('',*,*,#6303,.F.);
#9282=ORIENTED_EDGE('',*,*,#6306,.F.);
#9283=ORIENTED_EDGE('',*,*,#6309,.F.);
#9284=ORIENTED_EDGE('',*,*,#6312,.F.);
#9285=ORIENTED_EDGE('',*,*,#6315,.F.);
#9286=ORIENTED_EDGE('',*,*,#6318,.F.);
#9287=ORIENTED_EDGE('',*,*,#6297,.F.);
#9288=ORIENTED_EDGE('',*,*,#6275,.F.);
#9289=ORIENTED_EDGE('',*,*,#6279,.F.);
#9290=ORIENTED_EDGE('',*,*,#6282,.F.);
#9291=ORIENTED_EDGE('',*,*,#6285,.F.);
#9292=ORIENTED_EDGE('',*,*,#6288,.F.);
#9293=ORIENTED_EDGE('',*,*,#6291,.F.);
#9294=ORIENTED_EDGE('',*,*,#6294,.F.);
#9295=ORIENTED_EDGE('',*,*,#6273,.F.);
#9296=ORIENTED_EDGE('',*,*,#6251,.F.);
#9297=ORIENTED_EDGE('',*,*,#6255,.F.);
#9298=ORIENTED_EDGE('',*,*,#6258,.F.);
#9299=ORIENTED_EDGE('',*,*,#6261,.F.);
#9300=ORIENTED_EDGE('',*,*,#6264,.F.);
#9301=ORIENTED_EDGE('',*,*,#6267,.F.);
#9302=ORIENTED_EDGE('',*,*,#6270,.F.);
#9303=ORIENTED_EDGE('',*,*,#6249,.F.);
#9304=ORIENTED_EDGE('',*,*,#6227,.F.);
#9305=ORIENTED_EDGE('',*,*,#6231,.F.);
#9306=ORIENTED_EDGE('',*,*,#6234,.F.);
#9307=ORIENTED_EDGE('',*,*,#6237,.F.);
#9308=ORIENTED_EDGE('',*,*,#6240,.F.);
#9309=ORIENTED_EDGE('',*,*,#6243,.F.);
#9310=ORIENTED_EDGE('',*,*,#6246,.F.);
#9311=ORIENTED_EDGE('',*,*,#6225,.F.);
#9312=ORIENTED_EDGE('',*,*,#6203,.F.);
#9313=ORIENTED_EDGE('',*,*,#6207,.F.);
#9314=ORIENTED_EDGE('',*,*,#6210,.F.);
#9315=ORIENTED_EDGE('',*,*,#6213,.F.);
#9316=ORIENTED_EDGE('',*,*,#6216,.F.);
#9317=ORIENTED_EDGE('',*,*,#6219,.F.);
#9318=ORIENTED_EDGE('',*,*,#6222,.F.);
#9319=ORIENTED_EDGE('',*,*,#6201,.F.);
#9320=ORIENTED_EDGE('',*,*,#6179,.F.);
#9321=ORIENTED_EDGE('',*,*,#6183,.F.);
#9322=ORIENTED_EDGE('',*,*,#6186,.F.);
#9323=ORIENTED_EDGE('',*,*,#6189,.F.);
#9324=ORIENTED_EDGE('',*,*,#6192,.F.);
#9325=ORIENTED_EDGE('',*,*,#6195,.F.);
#9326=ORIENTED_EDGE('',*,*,#6198,.F.);
#9327=ORIENTED_EDGE('',*,*,#6177,.F.);
#9328=ORIENTED_EDGE('',*,*,#6155,.F.);
#9329=ORIENTED_EDGE('',*,*,#6159,.F.);
#9330=ORIENTED_EDGE('',*,*,#6162,.F.);
#9331=ORIENTED_EDGE('',*,*,#6165,.F.);
#9332=ORIENTED_EDGE('',*,*,#6168,.F.);
#9333=ORIENTED_EDGE('',*,*,#6171,.F.);
#9334=ORIENTED_EDGE('',*,*,#6174,.F.);
#9335=ORIENTED_EDGE('',*,*,#6153,.F.);
#9336=ORIENTED_EDGE('',*,*,#6131,.F.);
#9337=ORIENTED_EDGE('',*,*,#6135,.F.);
#9338=ORIENTED_EDGE('',*,*,#6138,.F.);
#9339=ORIENTED_EDGE('',*,*,#6141,.F.);
#9340=ORIENTED_EDGE('',*,*,#6144,.F.);
#9341=ORIENTED_EDGE('',*,*,#6147,.F.);
#9342=ORIENTED_EDGE('',*,*,#6150,.F.);
#9343=ORIENTED_EDGE('',*,*,#6129,.F.);
#9344=ORIENTED_EDGE('',*,*,#6107,.F.);
#9345=ORIENTED_EDGE('',*,*,#6111,.F.);
#9346=ORIENTED_EDGE('',*,*,#6114,.F.);
#9347=ORIENTED_EDGE('',*,*,#6117,.F.);
#9348=ORIENTED_EDGE('',*,*,#6120,.F.);
#9349=ORIENTED_EDGE('',*,*,#6123,.F.);
#9350=ORIENTED_EDGE('',*,*,#6126,.F.);
#9351=ORIENTED_EDGE('',*,*,#6105,.F.);
#9352=ORIENTED_EDGE('',*,*,#6083,.F.);
#9353=ORIENTED_EDGE('',*,*,#6087,.F.);
#9354=ORIENTED_EDGE('',*,*,#6090,.F.);
#9355=ORIENTED_EDGE('',*,*,#6093,.F.);
#9356=ORIENTED_EDGE('',*,*,#6096,.F.);
#9357=ORIENTED_EDGE('',*,*,#6099,.F.);
#9358=ORIENTED_EDGE('',*,*,#6102,.F.);
#9359=ORIENTED_EDGE('',*,*,#6081,.F.);
#9360=ORIENTED_EDGE('',*,*,#6059,.F.);
#9361=ORIENTED_EDGE('',*,*,#6063,.F.);
#9362=ORIENTED_EDGE('',*,*,#6066,.F.);
#9363=ORIENTED_EDGE('',*,*,#6069,.F.);
#9364=ORIENTED_EDGE('',*,*,#6072,.F.);
#9365=ORIENTED_EDGE('',*,*,#6075,.F.);
#9366=ORIENTED_EDGE('',*,*,#6078,.F.);
#9367=ORIENTED_EDGE('',*,*,#6057,.F.);
#9368=ORIENTED_EDGE('',*,*,#6035,.F.);
#9369=ORIENTED_EDGE('',*,*,#6039,.F.);
#9370=ORIENTED_EDGE('',*,*,#6042,.F.);
#9371=ORIENTED_EDGE('',*,*,#6045,.F.);
#9372=ORIENTED_EDGE('',*,*,#6048,.F.);
#9373=ORIENTED_EDGE('',*,*,#6051,.F.);
#9374=ORIENTED_EDGE('',*,*,#6054,.F.);
#9375=ORIENTED_EDGE('',*,*,#6033,.F.);
#9376=ORIENTED_EDGE('',*,*,#6011,.F.);
#9377=ORIENTED_EDGE('',*,*,#6015,.F.);
#9378=ORIENTED_EDGE('',*,*,#6018,.F.);
#9379=ORIENTED_EDGE('',*,*,#6021,.F.);
#9380=ORIENTED_EDGE('',*,*,#6024,.F.);
#9381=ORIENTED_EDGE('',*,*,#6027,.F.);
#9382=ORIENTED_EDGE('',*,*,#6030,.F.);
#9383=ORIENTED_EDGE('',*,*,#6803,.T.);
#9384=ORIENTED_EDGE('',*,*,#6804,.T.);
#9385=ORIENTED_EDGE('',*,*,#6805,.F.);
#9386=ORIENTED_EDGE('',*,*,#6806,.F.);
#9387=ORIENTED_EDGE('',*,*,#6807,.T.);
#9388=ORIENTED_EDGE('',*,*,#6806,.T.);
#9389=ORIENTED_EDGE('',*,*,#6808,.F.);
#9390=ORIENTED_EDGE('',*,*,#6809,.F.);
#9391=ORIENTED_EDGE('',*,*,#6810,.T.);
#9392=ORIENTED_EDGE('',*,*,#6809,.T.);
#9393=ORIENTED_EDGE('',*,*,#6811,.F.);
#9394=ORIENTED_EDGE('',*,*,#6812,.F.);
#9395=ORIENTED_EDGE('',*,*,#6813,.T.);
#9396=ORIENTED_EDGE('',*,*,#6812,.T.);
#9397=ORIENTED_EDGE('',*,*,#6814,.F.);
#9398=ORIENTED_EDGE('',*,*,#6815,.F.);
#9399=ORIENTED_EDGE('',*,*,#6816,.T.);
#9400=ORIENTED_EDGE('',*,*,#6815,.T.);
#9401=ORIENTED_EDGE('',*,*,#6817,.F.);
#9402=ORIENTED_EDGE('',*,*,#6818,.F.);
#9403=ORIENTED_EDGE('',*,*,#6819,.T.);
#9404=ORIENTED_EDGE('',*,*,#6818,.T.);
#9405=ORIENTED_EDGE('',*,*,#6820,.F.);
#9406=ORIENTED_EDGE('',*,*,#6821,.F.);
#9407=ORIENTED_EDGE('',*,*,#6822,.T.);
#9408=ORIENTED_EDGE('',*,*,#6821,.T.);
#9409=ORIENTED_EDGE('',*,*,#6823,.F.);
#9410=ORIENTED_EDGE('',*,*,#6824,.F.);
#9411=ORIENTED_EDGE('',*,*,#6825,.T.);
#9412=ORIENTED_EDGE('',*,*,#6824,.T.);
#9413=ORIENTED_EDGE('',*,*,#6826,.F.);
#9414=ORIENTED_EDGE('',*,*,#6804,.F.);
#9415=ORIENTED_EDGE('',*,*,#6827,.T.);
#9416=ORIENTED_EDGE('',*,*,#6828,.T.);
#9417=ORIENTED_EDGE('',*,*,#6829,.F.);
#9418=ORIENTED_EDGE('',*,*,#6830,.F.);
#9419=ORIENTED_EDGE('',*,*,#6831,.T.);
#9420=ORIENTED_EDGE('',*,*,#6830,.T.);
#9421=ORIENTED_EDGE('',*,*,#6832,.F.);
#9422=ORIENTED_EDGE('',*,*,#6833,.F.);
#9423=ORIENTED_EDGE('',*,*,#6834,.T.);
#9424=ORIENTED_EDGE('',*,*,#6833,.T.);
#9425=ORIENTED_EDGE('',*,*,#6835,.F.);
#9426=ORIENTED_EDGE('',*,*,#6836,.F.);
#9427=ORIENTED_EDGE('',*,*,#6837,.T.);
#9428=ORIENTED_EDGE('',*,*,#6836,.T.);
#9429=ORIENTED_EDGE('',*,*,#6838,.F.);
#9430=ORIENTED_EDGE('',*,*,#6839,.F.);
#9431=ORIENTED_EDGE('',*,*,#6840,.T.);
#9432=ORIENTED_EDGE('',*,*,#6839,.T.);
#9433=ORIENTED_EDGE('',*,*,#6841,.F.);
#9434=ORIENTED_EDGE('',*,*,#6842,.F.);
#9435=ORIENTED_EDGE('',*,*,#6843,.T.);
#9436=ORIENTED_EDGE('',*,*,#6842,.T.);
#9437=ORIENTED_EDGE('',*,*,#6844,.F.);
#9438=ORIENTED_EDGE('',*,*,#6845,.F.);
#9439=ORIENTED_EDGE('',*,*,#6846,.T.);
#9440=ORIENTED_EDGE('',*,*,#6845,.T.);
#9441=ORIENTED_EDGE('',*,*,#6847,.F.);
#9442=ORIENTED_EDGE('',*,*,#6848,.F.);
#9443=ORIENTED_EDGE('',*,*,#6849,.T.);
#9444=ORIENTED_EDGE('',*,*,#6848,.T.);
#9445=ORIENTED_EDGE('',*,*,#6850,.F.);
#9446=ORIENTED_EDGE('',*,*,#6828,.F.);
#9447=ORIENTED_EDGE('',*,*,#6851,.T.);
#9448=ORIENTED_EDGE('',*,*,#6852,.T.);
#9449=ORIENTED_EDGE('',*,*,#6853,.F.);
#9450=ORIENTED_EDGE('',*,*,#6854,.F.);
#9451=ORIENTED_EDGE('',*,*,#6855,.T.);
#9452=ORIENTED_EDGE('',*,*,#6854,.T.);
#9453=ORIENTED_EDGE('',*,*,#6856,.F.);
#9454=ORIENTED_EDGE('',*,*,#6857,.F.);
#9455=ORIENTED_EDGE('',*,*,#6858,.T.);
#9456=ORIENTED_EDGE('',*,*,#6857,.T.);
#9457=ORIENTED_EDGE('',*,*,#6859,.F.);
#9458=ORIENTED_EDGE('',*,*,#6860,.F.);
#9459=ORIENTED_EDGE('',*,*,#6861,.T.);
#9460=ORIENTED_EDGE('',*,*,#6860,.T.);
#9461=ORIENTED_EDGE('',*,*,#6862,.F.);
#9462=ORIENTED_EDGE('',*,*,#6863,.F.);
#9463=ORIENTED_EDGE('',*,*,#6864,.T.);
#9464=ORIENTED_EDGE('',*,*,#6863,.T.);
#9465=ORIENTED_EDGE('',*,*,#6865,.F.);
#9466=ORIENTED_EDGE('',*,*,#6866,.F.);
#9467=ORIENTED_EDGE('',*,*,#6867,.T.);
#9468=ORIENTED_EDGE('',*,*,#6866,.T.);
#9469=ORIENTED_EDGE('',*,*,#6868,.F.);
#9470=ORIENTED_EDGE('',*,*,#6869,.F.);
#9471=ORIENTED_EDGE('',*,*,#6870,.T.);
#9472=ORIENTED_EDGE('',*,*,#6869,.T.);
#9473=ORIENTED_EDGE('',*,*,#6871,.F.);
#9474=ORIENTED_EDGE('',*,*,#6872,.F.);
#9475=ORIENTED_EDGE('',*,*,#6873,.T.);
#9476=ORIENTED_EDGE('',*,*,#6872,.T.);
#9477=ORIENTED_EDGE('',*,*,#6874,.F.);
#9478=ORIENTED_EDGE('',*,*,#6852,.F.);
#9479=ORIENTED_EDGE('',*,*,#6875,.T.);
#9480=ORIENTED_EDGE('',*,*,#6876,.T.);
#9481=ORIENTED_EDGE('',*,*,#6877,.F.);
#9482=ORIENTED_EDGE('',*,*,#6878,.F.);
#9483=ORIENTED_EDGE('',*,*,#6879,.T.);
#9484=ORIENTED_EDGE('',*,*,#6878,.T.);
#9485=ORIENTED_EDGE('',*,*,#6880,.F.);
#9486=ORIENTED_EDGE('',*,*,#6881,.F.);
#9487=ORIENTED_EDGE('',*,*,#6882,.T.);
#9488=ORIENTED_EDGE('',*,*,#6881,.T.);
#9489=ORIENTED_EDGE('',*,*,#6883,.F.);
#9490=ORIENTED_EDGE('',*,*,#6884,.F.);
#9491=ORIENTED_EDGE('',*,*,#6885,.T.);
#9492=ORIENTED_EDGE('',*,*,#6884,.T.);
#9493=ORIENTED_EDGE('',*,*,#6886,.F.);
#9494=ORIENTED_EDGE('',*,*,#6887,.F.);
#9495=ORIENTED_EDGE('',*,*,#6888,.T.);
#9496=ORIENTED_EDGE('',*,*,#6887,.T.);
#9497=ORIENTED_EDGE('',*,*,#6889,.F.);
#9498=ORIENTED_EDGE('',*,*,#6890,.F.);
#9499=ORIENTED_EDGE('',*,*,#6891,.T.);
#9500=ORIENTED_EDGE('',*,*,#6890,.T.);
#9501=ORIENTED_EDGE('',*,*,#6892,.F.);
#9502=ORIENTED_EDGE('',*,*,#6893,.F.);
#9503=ORIENTED_EDGE('',*,*,#6894,.T.);
#9504=ORIENTED_EDGE('',*,*,#6893,.T.);
#9505=ORIENTED_EDGE('',*,*,#6895,.F.);
#9506=ORIENTED_EDGE('',*,*,#6896,.F.);
#9507=ORIENTED_EDGE('',*,*,#6897,.T.);
#9508=ORIENTED_EDGE('',*,*,#6896,.T.);
#9509=ORIENTED_EDGE('',*,*,#6898,.F.);
#9510=ORIENTED_EDGE('',*,*,#6876,.F.);
#9511=ORIENTED_EDGE('',*,*,#6899,.T.);
#9512=ORIENTED_EDGE('',*,*,#6900,.T.);
#9513=ORIENTED_EDGE('',*,*,#6901,.F.);
#9514=ORIENTED_EDGE('',*,*,#6902,.F.);
#9515=ORIENTED_EDGE('',*,*,#6903,.T.);
#9516=ORIENTED_EDGE('',*,*,#6902,.T.);
#9517=ORIENTED_EDGE('',*,*,#6904,.F.);
#9518=ORIENTED_EDGE('',*,*,#6905,.F.);
#9519=ORIENTED_EDGE('',*,*,#6906,.T.);
#9520=ORIENTED_EDGE('',*,*,#6905,.T.);
#9521=ORIENTED_EDGE('',*,*,#6907,.F.);
#9522=ORIENTED_EDGE('',*,*,#6908,.F.);
#9523=ORIENTED_EDGE('',*,*,#6909,.T.);
#9524=ORIENTED_EDGE('',*,*,#6908,.T.);
#9525=ORIENTED_EDGE('',*,*,#6910,.F.);
#9526=ORIENTED_EDGE('',*,*,#6911,.F.);
#9527=ORIENTED_EDGE('',*,*,#6912,.T.);
#9528=ORIENTED_EDGE('',*,*,#6911,.T.);
#9529=ORIENTED_EDGE('',*,*,#6913,.F.);
#9530=ORIENTED_EDGE('',*,*,#6914,.F.);
#9531=ORIENTED_EDGE('',*,*,#6915,.T.);
#9532=ORIENTED_EDGE('',*,*,#6914,.T.);
#9533=ORIENTED_EDGE('',*,*,#6916,.F.);
#9534=ORIENTED_EDGE('',*,*,#6917,.F.);
#9535=ORIENTED_EDGE('',*,*,#6918,.T.);
#9536=ORIENTED_EDGE('',*,*,#6917,.T.);
#9537=ORIENTED_EDGE('',*,*,#6919,.F.);
#9538=ORIENTED_EDGE('',*,*,#6920,.F.);
#9539=ORIENTED_EDGE('',*,*,#6921,.T.);
#9540=ORIENTED_EDGE('',*,*,#6920,.T.);
#9541=ORIENTED_EDGE('',*,*,#6922,.F.);
#9542=ORIENTED_EDGE('',*,*,#6900,.F.);
#9543=ORIENTED_EDGE('',*,*,#6923,.T.);
#9544=ORIENTED_EDGE('',*,*,#6924,.T.);
#9545=ORIENTED_EDGE('',*,*,#6925,.F.);
#9546=ORIENTED_EDGE('',*,*,#6926,.F.);
#9547=ORIENTED_EDGE('',*,*,#6927,.T.);
#9548=ORIENTED_EDGE('',*,*,#6926,.T.);
#9549=ORIENTED_EDGE('',*,*,#6928,.F.);
#9550=ORIENTED_EDGE('',*,*,#6929,.F.);
#9551=ORIENTED_EDGE('',*,*,#6930,.T.);
#9552=ORIENTED_EDGE('',*,*,#6929,.T.);
#9553=ORIENTED_EDGE('',*,*,#6931,.F.);
#9554=ORIENTED_EDGE('',*,*,#6932,.F.);
#9555=ORIENTED_EDGE('',*,*,#6933,.T.);
#9556=ORIENTED_EDGE('',*,*,#6932,.T.);
#9557=ORIENTED_EDGE('',*,*,#6934,.F.);
#9558=ORIENTED_EDGE('',*,*,#6935,.F.);
#9559=ORIENTED_EDGE('',*,*,#6936,.T.);
#9560=ORIENTED_EDGE('',*,*,#6935,.T.);
#9561=ORIENTED_EDGE('',*,*,#6937,.F.);
#9562=ORIENTED_EDGE('',*,*,#6938,.F.);
#9563=ORIENTED_EDGE('',*,*,#6939,.T.);
#9564=ORIENTED_EDGE('',*,*,#6938,.T.);
#9565=ORIENTED_EDGE('',*,*,#6940,.F.);
#9566=ORIENTED_EDGE('',*,*,#6941,.F.);
#9567=ORIENTED_EDGE('',*,*,#6942,.T.);
#9568=ORIENTED_EDGE('',*,*,#6941,.T.);
#9569=ORIENTED_EDGE('',*,*,#6943,.F.);
#9570=ORIENTED_EDGE('',*,*,#6944,.F.);
#9571=ORIENTED_EDGE('',*,*,#6945,.T.);
#9572=ORIENTED_EDGE('',*,*,#6944,.T.);
#9573=ORIENTED_EDGE('',*,*,#6946,.F.);
#9574=ORIENTED_EDGE('',*,*,#6924,.F.);
#9575=ORIENTED_EDGE('',*,*,#6947,.T.);
#9576=ORIENTED_EDGE('',*,*,#6948,.T.);
#9577=ORIENTED_EDGE('',*,*,#6949,.F.);
#9578=ORIENTED_EDGE('',*,*,#6950,.F.);
#9579=ORIENTED_EDGE('',*,*,#6951,.T.);
#9580=ORIENTED_EDGE('',*,*,#6950,.T.);
#9581=ORIENTED_EDGE('',*,*,#6952,.F.);
#9582=ORIENTED_EDGE('',*,*,#6953,.F.);
#9583=ORIENTED_EDGE('',*,*,#6954,.T.);
#9584=ORIENTED_EDGE('',*,*,#6953,.T.);
#9585=ORIENTED_EDGE('',*,*,#6955,.F.);
#9586=ORIENTED_EDGE('',*,*,#6956,.F.);
#9587=ORIENTED_EDGE('',*,*,#6957,.T.);
#9588=ORIENTED_EDGE('',*,*,#6956,.T.);
#9589=ORIENTED_EDGE('',*,*,#6958,.F.);
#9590=ORIENTED_EDGE('',*,*,#6959,.F.);
#9591=ORIENTED_EDGE('',*,*,#6960,.T.);
#9592=ORIENTED_EDGE('',*,*,#6959,.T.);
#9593=ORIENTED_EDGE('',*,*,#6961,.F.);
#9594=ORIENTED_EDGE('',*,*,#6962,.F.);
#9595=ORIENTED_EDGE('',*,*,#6963,.T.);
#9596=ORIENTED_EDGE('',*,*,#6962,.T.);
#9597=ORIENTED_EDGE('',*,*,#6964,.F.);
#9598=ORIENTED_EDGE('',*,*,#6965,.F.);
#9599=ORIENTED_EDGE('',*,*,#6966,.T.);
#9600=ORIENTED_EDGE('',*,*,#6965,.T.);
#9601=ORIENTED_EDGE('',*,*,#6967,.F.);
#9602=ORIENTED_EDGE('',*,*,#6968,.F.);
#9603=ORIENTED_EDGE('',*,*,#6969,.T.);
#9604=ORIENTED_EDGE('',*,*,#6968,.T.);
#9605=ORIENTED_EDGE('',*,*,#6970,.F.);
#9606=ORIENTED_EDGE('',*,*,#6948,.F.);
#9607=ORIENTED_EDGE('',*,*,#6971,.T.);
#9608=ORIENTED_EDGE('',*,*,#6972,.T.);
#9609=ORIENTED_EDGE('',*,*,#6973,.F.);
#9610=ORIENTED_EDGE('',*,*,#6974,.F.);
#9611=ORIENTED_EDGE('',*,*,#6975,.T.);
#9612=ORIENTED_EDGE('',*,*,#6974,.T.);
#9613=ORIENTED_EDGE('',*,*,#6976,.F.);
#9614=ORIENTED_EDGE('',*,*,#6977,.F.);
#9615=ORIENTED_EDGE('',*,*,#6978,.T.);
#9616=ORIENTED_EDGE('',*,*,#6977,.T.);
#9617=ORIENTED_EDGE('',*,*,#6979,.F.);
#9618=ORIENTED_EDGE('',*,*,#6980,.F.);
#9619=ORIENTED_EDGE('',*,*,#6981,.T.);
#9620=ORIENTED_EDGE('',*,*,#6980,.T.);
#9621=ORIENTED_EDGE('',*,*,#6982,.F.);
#9622=ORIENTED_EDGE('',*,*,#6983,.F.);
#9623=ORIENTED_EDGE('',*,*,#6984,.T.);
#9624=ORIENTED_EDGE('',*,*,#6983,.T.);
#9625=ORIENTED_EDGE('',*,*,#6985,.F.);
#9626=ORIENTED_EDGE('',*,*,#6986,.F.);
#9627=ORIENTED_EDGE('',*,*,#6987,.T.);
#9628=ORIENTED_EDGE('',*,*,#6986,.T.);
#9629=ORIENTED_EDGE('',*,*,#6988,.F.);
#9630=ORIENTED_EDGE('',*,*,#6989,.F.);
#9631=ORIENTED_EDGE('',*,*,#6990,.T.);
#9632=ORIENTED_EDGE('',*,*,#6989,.T.);
#9633=ORIENTED_EDGE('',*,*,#6991,.F.);
#9634=ORIENTED_EDGE('',*,*,#6992,.F.);
#9635=ORIENTED_EDGE('',*,*,#6993,.T.);
#9636=ORIENTED_EDGE('',*,*,#6992,.T.);
#9637=ORIENTED_EDGE('',*,*,#6994,.F.);
#9638=ORIENTED_EDGE('',*,*,#6972,.F.);
#9639=ORIENTED_EDGE('',*,*,#6995,.T.);
#9640=ORIENTED_EDGE('',*,*,#6996,.T.);
#9641=ORIENTED_EDGE('',*,*,#6997,.F.);
#9642=ORIENTED_EDGE('',*,*,#6998,.F.);
#9643=ORIENTED_EDGE('',*,*,#6999,.T.);
#9644=ORIENTED_EDGE('',*,*,#6998,.T.);
#9645=ORIENTED_EDGE('',*,*,#7000,.F.);
#9646=ORIENTED_EDGE('',*,*,#7001,.F.);
#9647=ORIENTED_EDGE('',*,*,#7002,.T.);
#9648=ORIENTED_EDGE('',*,*,#7001,.T.);
#9649=ORIENTED_EDGE('',*,*,#7003,.F.);
#9650=ORIENTED_EDGE('',*,*,#7004,.F.);
#9651=ORIENTED_EDGE('',*,*,#7005,.T.);
#9652=ORIENTED_EDGE('',*,*,#7004,.T.);
#9653=ORIENTED_EDGE('',*,*,#7006,.F.);
#9654=ORIENTED_EDGE('',*,*,#7007,.F.);
#9655=ORIENTED_EDGE('',*,*,#7008,.T.);
#9656=ORIENTED_EDGE('',*,*,#7007,.T.);
#9657=ORIENTED_EDGE('',*,*,#7009,.F.);
#9658=ORIENTED_EDGE('',*,*,#7010,.F.);
#9659=ORIENTED_EDGE('',*,*,#7011,.T.);
#9660=ORIENTED_EDGE('',*,*,#7010,.T.);
#9661=ORIENTED_EDGE('',*,*,#7012,.F.);
#9662=ORIENTED_EDGE('',*,*,#7013,.F.);
#9663=ORIENTED_EDGE('',*,*,#7014,.T.);
#9664=ORIENTED_EDGE('',*,*,#7013,.T.);
#9665=ORIENTED_EDGE('',*,*,#7015,.F.);
#9666=ORIENTED_EDGE('',*,*,#7016,.F.);
#9667=ORIENTED_EDGE('',*,*,#7017,.T.);
#9668=ORIENTED_EDGE('',*,*,#7016,.T.);
#9669=ORIENTED_EDGE('',*,*,#7018,.F.);
#9670=ORIENTED_EDGE('',*,*,#6996,.F.);
#9671=ORIENTED_EDGE('',*,*,#7019,.T.);
#9672=ORIENTED_EDGE('',*,*,#7020,.T.);
#9673=ORIENTED_EDGE('',*,*,#7021,.F.);
#9674=ORIENTED_EDGE('',*,*,#7022,.F.);
#9675=ORIENTED_EDGE('',*,*,#7023,.T.);
#9676=ORIENTED_EDGE('',*,*,#7022,.T.);
#9677=ORIENTED_EDGE('',*,*,#7024,.F.);
#9678=ORIENTED_EDGE('',*,*,#7025,.F.);
#9679=ORIENTED_EDGE('',*,*,#7026,.T.);
#9680=ORIENTED_EDGE('',*,*,#7025,.T.);
#9681=ORIENTED_EDGE('',*,*,#7027,.F.);
#9682=ORIENTED_EDGE('',*,*,#7028,.F.);
#9683=ORIENTED_EDGE('',*,*,#7029,.T.);
#9684=ORIENTED_EDGE('',*,*,#7028,.T.);
#9685=ORIENTED_EDGE('',*,*,#7030,.F.);
#9686=ORIENTED_EDGE('',*,*,#7031,.F.);
#9687=ORIENTED_EDGE('',*,*,#7032,.T.);
#9688=ORIENTED_EDGE('',*,*,#7031,.T.);
#9689=ORIENTED_EDGE('',*,*,#7033,.F.);
#9690=ORIENTED_EDGE('',*,*,#7034,.F.);
#9691=ORIENTED_EDGE('',*,*,#7035,.T.);
#9692=ORIENTED_EDGE('',*,*,#7034,.T.);
#9693=ORIENTED_EDGE('',*,*,#7036,.F.);
#9694=ORIENTED_EDGE('',*,*,#7037,.F.);
#9695=ORIENTED_EDGE('',*,*,#7038,.T.);
#9696=ORIENTED_EDGE('',*,*,#7037,.T.);
#9697=ORIENTED_EDGE('',*,*,#7039,.F.);
#9698=ORIENTED_EDGE('',*,*,#7040,.F.);
#9699=ORIENTED_EDGE('',*,*,#7041,.T.);
#9700=ORIENTED_EDGE('',*,*,#7040,.T.);
#9701=ORIENTED_EDGE('',*,*,#7042,.F.);
#9702=ORIENTED_EDGE('',*,*,#7020,.F.);
#9703=ORIENTED_EDGE('',*,*,#7043,.T.);
#9704=ORIENTED_EDGE('',*,*,#7044,.T.);
#9705=ORIENTED_EDGE('',*,*,#7045,.F.);
#9706=ORIENTED_EDGE('',*,*,#7046,.F.);
#9707=ORIENTED_EDGE('',*,*,#7047,.T.);
#9708=ORIENTED_EDGE('',*,*,#7046,.T.);
#9709=ORIENTED_EDGE('',*,*,#7048,.F.);
#9710=ORIENTED_EDGE('',*,*,#7049,.F.);
#9711=ORIENTED_EDGE('',*,*,#7050,.T.);
#9712=ORIENTED_EDGE('',*,*,#7049,.T.);
#9713=ORIENTED_EDGE('',*,*,#7051,.F.);
#9714=ORIENTED_EDGE('',*,*,#7052,.F.);
#9715=ORIENTED_EDGE('',*,*,#7053,.T.);
#9716=ORIENTED_EDGE('',*,*,#7052,.T.);
#9717=ORIENTED_EDGE('',*,*,#7054,.F.);
#9718=ORIENTED_EDGE('',*,*,#7055,.F.);
#9719=ORIENTED_EDGE('',*,*,#7056,.T.);
#9720=ORIENTED_EDGE('',*,*,#7055,.T.);
#9721=ORIENTED_EDGE('',*,*,#7057,.F.);
#9722=ORIENTED_EDGE('',*,*,#7058,.F.);
#9723=ORIENTED_EDGE('',*,*,#7059,.T.);
#9724=ORIENTED_EDGE('',*,*,#7058,.T.);
#9725=ORIENTED_EDGE('',*,*,#7060,.F.);
#9726=ORIENTED_EDGE('',*,*,#7061,.F.);
#9727=ORIENTED_EDGE('',*,*,#7062,.T.);
#9728=ORIENTED_EDGE('',*,*,#7061,.T.);
#9729=ORIENTED_EDGE('',*,*,#7063,.F.);
#9730=ORIENTED_EDGE('',*,*,#7064,.F.);
#9731=ORIENTED_EDGE('',*,*,#7065,.T.);
#9732=ORIENTED_EDGE('',*,*,#7064,.T.);
#9733=ORIENTED_EDGE('',*,*,#7066,.F.);
#9734=ORIENTED_EDGE('',*,*,#7044,.F.);
#9735=ORIENTED_EDGE('',*,*,#7067,.T.);
#9736=ORIENTED_EDGE('',*,*,#7068,.T.);
#9737=ORIENTED_EDGE('',*,*,#7069,.F.);
#9738=ORIENTED_EDGE('',*,*,#7070,.F.);
#9739=ORIENTED_EDGE('',*,*,#7071,.T.);
#9740=ORIENTED_EDGE('',*,*,#7070,.T.);
#9741=ORIENTED_EDGE('',*,*,#7072,.F.);
#9742=ORIENTED_EDGE('',*,*,#7073,.F.);
#9743=ORIENTED_EDGE('',*,*,#7074,.T.);
#9744=ORIENTED_EDGE('',*,*,#7073,.T.);
#9745=ORIENTED_EDGE('',*,*,#7075,.F.);
#9746=ORIENTED_EDGE('',*,*,#7076,.F.);
#9747=ORIENTED_EDGE('',*,*,#7077,.T.);
#9748=ORIENTED_EDGE('',*,*,#7076,.T.);
#9749=ORIENTED_EDGE('',*,*,#7078,.F.);
#9750=ORIENTED_EDGE('',*,*,#7079,.F.);
#9751=ORIENTED_EDGE('',*,*,#7080,.T.);
#9752=ORIENTED_EDGE('',*,*,#7079,.T.);
#9753=ORIENTED_EDGE('',*,*,#7081,.F.);
#9754=ORIENTED_EDGE('',*,*,#7082,.F.);
#9755=ORIENTED_EDGE('',*,*,#7083,.T.);
#9756=ORIENTED_EDGE('',*,*,#7082,.T.);
#9757=ORIENTED_EDGE('',*,*,#7084,.F.);
#9758=ORIENTED_EDGE('',*,*,#7085,.F.);
#9759=ORIENTED_EDGE('',*,*,#7086,.T.);
#9760=ORIENTED_EDGE('',*,*,#7085,.T.);
#9761=ORIENTED_EDGE('',*,*,#7087,.F.);
#9762=ORIENTED_EDGE('',*,*,#7088,.F.);
#9763=ORIENTED_EDGE('',*,*,#7089,.T.);
#9764=ORIENTED_EDGE('',*,*,#7088,.T.);
#9765=ORIENTED_EDGE('',*,*,#7090,.F.);
#9766=ORIENTED_EDGE('',*,*,#7068,.F.);
#9767=ORIENTED_EDGE('',*,*,#7091,.T.);
#9768=ORIENTED_EDGE('',*,*,#7092,.T.);
#9769=ORIENTED_EDGE('',*,*,#7093,.F.);
#9770=ORIENTED_EDGE('',*,*,#7094,.F.);
#9771=ORIENTED_EDGE('',*,*,#7095,.T.);
#9772=ORIENTED_EDGE('',*,*,#7094,.T.);
#9773=ORIENTED_EDGE('',*,*,#7096,.F.);
#9774=ORIENTED_EDGE('',*,*,#7097,.F.);
#9775=ORIENTED_EDGE('',*,*,#7098,.T.);
#9776=ORIENTED_EDGE('',*,*,#7097,.T.);
#9777=ORIENTED_EDGE('',*,*,#7099,.F.);
#9778=ORIENTED_EDGE('',*,*,#7100,.F.);
#9779=ORIENTED_EDGE('',*,*,#7101,.T.);
#9780=ORIENTED_EDGE('',*,*,#7100,.T.);
#9781=ORIENTED_EDGE('',*,*,#7102,.F.);
#9782=ORIENTED_EDGE('',*,*,#7103,.F.);
#9783=ORIENTED_EDGE('',*,*,#7104,.T.);
#9784=ORIENTED_EDGE('',*,*,#7103,.T.);
#9785=ORIENTED_EDGE('',*,*,#7105,.F.);
#9786=ORIENTED_EDGE('',*,*,#7106,.F.);
#9787=ORIENTED_EDGE('',*,*,#7107,.T.);
#9788=ORIENTED_EDGE('',*,*,#7106,.T.);
#9789=ORIENTED_EDGE('',*,*,#7108,.F.);
#9790=ORIENTED_EDGE('',*,*,#7109,.F.);
#9791=ORIENTED_EDGE('',*,*,#7110,.T.);
#9792=ORIENTED_EDGE('',*,*,#7109,.T.);
#9793=ORIENTED_EDGE('',*,*,#7111,.F.);
#9794=ORIENTED_EDGE('',*,*,#7112,.F.);
#9795=ORIENTED_EDGE('',*,*,#7113,.T.);
#9796=ORIENTED_EDGE('',*,*,#7112,.T.);
#9797=ORIENTED_EDGE('',*,*,#7114,.F.);
#9798=ORIENTED_EDGE('',*,*,#7092,.F.);
#9799=ORIENTED_EDGE('',*,*,#7115,.T.);
#9800=ORIENTED_EDGE('',*,*,#7116,.T.);
#9801=ORIENTED_EDGE('',*,*,#7117,.F.);
#9802=ORIENTED_EDGE('',*,*,#7118,.F.);
#9803=ORIENTED_EDGE('',*,*,#7119,.T.);
#9804=ORIENTED_EDGE('',*,*,#7118,.T.);
#9805=ORIENTED_EDGE('',*,*,#7120,.F.);
#9806=ORIENTED_EDGE('',*,*,#7121,.F.);
#9807=ORIENTED_EDGE('',*,*,#7122,.T.);
#9808=ORIENTED_EDGE('',*,*,#7121,.T.);
#9809=ORIENTED_EDGE('',*,*,#7123,.F.);
#9810=ORIENTED_EDGE('',*,*,#7124,.F.);
#9811=ORIENTED_EDGE('',*,*,#7125,.T.);
#9812=ORIENTED_EDGE('',*,*,#7124,.T.);
#9813=ORIENTED_EDGE('',*,*,#7126,.F.);
#9814=ORIENTED_EDGE('',*,*,#7127,.F.);
#9815=ORIENTED_EDGE('',*,*,#7128,.T.);
#9816=ORIENTED_EDGE('',*,*,#7127,.T.);
#9817=ORIENTED_EDGE('',*,*,#7129,.F.);
#9818=ORIENTED_EDGE('',*,*,#7130,.F.);
#9819=ORIENTED_EDGE('',*,*,#7131,.T.);
#9820=ORIENTED_EDGE('',*,*,#7130,.T.);
#9821=ORIENTED_EDGE('',*,*,#7132,.F.);
#9822=ORIENTED_EDGE('',*,*,#7133,.F.);
#9823=ORIENTED_EDGE('',*,*,#7134,.T.);
#9824=ORIENTED_EDGE('',*,*,#7133,.T.);
#9825=ORIENTED_EDGE('',*,*,#7135,.F.);
#9826=ORIENTED_EDGE('',*,*,#7136,.F.);
#9827=ORIENTED_EDGE('',*,*,#7137,.T.);
#9828=ORIENTED_EDGE('',*,*,#7136,.T.);
#9829=ORIENTED_EDGE('',*,*,#7138,.F.);
#9830=ORIENTED_EDGE('',*,*,#7116,.F.);
#9831=ORIENTED_EDGE('',*,*,#7139,.T.);
#9832=ORIENTED_EDGE('',*,*,#7140,.T.);
#9833=ORIENTED_EDGE('',*,*,#7141,.F.);
#9834=ORIENTED_EDGE('',*,*,#7142,.F.);
#9835=ORIENTED_EDGE('',*,*,#7143,.T.);
#9836=ORIENTED_EDGE('',*,*,#7142,.T.);
#9837=ORIENTED_EDGE('',*,*,#7144,.F.);
#9838=ORIENTED_EDGE('',*,*,#7145,.F.);
#9839=ORIENTED_EDGE('',*,*,#7146,.T.);
#9840=ORIENTED_EDGE('',*,*,#7145,.T.);
#9841=ORIENTED_EDGE('',*,*,#7147,.F.);
#9842=ORIENTED_EDGE('',*,*,#7148,.F.);
#9843=ORIENTED_EDGE('',*,*,#7149,.T.);
#9844=ORIENTED_EDGE('',*,*,#7148,.T.);
#9845=ORIENTED_EDGE('',*,*,#7150,.F.);
#9846=ORIENTED_EDGE('',*,*,#7151,.F.);
#9847=ORIENTED_EDGE('',*,*,#7152,.T.);
#9848=ORIENTED_EDGE('',*,*,#7151,.T.);
#9849=ORIENTED_EDGE('',*,*,#7153,.F.);
#9850=ORIENTED_EDGE('',*,*,#7154,.F.);
#9851=ORIENTED_EDGE('',*,*,#7155,.T.);
#9852=ORIENTED_EDGE('',*,*,#7154,.T.);
#9853=ORIENTED_EDGE('',*,*,#7156,.F.);
#9854=ORIENTED_EDGE('',*,*,#7157,.F.);
#9855=ORIENTED_EDGE('',*,*,#7158,.T.);
#9856=ORIENTED_EDGE('',*,*,#7157,.T.);
#9857=ORIENTED_EDGE('',*,*,#7159,.F.);
#9858=ORIENTED_EDGE('',*,*,#7160,.F.);
#9859=ORIENTED_EDGE('',*,*,#7161,.T.);
#9860=ORIENTED_EDGE('',*,*,#7160,.T.);
#9861=ORIENTED_EDGE('',*,*,#7162,.F.);
#9862=ORIENTED_EDGE('',*,*,#7140,.F.);
#9863=ORIENTED_EDGE('',*,*,#7163,.T.);
#9864=ORIENTED_EDGE('',*,*,#7164,.T.);
#9865=ORIENTED_EDGE('',*,*,#7165,.F.);
#9866=ORIENTED_EDGE('',*,*,#7166,.F.);
#9867=ORIENTED_EDGE('',*,*,#7167,.T.);
#9868=ORIENTED_EDGE('',*,*,#7166,.T.);
#9869=ORIENTED_EDGE('',*,*,#7168,.F.);
#9870=ORIENTED_EDGE('',*,*,#7169,.F.);
#9871=ORIENTED_EDGE('',*,*,#7170,.T.);
#9872=ORIENTED_EDGE('',*,*,#7169,.T.);
#9873=ORIENTED_EDGE('',*,*,#7171,.F.);
#9874=ORIENTED_EDGE('',*,*,#7172,.F.);
#9875=ORIENTED_EDGE('',*,*,#7173,.T.);
#9876=ORIENTED_EDGE('',*,*,#7172,.T.);
#9877=ORIENTED_EDGE('',*,*,#7174,.F.);
#9878=ORIENTED_EDGE('',*,*,#7175,.F.);
#9879=ORIENTED_EDGE('',*,*,#7176,.T.);
#9880=ORIENTED_EDGE('',*,*,#7175,.T.);
#9881=ORIENTED_EDGE('',*,*,#7177,.F.);
#9882=ORIENTED_EDGE('',*,*,#7178,.F.);
#9883=ORIENTED_EDGE('',*,*,#7179,.T.);
#9884=ORIENTED_EDGE('',*,*,#7178,.T.);
#9885=ORIENTED_EDGE('',*,*,#7180,.F.);
#9886=ORIENTED_EDGE('',*,*,#7181,.F.);
#9887=ORIENTED_EDGE('',*,*,#7182,.T.);
#9888=ORIENTED_EDGE('',*,*,#7181,.T.);
#9889=ORIENTED_EDGE('',*,*,#7183,.F.);
#9890=ORIENTED_EDGE('',*,*,#7184,.F.);
#9891=ORIENTED_EDGE('',*,*,#7185,.T.);
#9892=ORIENTED_EDGE('',*,*,#7184,.T.);
#9893=ORIENTED_EDGE('',*,*,#7186,.F.);
#9894=ORIENTED_EDGE('',*,*,#7164,.F.);
#9895=ORIENTED_EDGE('',*,*,#7187,.T.);
#9896=ORIENTED_EDGE('',*,*,#7188,.T.);
#9897=ORIENTED_EDGE('',*,*,#7189,.F.);
#9898=ORIENTED_EDGE('',*,*,#7190,.F.);
#9899=ORIENTED_EDGE('',*,*,#7191,.T.);
#9900=ORIENTED_EDGE('',*,*,#7190,.T.);
#9901=ORIENTED_EDGE('',*,*,#7192,.F.);
#9902=ORIENTED_EDGE('',*,*,#7193,.F.);
#9903=ORIENTED_EDGE('',*,*,#7194,.T.);
#9904=ORIENTED_EDGE('',*,*,#7193,.T.);
#9905=ORIENTED_EDGE('',*,*,#7195,.F.);
#9906=ORIENTED_EDGE('',*,*,#7196,.F.);
#9907=ORIENTED_EDGE('',*,*,#7197,.T.);
#9908=ORIENTED_EDGE('',*,*,#7196,.T.);
#9909=ORIENTED_EDGE('',*,*,#7198,.F.);
#9910=ORIENTED_EDGE('',*,*,#7199,.F.);
#9911=ORIENTED_EDGE('',*,*,#7200,.T.);
#9912=ORIENTED_EDGE('',*,*,#7199,.T.);
#9913=ORIENTED_EDGE('',*,*,#7201,.F.);
#9914=ORIENTED_EDGE('',*,*,#7202,.F.);
#9915=ORIENTED_EDGE('',*,*,#7203,.T.);
#9916=ORIENTED_EDGE('',*,*,#7202,.T.);
#9917=ORIENTED_EDGE('',*,*,#7204,.F.);
#9918=ORIENTED_EDGE('',*,*,#7205,.F.);
#9919=ORIENTED_EDGE('',*,*,#7206,.T.);
#9920=ORIENTED_EDGE('',*,*,#7205,.T.);
#9921=ORIENTED_EDGE('',*,*,#7207,.F.);
#9922=ORIENTED_EDGE('',*,*,#7208,.F.);
#9923=ORIENTED_EDGE('',*,*,#7209,.T.);
#9924=ORIENTED_EDGE('',*,*,#7208,.T.);
#9925=ORIENTED_EDGE('',*,*,#7210,.F.);
#9926=ORIENTED_EDGE('',*,*,#7188,.F.);
#9927=ORIENTED_EDGE('',*,*,#7211,.T.);
#9928=ORIENTED_EDGE('',*,*,#7212,.T.);
#9929=ORIENTED_EDGE('',*,*,#7213,.F.);
#9930=ORIENTED_EDGE('',*,*,#7214,.F.);
#9931=ORIENTED_EDGE('',*,*,#7215,.T.);
#9932=ORIENTED_EDGE('',*,*,#7214,.T.);
#9933=ORIENTED_EDGE('',*,*,#7216,.F.);
#9934=ORIENTED_EDGE('',*,*,#7217,.F.);
#9935=ORIENTED_EDGE('',*,*,#7218,.T.);
#9936=ORIENTED_EDGE('',*,*,#7217,.T.);
#9937=ORIENTED_EDGE('',*,*,#7219,.F.);
#9938=ORIENTED_EDGE('',*,*,#7220,.F.);
#9939=ORIENTED_EDGE('',*,*,#7221,.T.);
#9940=ORIENTED_EDGE('',*,*,#7220,.T.);
#9941=ORIENTED_EDGE('',*,*,#7222,.F.);
#9942=ORIENTED_EDGE('',*,*,#7223,.F.);
#9943=ORIENTED_EDGE('',*,*,#7224,.T.);
#9944=ORIENTED_EDGE('',*,*,#7223,.T.);
#9945=ORIENTED_EDGE('',*,*,#7225,.F.);
#9946=ORIENTED_EDGE('',*,*,#7226,.F.);
#9947=ORIENTED_EDGE('',*,*,#7227,.T.);
#9948=ORIENTED_EDGE('',*,*,#7226,.T.);
#9949=ORIENTED_EDGE('',*,*,#7228,.F.);
#9950=ORIENTED_EDGE('',*,*,#7229,.F.);
#9951=ORIENTED_EDGE('',*,*,#7230,.T.);
#9952=ORIENTED_EDGE('',*,*,#7229,.T.);
#9953=ORIENTED_EDGE('',*,*,#7231,.F.);
#9954=ORIENTED_EDGE('',*,*,#7232,.F.);
#9955=ORIENTED_EDGE('',*,*,#7233,.T.);
#9956=ORIENTED_EDGE('',*,*,#7232,.T.);
#9957=ORIENTED_EDGE('',*,*,#7234,.F.);
#9958=ORIENTED_EDGE('',*,*,#7212,.F.);
#9959=ORIENTED_EDGE('',*,*,#7235,.T.);
#9960=ORIENTED_EDGE('',*,*,#7236,.T.);
#9961=ORIENTED_EDGE('',*,*,#7237,.F.);
#9962=ORIENTED_EDGE('',*,*,#7238,.F.);
#9963=ORIENTED_EDGE('',*,*,#7239,.T.);
#9964=ORIENTED_EDGE('',*,*,#7238,.T.);
#9965=ORIENTED_EDGE('',*,*,#7240,.F.);
#9966=ORIENTED_EDGE('',*,*,#7241,.F.);
#9967=ORIENTED_EDGE('',*,*,#7242,.T.);
#9968=ORIENTED_EDGE('',*,*,#7241,.T.);
#9969=ORIENTED_EDGE('',*,*,#7243,.F.);
#9970=ORIENTED_EDGE('',*,*,#7244,.F.);
#9971=ORIENTED_EDGE('',*,*,#7245,.T.);
#9972=ORIENTED_EDGE('',*,*,#7244,.T.);
#9973=ORIENTED_EDGE('',*,*,#7246,.F.);
#9974=ORIENTED_EDGE('',*,*,#7247,.F.);
#9975=ORIENTED_EDGE('',*,*,#7248,.T.);
#9976=ORIENTED_EDGE('',*,*,#7247,.T.);
#9977=ORIENTED_EDGE('',*,*,#7249,.F.);
#9978=ORIENTED_EDGE('',*,*,#7250,.F.);
#9979=ORIENTED_EDGE('',*,*,#7251,.T.);
#9980=ORIENTED_EDGE('',*,*,#7250,.T.);
#9981=ORIENTED_EDGE('',*,*,#7252,.F.);
#9982=ORIENTED_EDGE('',*,*,#7253,.F.);
#9983=ORIENTED_EDGE('',*,*,#7254,.T.);
#9984=ORIENTED_EDGE('',*,*,#7253,.T.);
#9985=ORIENTED_EDGE('',*,*,#7255,.F.);
#9986=ORIENTED_EDGE('',*,*,#7256,.F.);
#9987=ORIENTED_EDGE('',*,*,#7257,.T.);
#9988=ORIENTED_EDGE('',*,*,#7256,.T.);
#9989=ORIENTED_EDGE('',*,*,#7258,.F.);
#9990=ORIENTED_EDGE('',*,*,#7236,.F.);
#9991=ORIENTED_EDGE('',*,*,#7259,.T.);
#9992=ORIENTED_EDGE('',*,*,#7260,.T.);
#9993=ORIENTED_EDGE('',*,*,#7261,.F.);
#9994=ORIENTED_EDGE('',*,*,#7262,.F.);
#9995=ORIENTED_EDGE('',*,*,#7263,.T.);
#9996=ORIENTED_EDGE('',*,*,#7262,.T.);
#9997=ORIENTED_EDGE('',*,*,#7264,.F.);
#9998=ORIENTED_EDGE('',*,*,#7265,.F.);
#9999=ORIENTED_EDGE('',*,*,#7266,.T.);
#10000=ORIENTED_EDGE('',*,*,#7265,.T.);
#10001=ORIENTED_EDGE('',*,*,#7267,.F.);
#10002=ORIENTED_EDGE('',*,*,#7268,.F.);
#10003=ORIENTED_EDGE('',*,*,#7269,.T.);
#10004=ORIENTED_EDGE('',*,*,#7268,.T.);
#10005=ORIENTED_EDGE('',*,*,#7270,.F.);
#10006=ORIENTED_EDGE('',*,*,#7271,.F.);
#10007=ORIENTED_EDGE('',*,*,#7272,.T.);
#10008=ORIENTED_EDGE('',*,*,#7271,.T.);
#10009=ORIENTED_EDGE('',*,*,#7273,.F.);
#10010=ORIENTED_EDGE('',*,*,#7274,.F.);
#10011=ORIENTED_EDGE('',*,*,#7275,.T.);
#10012=ORIENTED_EDGE('',*,*,#7274,.T.);
#10013=ORIENTED_EDGE('',*,*,#7276,.F.);
#10014=ORIENTED_EDGE('',*,*,#7277,.F.);
#10015=ORIENTED_EDGE('',*,*,#7278,.T.);
#10016=ORIENTED_EDGE('',*,*,#7277,.T.);
#10017=ORIENTED_EDGE('',*,*,#7279,.F.);
#10018=ORIENTED_EDGE('',*,*,#7280,.F.);
#10019=ORIENTED_EDGE('',*,*,#7281,.T.);
#10020=ORIENTED_EDGE('',*,*,#7280,.T.);
#10021=ORIENTED_EDGE('',*,*,#7282,.F.);
#10022=ORIENTED_EDGE('',*,*,#7260,.F.);
#10023=ORIENTED_EDGE('',*,*,#7283,.T.);
#10024=ORIENTED_EDGE('',*,*,#7284,.T.);
#10025=ORIENTED_EDGE('',*,*,#7285,.F.);
#10026=ORIENTED_EDGE('',*,*,#7286,.F.);
#10027=ORIENTED_EDGE('',*,*,#7287,.T.);
#10028=ORIENTED_EDGE('',*,*,#7286,.T.);
#10029=ORIENTED_EDGE('',*,*,#7288,.F.);
#10030=ORIENTED_EDGE('',*,*,#7289,.F.);
#10031=ORIENTED_EDGE('',*,*,#7290,.T.);
#10032=ORIENTED_EDGE('',*,*,#7289,.T.);
#10033=ORIENTED_EDGE('',*,*,#7291,.F.);
#10034=ORIENTED_EDGE('',*,*,#7292,.F.);
#10035=ORIENTED_EDGE('',*,*,#7293,.T.);
#10036=ORIENTED_EDGE('',*,*,#7292,.T.);
#10037=ORIENTED_EDGE('',*,*,#7294,.F.);
#10038=ORIENTED_EDGE('',*,*,#7295,.F.);
#10039=ORIENTED_EDGE('',*,*,#7296,.T.);
#10040=ORIENTED_EDGE('',*,*,#7295,.T.);
#10041=ORIENTED_EDGE('',*,*,#7297,.F.);
#10042=ORIENTED_EDGE('',*,*,#7298,.F.);
#10043=ORIENTED_EDGE('',*,*,#7299,.T.);
#10044=ORIENTED_EDGE('',*,*,#7298,.T.);
#10045=ORIENTED_EDGE('',*,*,#7300,.F.);
#10046=ORIENTED_EDGE('',*,*,#7301,.F.);
#10047=ORIENTED_EDGE('',*,*,#7302,.T.);
#10048=ORIENTED_EDGE('',*,*,#7301,.T.);
#10049=ORIENTED_EDGE('',*,*,#7303,.F.);
#10050=ORIENTED_EDGE('',*,*,#7304,.F.);
#10051=ORIENTED_EDGE('',*,*,#7305,.T.);
#10052=ORIENTED_EDGE('',*,*,#7304,.T.);
#10053=ORIENTED_EDGE('',*,*,#7306,.F.);
#10054=ORIENTED_EDGE('',*,*,#7284,.F.);
#10055=ORIENTED_EDGE('',*,*,#7307,.T.);
#10056=ORIENTED_EDGE('',*,*,#7308,.T.);
#10057=ORIENTED_EDGE('',*,*,#7309,.F.);
#10058=ORIENTED_EDGE('',*,*,#7310,.F.);
#10059=ORIENTED_EDGE('',*,*,#7311,.T.);
#10060=ORIENTED_EDGE('',*,*,#7310,.T.);
#10061=ORIENTED_EDGE('',*,*,#7312,.F.);
#10062=ORIENTED_EDGE('',*,*,#7313,.F.);
#10063=ORIENTED_EDGE('',*,*,#7314,.T.);
#10064=ORIENTED_EDGE('',*,*,#7313,.T.);
#10065=ORIENTED_EDGE('',*,*,#7315,.F.);
#10066=ORIENTED_EDGE('',*,*,#7316,.F.);
#10067=ORIENTED_EDGE('',*,*,#7317,.T.);
#10068=ORIENTED_EDGE('',*,*,#7316,.T.);
#10069=ORIENTED_EDGE('',*,*,#7318,.F.);
#10070=ORIENTED_EDGE('',*,*,#7319,.F.);
#10071=ORIENTED_EDGE('',*,*,#7320,.T.);
#10072=ORIENTED_EDGE('',*,*,#7319,.T.);
#10073=ORIENTED_EDGE('',*,*,#7321,.F.);
#10074=ORIENTED_EDGE('',*,*,#7322,.F.);
#10075=ORIENTED_EDGE('',*,*,#7323,.T.);
#10076=ORIENTED_EDGE('',*,*,#7322,.T.);
#10077=ORIENTED_EDGE('',*,*,#7324,.F.);
#10078=ORIENTED_EDGE('',*,*,#7325,.F.);
#10079=ORIENTED_EDGE('',*,*,#7326,.T.);
#10080=ORIENTED_EDGE('',*,*,#7325,.T.);
#10081=ORIENTED_EDGE('',*,*,#7327,.F.);
#10082=ORIENTED_EDGE('',*,*,#7328,.F.);
#10083=ORIENTED_EDGE('',*,*,#7329,.T.);
#10084=ORIENTED_EDGE('',*,*,#7328,.T.);
#10085=ORIENTED_EDGE('',*,*,#7330,.F.);
#10086=ORIENTED_EDGE('',*,*,#7308,.F.);
#10087=ORIENTED_EDGE('',*,*,#7331,.T.);
#10088=ORIENTED_EDGE('',*,*,#7332,.T.);
#10089=ORIENTED_EDGE('',*,*,#7333,.F.);
#10090=ORIENTED_EDGE('',*,*,#7334,.F.);
#10091=ORIENTED_EDGE('',*,*,#7335,.T.);
#10092=ORIENTED_EDGE('',*,*,#7334,.T.);
#10093=ORIENTED_EDGE('',*,*,#7336,.F.);
#10094=ORIENTED_EDGE('',*,*,#7337,.F.);
#10095=ORIENTED_EDGE('',*,*,#7338,.T.);
#10096=ORIENTED_EDGE('',*,*,#7337,.T.);
#10097=ORIENTED_EDGE('',*,*,#7339,.F.);
#10098=ORIENTED_EDGE('',*,*,#7340,.F.);
#10099=ORIENTED_EDGE('',*,*,#7341,.T.);
#10100=ORIENTED_EDGE('',*,*,#7340,.T.);
#10101=ORIENTED_EDGE('',*,*,#7342,.F.);
#10102=ORIENTED_EDGE('',*,*,#7343,.F.);
#10103=ORIENTED_EDGE('',*,*,#7344,.T.);
#10104=ORIENTED_EDGE('',*,*,#7343,.T.);
#10105=ORIENTED_EDGE('',*,*,#7345,.F.);
#10106=ORIENTED_EDGE('',*,*,#7346,.F.);
#10107=ORIENTED_EDGE('',*,*,#7347,.T.);
#10108=ORIENTED_EDGE('',*,*,#7346,.T.);
#10109=ORIENTED_EDGE('',*,*,#7348,.F.);
#10110=ORIENTED_EDGE('',*,*,#7349,.F.);
#10111=ORIENTED_EDGE('',*,*,#7350,.T.);
#10112=ORIENTED_EDGE('',*,*,#7349,.T.);
#10113=ORIENTED_EDGE('',*,*,#7351,.F.);
#10114=ORIENTED_EDGE('',*,*,#7352,.F.);
#10115=ORIENTED_EDGE('',*,*,#7353,.T.);
#10116=ORIENTED_EDGE('',*,*,#7352,.T.);
#10117=ORIENTED_EDGE('',*,*,#7354,.F.);
#10118=ORIENTED_EDGE('',*,*,#7332,.F.);
#10119=ORIENTED_EDGE('',*,*,#7355,.T.);
#10120=ORIENTED_EDGE('',*,*,#7356,.T.);
#10121=ORIENTED_EDGE('',*,*,#7357,.F.);
#10122=ORIENTED_EDGE('',*,*,#7358,.F.);
#10123=ORIENTED_EDGE('',*,*,#7359,.T.);
#10124=ORIENTED_EDGE('',*,*,#7358,.T.);
#10125=ORIENTED_EDGE('',*,*,#7360,.F.);
#10126=ORIENTED_EDGE('',*,*,#7361,.F.);
#10127=ORIENTED_EDGE('',*,*,#7362,.T.);
#10128=ORIENTED_EDGE('',*,*,#7361,.T.);
#10129=ORIENTED_EDGE('',*,*,#7363,.F.);
#10130=ORIENTED_EDGE('',*,*,#7364,.F.);
#10131=ORIENTED_EDGE('',*,*,#7365,.T.);
#10132=ORIENTED_EDGE('',*,*,#7364,.T.);
#10133=ORIENTED_EDGE('',*,*,#7366,.F.);
#10134=ORIENTED_EDGE('',*,*,#7367,.F.);
#10135=ORIENTED_EDGE('',*,*,#7368,.T.);
#10136=ORIENTED_EDGE('',*,*,#7367,.T.);
#10137=ORIENTED_EDGE('',*,*,#7369,.F.);
#10138=ORIENTED_EDGE('',*,*,#7370,.F.);
#10139=ORIENTED_EDGE('',*,*,#7371,.T.);
#10140=ORIENTED_EDGE('',*,*,#7370,.T.);
#10141=ORIENTED_EDGE('',*,*,#7372,.F.);
#10142=ORIENTED_EDGE('',*,*,#7373,.F.);
#10143=ORIENTED_EDGE('',*,*,#7374,.T.);
#10144=ORIENTED_EDGE('',*,*,#7373,.T.);
#10145=ORIENTED_EDGE('',*,*,#7375,.F.);
#10146=ORIENTED_EDGE('',*,*,#7376,.F.);
#10147=ORIENTED_EDGE('',*,*,#7377,.T.);
#10148=ORIENTED_EDGE('',*,*,#7376,.T.);
#10149=ORIENTED_EDGE('',*,*,#7378,.F.);
#10150=ORIENTED_EDGE('',*,*,#7356,.F.);
#10151=ORIENTED_EDGE('',*,*,#7379,.T.);
#10152=ORIENTED_EDGE('',*,*,#7380,.T.);
#10153=ORIENTED_EDGE('',*,*,#7381,.F.);
#10154=ORIENTED_EDGE('',*,*,#7382,.F.);
#10155=ORIENTED_EDGE('',*,*,#7383,.T.);
#10156=ORIENTED_EDGE('',*,*,#7382,.T.);
#10157=ORIENTED_EDGE('',*,*,#7384,.F.);
#10158=ORIENTED_EDGE('',*,*,#7385,.F.);
#10159=ORIENTED_EDGE('',*,*,#7386,.T.);
#10160=ORIENTED_EDGE('',*,*,#7385,.T.);
#10161=ORIENTED_EDGE('',*,*,#7387,.F.);
#10162=ORIENTED_EDGE('',*,*,#7388,.F.);
#10163=ORIENTED_EDGE('',*,*,#7389,.T.);
#10164=ORIENTED_EDGE('',*,*,#7388,.T.);
#10165=ORIENTED_EDGE('',*,*,#7390,.F.);
#10166=ORIENTED_EDGE('',*,*,#7391,.F.);
#10167=ORIENTED_EDGE('',*,*,#7392,.T.);
#10168=ORIENTED_EDGE('',*,*,#7391,.T.);
#10169=ORIENTED_EDGE('',*,*,#7393,.F.);
#10170=ORIENTED_EDGE('',*,*,#7394,.F.);
#10171=ORIENTED_EDGE('',*,*,#7395,.T.);
#10172=ORIENTED_EDGE('',*,*,#7394,.T.);
#10173=ORIENTED_EDGE('',*,*,#7396,.F.);
#10174=ORIENTED_EDGE('',*,*,#7397,.F.);
#10175=ORIENTED_EDGE('',*,*,#7398,.T.);
#10176=ORIENTED_EDGE('',*,*,#7397,.T.);
#10177=ORIENTED_EDGE('',*,*,#7399,.F.);
#10178=ORIENTED_EDGE('',*,*,#7400,.F.);
#10179=ORIENTED_EDGE('',*,*,#7401,.T.);
#10180=ORIENTED_EDGE('',*,*,#7400,.T.);
#10181=ORIENTED_EDGE('',*,*,#7402,.F.);
#10182=ORIENTED_EDGE('',*,*,#7380,.F.);
#10183=ORIENTED_EDGE('',*,*,#7403,.T.);
#10184=ORIENTED_EDGE('',*,*,#7404,.T.);
#10185=ORIENTED_EDGE('',*,*,#7405,.F.);
#10186=ORIENTED_EDGE('',*,*,#7406,.F.);
#10187=ORIENTED_EDGE('',*,*,#7407,.T.);
#10188=ORIENTED_EDGE('',*,*,#7406,.T.);
#10189=ORIENTED_EDGE('',*,*,#7408,.F.);
#10190=ORIENTED_EDGE('',*,*,#7409,.F.);
#10191=ORIENTED_EDGE('',*,*,#7410,.T.);
#10192=ORIENTED_EDGE('',*,*,#7409,.T.);
#10193=ORIENTED_EDGE('',*,*,#7411,.F.);
#10194=ORIENTED_EDGE('',*,*,#7412,.F.);
#10195=ORIENTED_EDGE('',*,*,#7413,.T.);
#10196=ORIENTED_EDGE('',*,*,#7412,.T.);
#10197=ORIENTED_EDGE('',*,*,#7414,.F.);
#10198=ORIENTED_EDGE('',*,*,#7415,.F.);
#10199=ORIENTED_EDGE('',*,*,#7416,.T.);
#10200=ORIENTED_EDGE('',*,*,#7415,.T.);
#10201=ORIENTED_EDGE('',*,*,#7417,.F.);
#10202=ORIENTED_EDGE('',*,*,#7418,.F.);
#10203=ORIENTED_EDGE('',*,*,#7419,.T.);
#10204=ORIENTED_EDGE('',*,*,#7418,.T.);
#10205=ORIENTED_EDGE('',*,*,#7420,.F.);
#10206=ORIENTED_EDGE('',*,*,#7421,.F.);
#10207=ORIENTED_EDGE('',*,*,#7422,.T.);
#10208=ORIENTED_EDGE('',*,*,#7421,.T.);
#10209=ORIENTED_EDGE('',*,*,#7423,.F.);
#10210=ORIENTED_EDGE('',*,*,#7424,.F.);
#10211=ORIENTED_EDGE('',*,*,#7425,.T.);
#10212=ORIENTED_EDGE('',*,*,#7424,.T.);
#10213=ORIENTED_EDGE('',*,*,#7426,.F.);
#10214=ORIENTED_EDGE('',*,*,#7404,.F.);
#10215=ORIENTED_EDGE('',*,*,#7427,.T.);
#10216=ORIENTED_EDGE('',*,*,#7428,.T.);
#10217=ORIENTED_EDGE('',*,*,#7429,.F.);
#10218=ORIENTED_EDGE('',*,*,#7430,.F.);
#10219=ORIENTED_EDGE('',*,*,#7431,.T.);
#10220=ORIENTED_EDGE('',*,*,#7430,.T.);
#10221=ORIENTED_EDGE('',*,*,#7432,.F.);
#10222=ORIENTED_EDGE('',*,*,#7433,.F.);
#10223=ORIENTED_EDGE('',*,*,#7434,.T.);
#10224=ORIENTED_EDGE('',*,*,#7433,.T.);
#10225=ORIENTED_EDGE('',*,*,#7435,.F.);
#10226=ORIENTED_EDGE('',*,*,#7436,.F.);
#10227=ORIENTED_EDGE('',*,*,#7437,.T.);
#10228=ORIENTED_EDGE('',*,*,#7436,.T.);
#10229=ORIENTED_EDGE('',*,*,#7438,.F.);
#10230=ORIENTED_EDGE('',*,*,#7439,.F.);
#10231=ORIENTED_EDGE('',*,*,#7440,.T.);
#10232=ORIENTED_EDGE('',*,*,#7439,.T.);
#10233=ORIENTED_EDGE('',*,*,#7441,.F.);
#10234=ORIENTED_EDGE('',*,*,#7442,.F.);
#10235=ORIENTED_EDGE('',*,*,#7443,.T.);
#10236=ORIENTED_EDGE('',*,*,#7442,.T.);
#10237=ORIENTED_EDGE('',*,*,#7444,.F.);
#10238=ORIENTED_EDGE('',*,*,#7445,.F.);
#10239=ORIENTED_EDGE('',*,*,#7446,.T.);
#10240=ORIENTED_EDGE('',*,*,#7445,.T.);
#10241=ORIENTED_EDGE('',*,*,#7447,.F.);
#10242=ORIENTED_EDGE('',*,*,#7448,.F.);
#10243=ORIENTED_EDGE('',*,*,#7449,.T.);
#10244=ORIENTED_EDGE('',*,*,#7448,.T.);
#10245=ORIENTED_EDGE('',*,*,#7450,.F.);
#10246=ORIENTED_EDGE('',*,*,#7428,.F.);
#10247=ORIENTED_EDGE('',*,*,#7451,.T.);
#10248=ORIENTED_EDGE('',*,*,#7452,.T.);
#10249=ORIENTED_EDGE('',*,*,#7453,.F.);
#10250=ORIENTED_EDGE('',*,*,#7454,.F.);
#10251=ORIENTED_EDGE('',*,*,#7455,.T.);
#10252=ORIENTED_EDGE('',*,*,#7454,.T.);
#10253=ORIENTED_EDGE('',*,*,#7456,.F.);
#10254=ORIENTED_EDGE('',*,*,#7457,.F.);
#10255=ORIENTED_EDGE('',*,*,#7458,.T.);
#10256=ORIENTED_EDGE('',*,*,#7457,.T.);
#10257=ORIENTED_EDGE('',*,*,#7459,.F.);
#10258=ORIENTED_EDGE('',*,*,#7460,.F.);
#10259=ORIENTED_EDGE('',*,*,#7461,.T.);
#10260=ORIENTED_EDGE('',*,*,#7460,.T.);
#10261=ORIENTED_EDGE('',*,*,#7462,.F.);
#10262=ORIENTED_EDGE('',*,*,#7463,.F.);
#10263=ORIENTED_EDGE('',*,*,#7464,.T.);
#10264=ORIENTED_EDGE('',*,*,#7463,.T.);
#10265=ORIENTED_EDGE('',*,*,#7465,.F.);
#10266=ORIENTED_EDGE('',*,*,#7466,.F.);
#10267=ORIENTED_EDGE('',*,*,#7467,.T.);
#10268=ORIENTED_EDGE('',*,*,#7466,.T.);
#10269=ORIENTED_EDGE('',*,*,#7468,.F.);
#10270=ORIENTED_EDGE('',*,*,#7469,.F.);
#10271=ORIENTED_EDGE('',*,*,#7470,.T.);
#10272=ORIENTED_EDGE('',*,*,#7469,.T.);
#10273=ORIENTED_EDGE('',*,*,#7471,.F.);
#10274=ORIENTED_EDGE('',*,*,#7472,.F.);
#10275=ORIENTED_EDGE('',*,*,#7473,.T.);
#10276=ORIENTED_EDGE('',*,*,#7472,.T.);
#10277=ORIENTED_EDGE('',*,*,#7474,.F.);
#10278=ORIENTED_EDGE('',*,*,#7452,.F.);
#10279=ORIENTED_EDGE('',*,*,#7475,.T.);
#10280=ORIENTED_EDGE('',*,*,#7476,.T.);
#10281=ORIENTED_EDGE('',*,*,#7477,.F.);
#10282=ORIENTED_EDGE('',*,*,#7478,.F.);
#10283=ORIENTED_EDGE('',*,*,#7479,.T.);
#10284=ORIENTED_EDGE('',*,*,#7478,.T.);
#10285=ORIENTED_EDGE('',*,*,#7480,.F.);
#10286=ORIENTED_EDGE('',*,*,#7481,.F.);
#10287=ORIENTED_EDGE('',*,*,#7482,.T.);
#10288=ORIENTED_EDGE('',*,*,#7481,.T.);
#10289=ORIENTED_EDGE('',*,*,#7483,.F.);
#10290=ORIENTED_EDGE('',*,*,#7484,.F.);
#10291=ORIENTED_EDGE('',*,*,#7485,.T.);
#10292=ORIENTED_EDGE('',*,*,#7484,.T.);
#10293=ORIENTED_EDGE('',*,*,#7486,.F.);
#10294=ORIENTED_EDGE('',*,*,#7487,.F.);
#10295=ORIENTED_EDGE('',*,*,#7488,.T.);
#10296=ORIENTED_EDGE('',*,*,#7487,.T.);
#10297=ORIENTED_EDGE('',*,*,#7489,.F.);
#10298=ORIENTED_EDGE('',*,*,#7490,.F.);
#10299=ORIENTED_EDGE('',*,*,#7491,.T.);
#10300=ORIENTED_EDGE('',*,*,#7490,.T.);
#10301=ORIENTED_EDGE('',*,*,#7492,.F.);
#10302=ORIENTED_EDGE('',*,*,#7493,.F.);
#10303=ORIENTED_EDGE('',*,*,#7494,.T.);
#10304=ORIENTED_EDGE('',*,*,#7493,.T.);
#10305=ORIENTED_EDGE('',*,*,#7495,.F.);
#10306=ORIENTED_EDGE('',*,*,#7496,.F.);
#10307=ORIENTED_EDGE('',*,*,#7497,.T.);
#10308=ORIENTED_EDGE('',*,*,#7496,.T.);
#10309=ORIENTED_EDGE('',*,*,#7498,.F.);
#10310=ORIENTED_EDGE('',*,*,#7476,.F.);
#10311=ORIENTED_EDGE('',*,*,#7499,.T.);
#10312=ORIENTED_EDGE('',*,*,#7500,.T.);
#10313=ORIENTED_EDGE('',*,*,#7501,.F.);
#10314=ORIENTED_EDGE('',*,*,#7502,.F.);
#10315=ORIENTED_EDGE('',*,*,#7503,.T.);
#10316=ORIENTED_EDGE('',*,*,#7502,.T.);
#10317=ORIENTED_EDGE('',*,*,#7504,.F.);
#10318=ORIENTED_EDGE('',*,*,#7505,.F.);
#10319=ORIENTED_EDGE('',*,*,#7506,.T.);
#10320=ORIENTED_EDGE('',*,*,#7505,.T.);
#10321=ORIENTED_EDGE('',*,*,#7507,.F.);
#10322=ORIENTED_EDGE('',*,*,#7508,.F.);
#10323=ORIENTED_EDGE('',*,*,#7509,.T.);
#10324=ORIENTED_EDGE('',*,*,#7508,.T.);
#10325=ORIENTED_EDGE('',*,*,#7510,.F.);
#10326=ORIENTED_EDGE('',*,*,#7511,.F.);
#10327=ORIENTED_EDGE('',*,*,#7512,.T.);
#10328=ORIENTED_EDGE('',*,*,#7511,.T.);
#10329=ORIENTED_EDGE('',*,*,#7513,.F.);
#10330=ORIENTED_EDGE('',*,*,#7514,.F.);
#10331=ORIENTED_EDGE('',*,*,#7515,.T.);
#10332=ORIENTED_EDGE('',*,*,#7514,.T.);
#10333=ORIENTED_EDGE('',*,*,#7516,.F.);
#10334=ORIENTED_EDGE('',*,*,#7517,.F.);
#10335=ORIENTED_EDGE('',*,*,#7518,.T.);
#10336=ORIENTED_EDGE('',*,*,#7517,.T.);
#10337=ORIENTED_EDGE('',*,*,#7519,.F.);
#10338=ORIENTED_EDGE('',*,*,#7520,.F.);
#10339=ORIENTED_EDGE('',*,*,#7521,.T.);
#10340=ORIENTED_EDGE('',*,*,#7520,.T.);
#10341=ORIENTED_EDGE('',*,*,#7522,.F.);
#10342=ORIENTED_EDGE('',*,*,#7500,.F.);
#10343=ORIENTED_EDGE('',*,*,#7523,.T.);
#10344=ORIENTED_EDGE('',*,*,#7524,.T.);
#10345=ORIENTED_EDGE('',*,*,#7525,.F.);
#10346=ORIENTED_EDGE('',*,*,#7526,.F.);
#10347=ORIENTED_EDGE('',*,*,#7527,.T.);
#10348=ORIENTED_EDGE('',*,*,#7526,.T.);
#10349=ORIENTED_EDGE('',*,*,#7528,.F.);
#10350=ORIENTED_EDGE('',*,*,#7529,.F.);
#10351=ORIENTED_EDGE('',*,*,#7530,.T.);
#10352=ORIENTED_EDGE('',*,*,#7529,.T.);
#10353=ORIENTED_EDGE('',*,*,#7531,.F.);
#10354=ORIENTED_EDGE('',*,*,#7532,.F.);
#10355=ORIENTED_EDGE('',*,*,#7533,.T.);
#10356=ORIENTED_EDGE('',*,*,#7532,.T.);
#10357=ORIENTED_EDGE('',*,*,#7534,.F.);
#10358=ORIENTED_EDGE('',*,*,#7535,.F.);
#10359=ORIENTED_EDGE('',*,*,#7536,.T.);
#10360=ORIENTED_EDGE('',*,*,#7535,.T.);
#10361=ORIENTED_EDGE('',*,*,#7537,.F.);
#10362=ORIENTED_EDGE('',*,*,#7538,.F.);
#10363=ORIENTED_EDGE('',*,*,#7539,.T.);
#10364=ORIENTED_EDGE('',*,*,#7538,.T.);
#10365=ORIENTED_EDGE('',*,*,#7540,.F.);
#10366=ORIENTED_EDGE('',*,*,#7541,.F.);
#10367=ORIENTED_EDGE('',*,*,#7542,.T.);
#10368=ORIENTED_EDGE('',*,*,#7541,.T.);
#10369=ORIENTED_EDGE('',*,*,#7543,.F.);
#10370=ORIENTED_EDGE('',*,*,#7544,.F.);
#10371=ORIENTED_EDGE('',*,*,#7545,.T.);
#10372=ORIENTED_EDGE('',*,*,#7544,.T.);
#10373=ORIENTED_EDGE('',*,*,#7546,.F.);
#10374=ORIENTED_EDGE('',*,*,#7524,.F.);
#10375=ORIENTED_EDGE('',*,*,#7547,.T.);
#10376=ORIENTED_EDGE('',*,*,#7548,.T.);
#10377=ORIENTED_EDGE('',*,*,#7549,.F.);
#10378=ORIENTED_EDGE('',*,*,#7550,.F.);
#10379=ORIENTED_EDGE('',*,*,#7551,.T.);
#10380=ORIENTED_EDGE('',*,*,#7550,.T.);
#10381=ORIENTED_EDGE('',*,*,#7552,.F.);
#10382=ORIENTED_EDGE('',*,*,#7553,.F.);
#10383=ORIENTED_EDGE('',*,*,#7554,.T.);
#10384=ORIENTED_EDGE('',*,*,#7553,.T.);
#10385=ORIENTED_EDGE('',*,*,#7555,.F.);
#10386=ORIENTED_EDGE('',*,*,#7556,.F.);
#10387=ORIENTED_EDGE('',*,*,#7557,.T.);
#10388=ORIENTED_EDGE('',*,*,#7556,.T.);
#10389=ORIENTED_EDGE('',*,*,#7558,.F.);
#10390=ORIENTED_EDGE('',*,*,#7559,.F.);
#10391=ORIENTED_EDGE('',*,*,#7560,.T.);
#10392=ORIENTED_EDGE('',*,*,#7559,.T.);
#10393=ORIENTED_EDGE('',*,*,#7561,.F.);
#10394=ORIENTED_EDGE('',*,*,#7562,.F.);
#10395=ORIENTED_EDGE('',*,*,#7563,.T.);
#10396=ORIENTED_EDGE('',*,*,#7562,.T.);
#10397=ORIENTED_EDGE('',*,*,#7564,.F.);
#10398=ORIENTED_EDGE('',*,*,#7565,.F.);
#10399=ORIENTED_EDGE('',*,*,#7566,.T.);
#10400=ORIENTED_EDGE('',*,*,#7565,.T.);
#10401=ORIENTED_EDGE('',*,*,#7567,.F.);
#10402=ORIENTED_EDGE('',*,*,#7568,.F.);
#10403=ORIENTED_EDGE('',*,*,#7569,.T.);
#10404=ORIENTED_EDGE('',*,*,#7568,.T.);
#10405=ORIENTED_EDGE('',*,*,#7570,.F.);
#10406=ORIENTED_EDGE('',*,*,#7548,.F.);
#10407=ORIENTED_EDGE('',*,*,#7571,.T.);
#10408=ORIENTED_EDGE('',*,*,#7572,.T.);
#10409=ORIENTED_EDGE('',*,*,#7573,.F.);
#10410=ORIENTED_EDGE('',*,*,#7574,.F.);
#10411=ORIENTED_EDGE('',*,*,#7575,.T.);
#10412=ORIENTED_EDGE('',*,*,#7574,.T.);
#10413=ORIENTED_EDGE('',*,*,#7576,.F.);
#10414=ORIENTED_EDGE('',*,*,#7577,.F.);
#10415=ORIENTED_EDGE('',*,*,#7578,.T.);
#10416=ORIENTED_EDGE('',*,*,#7577,.T.);
#10417=ORIENTED_EDGE('',*,*,#7579,.F.);
#10418=ORIENTED_EDGE('',*,*,#7580,.F.);
#10419=ORIENTED_EDGE('',*,*,#7581,.T.);
#10420=ORIENTED_EDGE('',*,*,#7580,.T.);
#10421=ORIENTED_EDGE('',*,*,#7582,.F.);
#10422=ORIENTED_EDGE('',*,*,#7583,.F.);
#10423=ORIENTED_EDGE('',*,*,#7584,.T.);
#10424=ORIENTED_EDGE('',*,*,#7583,.T.);
#10425=ORIENTED_EDGE('',*,*,#7585,.F.);
#10426=ORIENTED_EDGE('',*,*,#7586,.F.);
#10427=ORIENTED_EDGE('',*,*,#7587,.T.);
#10428=ORIENTED_EDGE('',*,*,#7586,.T.);
#10429=ORIENTED_EDGE('',*,*,#7588,.F.);
#10430=ORIENTED_EDGE('',*,*,#7589,.F.);
#10431=ORIENTED_EDGE('',*,*,#7590,.T.);
#10432=ORIENTED_EDGE('',*,*,#7589,.T.);
#10433=ORIENTED_EDGE('',*,*,#7591,.F.);
#10434=ORIENTED_EDGE('',*,*,#7592,.F.);
#10435=ORIENTED_EDGE('',*,*,#7593,.T.);
#10436=ORIENTED_EDGE('',*,*,#7592,.T.);
#10437=ORIENTED_EDGE('',*,*,#7594,.F.);
#10438=ORIENTED_EDGE('',*,*,#7572,.F.);
#10439=ORIENTED_EDGE('',*,*,#7595,.T.);
#10440=ORIENTED_EDGE('',*,*,#7596,.T.);
#10441=ORIENTED_EDGE('',*,*,#7597,.F.);
#10442=ORIENTED_EDGE('',*,*,#7598,.F.);
#10443=ORIENTED_EDGE('',*,*,#7599,.T.);
#10444=ORIENTED_EDGE('',*,*,#7598,.T.);
#10445=ORIENTED_EDGE('',*,*,#7600,.F.);
#10446=ORIENTED_EDGE('',*,*,#7601,.F.);
#10447=ORIENTED_EDGE('',*,*,#7602,.T.);
#10448=ORIENTED_EDGE('',*,*,#7601,.T.);
#10449=ORIENTED_EDGE('',*,*,#7603,.F.);
#10450=ORIENTED_EDGE('',*,*,#7604,.F.);
#10451=ORIENTED_EDGE('',*,*,#7605,.T.);
#10452=ORIENTED_EDGE('',*,*,#7604,.T.);
#10453=ORIENTED_EDGE('',*,*,#7606,.F.);
#10454=ORIENTED_EDGE('',*,*,#7607,.F.);
#10455=ORIENTED_EDGE('',*,*,#7608,.T.);
#10456=ORIENTED_EDGE('',*,*,#7607,.T.);
#10457=ORIENTED_EDGE('',*,*,#7609,.F.);
#10458=ORIENTED_EDGE('',*,*,#7610,.F.);
#10459=ORIENTED_EDGE('',*,*,#7611,.T.);
#10460=ORIENTED_EDGE('',*,*,#7610,.T.);
#10461=ORIENTED_EDGE('',*,*,#7612,.F.);
#10462=ORIENTED_EDGE('',*,*,#7613,.F.);
#10463=ORIENTED_EDGE('',*,*,#7614,.T.);
#10464=ORIENTED_EDGE('',*,*,#7613,.T.);
#10465=ORIENTED_EDGE('',*,*,#7615,.F.);
#10466=ORIENTED_EDGE('',*,*,#7616,.F.);
#10467=ORIENTED_EDGE('',*,*,#7617,.T.);
#10468=ORIENTED_EDGE('',*,*,#7616,.T.);
#10469=ORIENTED_EDGE('',*,*,#7618,.F.);
#10470=ORIENTED_EDGE('',*,*,#7596,.F.);
#10471=ORIENTED_EDGE('',*,*,#7619,.T.);
#10472=ORIENTED_EDGE('',*,*,#7620,.T.);
#10473=ORIENTED_EDGE('',*,*,#7621,.F.);
#10474=ORIENTED_EDGE('',*,*,#7622,.F.);
#10475=ORIENTED_EDGE('',*,*,#7623,.T.);
#10476=ORIENTED_EDGE('',*,*,#7622,.T.);
#10477=ORIENTED_EDGE('',*,*,#7624,.F.);
#10478=ORIENTED_EDGE('',*,*,#7625,.F.);
#10479=ORIENTED_EDGE('',*,*,#7626,.T.);
#10480=ORIENTED_EDGE('',*,*,#7625,.T.);
#10481=ORIENTED_EDGE('',*,*,#7627,.F.);
#10482=ORIENTED_EDGE('',*,*,#7628,.F.);
#10483=ORIENTED_EDGE('',*,*,#7629,.T.);
#10484=ORIENTED_EDGE('',*,*,#7628,.T.);
#10485=ORIENTED_EDGE('',*,*,#7630,.F.);
#10486=ORIENTED_EDGE('',*,*,#7631,.F.);
#10487=ORIENTED_EDGE('',*,*,#7632,.T.);
#10488=ORIENTED_EDGE('',*,*,#7631,.T.);
#10489=ORIENTED_EDGE('',*,*,#7633,.F.);
#10490=ORIENTED_EDGE('',*,*,#7634,.F.);
#10491=ORIENTED_EDGE('',*,*,#7635,.T.);
#10492=ORIENTED_EDGE('',*,*,#7634,.T.);
#10493=ORIENTED_EDGE('',*,*,#7636,.F.);
#10494=ORIENTED_EDGE('',*,*,#7637,.F.);
#10495=ORIENTED_EDGE('',*,*,#7638,.T.);
#10496=ORIENTED_EDGE('',*,*,#7637,.T.);
#10497=ORIENTED_EDGE('',*,*,#7639,.F.);
#10498=ORIENTED_EDGE('',*,*,#7640,.F.);
#10499=ORIENTED_EDGE('',*,*,#7641,.T.);
#10500=ORIENTED_EDGE('',*,*,#7640,.T.);
#10501=ORIENTED_EDGE('',*,*,#7642,.F.);
#10502=ORIENTED_EDGE('',*,*,#7620,.F.);
#10503=ORIENTED_EDGE('',*,*,#7643,.F.);
#10504=ORIENTED_EDGE('',*,*,#7644,.T.);
#10505=ORIENTED_EDGE('',*,*,#7645,.F.);
#10506=ORIENTED_EDGE('',*,*,#7646,.F.);
#10507=ORIENTED_EDGE('',*,*,#7647,.F.);
#10508=ORIENTED_EDGE('',*,*,#7646,.T.);
#10509=ORIENTED_EDGE('',*,*,#7648,.F.);
#10510=ORIENTED_EDGE('',*,*,#7649,.F.);
#10511=ORIENTED_EDGE('',*,*,#7650,.T.);
#10512=ORIENTED_EDGE('',*,*,#7649,.T.);
#10513=ORIENTED_EDGE('',*,*,#7651,.F.);
#10514=ORIENTED_EDGE('',*,*,#7652,.F.);
#10515=ORIENTED_EDGE('',*,*,#7653,.F.);
#10516=ORIENTED_EDGE('',*,*,#7652,.T.);
#10517=ORIENTED_EDGE('',*,*,#7654,.F.);
#10518=ORIENTED_EDGE('',*,*,#7655,.F.);
#10519=ORIENTED_EDGE('',*,*,#7656,.T.);
#10520=ORIENTED_EDGE('',*,*,#7655,.T.);
#10521=ORIENTED_EDGE('',*,*,#7657,.F.);
#10522=ORIENTED_EDGE('',*,*,#7658,.F.);
#10523=ORIENTED_EDGE('',*,*,#7659,.T.);
#10524=ORIENTED_EDGE('',*,*,#7658,.T.);
#10525=ORIENTED_EDGE('',*,*,#7660,.F.);
#10526=ORIENTED_EDGE('',*,*,#7644,.F.);
#10527=ORIENTED_EDGE('',*,*,#7660,.T.);
#10528=ORIENTED_EDGE('',*,*,#7657,.T.);
#10529=ORIENTED_EDGE('',*,*,#7654,.T.);
#10530=ORIENTED_EDGE('',*,*,#7651,.T.);
#10531=ORIENTED_EDGE('',*,*,#7648,.T.);
#10532=ORIENTED_EDGE('',*,*,#7645,.T.);
#10533=ORIENTED_EDGE('',*,*,#7642,.T.);
#10534=ORIENTED_EDGE('',*,*,#7639,.T.);
#10535=ORIENTED_EDGE('',*,*,#7636,.T.);
#10536=ORIENTED_EDGE('',*,*,#7633,.T.);
#10537=ORIENTED_EDGE('',*,*,#7630,.T.);
#10538=ORIENTED_EDGE('',*,*,#7627,.T.);
#10539=ORIENTED_EDGE('',*,*,#7624,.T.);
#10540=ORIENTED_EDGE('',*,*,#7621,.T.);
#10541=ORIENTED_EDGE('',*,*,#7618,.T.);
#10542=ORIENTED_EDGE('',*,*,#7615,.T.);
#10543=ORIENTED_EDGE('',*,*,#7612,.T.);
#10544=ORIENTED_EDGE('',*,*,#7609,.T.);
#10545=ORIENTED_EDGE('',*,*,#7606,.T.);
#10546=ORIENTED_EDGE('',*,*,#7603,.T.);
#10547=ORIENTED_EDGE('',*,*,#7600,.T.);
#10548=ORIENTED_EDGE('',*,*,#7597,.T.);
#10549=ORIENTED_EDGE('',*,*,#7594,.T.);
#10550=ORIENTED_EDGE('',*,*,#7591,.T.);
#10551=ORIENTED_EDGE('',*,*,#7588,.T.);
#10552=ORIENTED_EDGE('',*,*,#7585,.T.);
#10553=ORIENTED_EDGE('',*,*,#7582,.T.);
#10554=ORIENTED_EDGE('',*,*,#7579,.T.);
#10555=ORIENTED_EDGE('',*,*,#7576,.T.);
#10556=ORIENTED_EDGE('',*,*,#7573,.T.);
#10557=ORIENTED_EDGE('',*,*,#7570,.T.);
#10558=ORIENTED_EDGE('',*,*,#7567,.T.);
#10559=ORIENTED_EDGE('',*,*,#7564,.T.);
#10560=ORIENTED_EDGE('',*,*,#7561,.T.);
#10561=ORIENTED_EDGE('',*,*,#7558,.T.);
#10562=ORIENTED_EDGE('',*,*,#7555,.T.);
#10563=ORIENTED_EDGE('',*,*,#7552,.T.);
#10564=ORIENTED_EDGE('',*,*,#7549,.T.);
#10565=ORIENTED_EDGE('',*,*,#7546,.T.);
#10566=ORIENTED_EDGE('',*,*,#7543,.T.);
#10567=ORIENTED_EDGE('',*,*,#7540,.T.);
#10568=ORIENTED_EDGE('',*,*,#7537,.T.);
#10569=ORIENTED_EDGE('',*,*,#7534,.T.);
#10570=ORIENTED_EDGE('',*,*,#7531,.T.);
#10571=ORIENTED_EDGE('',*,*,#7528,.T.);
#10572=ORIENTED_EDGE('',*,*,#7525,.T.);
#10573=ORIENTED_EDGE('',*,*,#7522,.T.);
#10574=ORIENTED_EDGE('',*,*,#7519,.T.);
#10575=ORIENTED_EDGE('',*,*,#7516,.T.);
#10576=ORIENTED_EDGE('',*,*,#7513,.T.);
#10577=ORIENTED_EDGE('',*,*,#7510,.T.);
#10578=ORIENTED_EDGE('',*,*,#7507,.T.);
#10579=ORIENTED_EDGE('',*,*,#7504,.T.);
#10580=ORIENTED_EDGE('',*,*,#7501,.T.);
#10581=ORIENTED_EDGE('',*,*,#7498,.T.);
#10582=ORIENTED_EDGE('',*,*,#7495,.T.);
#10583=ORIENTED_EDGE('',*,*,#7492,.T.);
#10584=ORIENTED_EDGE('',*,*,#7489,.T.);
#10585=ORIENTED_EDGE('',*,*,#7486,.T.);
#10586=ORIENTED_EDGE('',*,*,#7483,.T.);
#10587=ORIENTED_EDGE('',*,*,#7480,.T.);
#10588=ORIENTED_EDGE('',*,*,#7477,.T.);
#10589=ORIENTED_EDGE('',*,*,#7474,.T.);
#10590=ORIENTED_EDGE('',*,*,#7471,.T.);
#10591=ORIENTED_EDGE('',*,*,#7468,.T.);
#10592=ORIENTED_EDGE('',*,*,#7465,.T.);
#10593=ORIENTED_EDGE('',*,*,#7462,.T.);
#10594=ORIENTED_EDGE('',*,*,#7459,.T.);
#10595=ORIENTED_EDGE('',*,*,#7456,.T.);
#10596=ORIENTED_EDGE('',*,*,#7453,.T.);
#10597=ORIENTED_EDGE('',*,*,#7450,.T.);
#10598=ORIENTED_EDGE('',*,*,#7447,.T.);
#10599=ORIENTED_EDGE('',*,*,#7444,.T.);
#10600=ORIENTED_EDGE('',*,*,#7441,.T.);
#10601=ORIENTED_EDGE('',*,*,#7438,.T.);
#10602=ORIENTED_EDGE('',*,*,#7435,.T.);
#10603=ORIENTED_EDGE('',*,*,#7432,.T.);
#10604=ORIENTED_EDGE('',*,*,#7429,.T.);
#10605=ORIENTED_EDGE('',*,*,#7426,.T.);
#10606=ORIENTED_EDGE('',*,*,#7423,.T.);
#10607=ORIENTED_EDGE('',*,*,#7420,.T.);
#10608=ORIENTED_EDGE('',*,*,#7417,.T.);
#10609=ORIENTED_EDGE('',*,*,#7414,.T.);
#10610=ORIENTED_EDGE('',*,*,#7411,.T.);
#10611=ORIENTED_EDGE('',*,*,#7408,.T.);
#10612=ORIENTED_EDGE('',*,*,#7405,.T.);
#10613=ORIENTED_EDGE('',*,*,#7402,.T.);
#10614=ORIENTED_EDGE('',*,*,#7399,.T.);
#10615=ORIENTED_EDGE('',*,*,#7396,.T.);
#10616=ORIENTED_EDGE('',*,*,#7393,.T.);
#10617=ORIENTED_EDGE('',*,*,#7390,.T.);
#10618=ORIENTED_EDGE('',*,*,#7387,.T.);
#10619=ORIENTED_EDGE('',*,*,#7384,.T.);
#10620=ORIENTED_EDGE('',*,*,#7381,.T.);
#10621=ORIENTED_EDGE('',*,*,#7378,.T.);
#10622=ORIENTED_EDGE('',*,*,#7375,.T.);
#10623=ORIENTED_EDGE('',*,*,#7372,.T.);
#10624=ORIENTED_EDGE('',*,*,#7369,.T.);
#10625=ORIENTED_EDGE('',*,*,#7366,.T.);
#10626=ORIENTED_EDGE('',*,*,#7363,.T.);
#10627=ORIENTED_EDGE('',*,*,#7360,.T.);
#10628=ORIENTED_EDGE('',*,*,#7357,.T.);
#10629=ORIENTED_EDGE('',*,*,#7354,.T.);
#10630=ORIENTED_EDGE('',*,*,#7351,.T.);
#10631=ORIENTED_EDGE('',*,*,#7348,.T.);
#10632=ORIENTED_EDGE('',*,*,#7345,.T.);
#10633=ORIENTED_EDGE('',*,*,#7342,.T.);
#10634=ORIENTED_EDGE('',*,*,#7339,.T.);
#10635=ORIENTED_EDGE('',*,*,#7336,.T.);
#10636=ORIENTED_EDGE('',*,*,#7333,.T.);
#10637=ORIENTED_EDGE('',*,*,#7330,.T.);
#10638=ORIENTED_EDGE('',*,*,#7327,.T.);
#10639=ORIENTED_EDGE('',*,*,#7324,.T.);
#10640=ORIENTED_EDGE('',*,*,#7321,.T.);
#10641=ORIENTED_EDGE('',*,*,#7318,.T.);
#10642=ORIENTED_EDGE('',*,*,#7315,.T.);
#10643=ORIENTED_EDGE('',*,*,#7312,.T.);
#10644=ORIENTED_EDGE('',*,*,#7309,.T.);
#10645=ORIENTED_EDGE('',*,*,#7306,.T.);
#10646=ORIENTED_EDGE('',*,*,#7303,.T.);
#10647=ORIENTED_EDGE('',*,*,#7300,.T.);
#10648=ORIENTED_EDGE('',*,*,#7297,.T.);
#10649=ORIENTED_EDGE('',*,*,#7294,.T.);
#10650=ORIENTED_EDGE('',*,*,#7291,.T.);
#10651=ORIENTED_EDGE('',*,*,#7288,.T.);
#10652=ORIENTED_EDGE('',*,*,#7285,.T.);
#10653=ORIENTED_EDGE('',*,*,#7282,.T.);
#10654=ORIENTED_EDGE('',*,*,#7279,.T.);
#10655=ORIENTED_EDGE('',*,*,#7276,.T.);
#10656=ORIENTED_EDGE('',*,*,#7273,.T.);
#10657=ORIENTED_EDGE('',*,*,#7270,.T.);
#10658=ORIENTED_EDGE('',*,*,#7267,.T.);
#10659=ORIENTED_EDGE('',*,*,#7264,.T.);
#10660=ORIENTED_EDGE('',*,*,#7261,.T.);
#10661=ORIENTED_EDGE('',*,*,#7258,.T.);
#10662=ORIENTED_EDGE('',*,*,#7255,.T.);
#10663=ORIENTED_EDGE('',*,*,#7252,.T.);
#10664=ORIENTED_EDGE('',*,*,#7249,.T.);
#10665=ORIENTED_EDGE('',*,*,#7246,.T.);
#10666=ORIENTED_EDGE('',*,*,#7243,.T.);
#10667=ORIENTED_EDGE('',*,*,#7240,.T.);
#10668=ORIENTED_EDGE('',*,*,#7237,.T.);
#10669=ORIENTED_EDGE('',*,*,#7234,.T.);
#10670=ORIENTED_EDGE('',*,*,#7231,.T.);
#10671=ORIENTED_EDGE('',*,*,#7228,.T.);
#10672=ORIENTED_EDGE('',*,*,#7225,.T.);
#10673=ORIENTED_EDGE('',*,*,#7222,.T.);
#10674=ORIENTED_EDGE('',*,*,#7219,.T.);
#10675=ORIENTED_EDGE('',*,*,#7216,.T.);
#10676=ORIENTED_EDGE('',*,*,#7213,.T.);
#10677=ORIENTED_EDGE('',*,*,#7210,.T.);
#10678=ORIENTED_EDGE('',*,*,#7207,.T.);
#10679=ORIENTED_EDGE('',*,*,#7204,.T.);
#10680=ORIENTED_EDGE('',*,*,#7201,.T.);
#10681=ORIENTED_EDGE('',*,*,#7198,.T.);
#10682=ORIENTED_EDGE('',*,*,#7195,.T.);
#10683=ORIENTED_EDGE('',*,*,#7192,.T.);
#10684=ORIENTED_EDGE('',*,*,#7189,.T.);
#10685=ORIENTED_EDGE('',*,*,#7186,.T.);
#10686=ORIENTED_EDGE('',*,*,#7183,.T.);
#10687=ORIENTED_EDGE('',*,*,#7180,.T.);
#10688=ORIENTED_EDGE('',*,*,#7177,.T.);
#10689=ORIENTED_EDGE('',*,*,#7174,.T.);
#10690=ORIENTED_EDGE('',*,*,#7171,.T.);
#10691=ORIENTED_EDGE('',*,*,#7168,.T.);
#10692=ORIENTED_EDGE('',*,*,#7165,.T.);
#10693=ORIENTED_EDGE('',*,*,#7162,.T.);
#10694=ORIENTED_EDGE('',*,*,#7159,.T.);
#10695=ORIENTED_EDGE('',*,*,#7156,.T.);
#10696=ORIENTED_EDGE('',*,*,#7153,.T.);
#10697=ORIENTED_EDGE('',*,*,#7150,.T.);
#10698=ORIENTED_EDGE('',*,*,#7147,.T.);
#10699=ORIENTED_EDGE('',*,*,#7144,.T.);
#10700=ORIENTED_EDGE('',*,*,#7141,.T.);
#10701=ORIENTED_EDGE('',*,*,#7138,.T.);
#10702=ORIENTED_EDGE('',*,*,#7135,.T.);
#10703=ORIENTED_EDGE('',*,*,#7132,.T.);
#10704=ORIENTED_EDGE('',*,*,#7129,.T.);
#10705=ORIENTED_EDGE('',*,*,#7126,.T.);
#10706=ORIENTED_EDGE('',*,*,#7123,.T.);
#10707=ORIENTED_EDGE('',*,*,#7120,.T.);
#10708=ORIENTED_EDGE('',*,*,#7117,.T.);
#10709=ORIENTED_EDGE('',*,*,#7114,.T.);
#10710=ORIENTED_EDGE('',*,*,#7111,.T.);
#10711=ORIENTED_EDGE('',*,*,#7108,.T.);
#10712=ORIENTED_EDGE('',*,*,#7105,.T.);
#10713=ORIENTED_EDGE('',*,*,#7102,.T.);
#10714=ORIENTED_EDGE('',*,*,#7099,.T.);
#10715=ORIENTED_EDGE('',*,*,#7096,.T.);
#10716=ORIENTED_EDGE('',*,*,#7093,.T.);
#10717=ORIENTED_EDGE('',*,*,#7090,.T.);
#10718=ORIENTED_EDGE('',*,*,#7087,.T.);
#10719=ORIENTED_EDGE('',*,*,#7084,.T.);
#10720=ORIENTED_EDGE('',*,*,#7081,.T.);
#10721=ORIENTED_EDGE('',*,*,#7078,.T.);
#10722=ORIENTED_EDGE('',*,*,#7075,.T.);
#10723=ORIENTED_EDGE('',*,*,#7072,.T.);
#10724=ORIENTED_EDGE('',*,*,#7069,.T.);
#10725=ORIENTED_EDGE('',*,*,#7066,.T.);
#10726=ORIENTED_EDGE('',*,*,#7063,.T.);
#10727=ORIENTED_EDGE('',*,*,#7060,.T.);
#10728=ORIENTED_EDGE('',*,*,#7057,.T.);
#10729=ORIENTED_EDGE('',*,*,#7054,.T.);
#10730=ORIENTED_EDGE('',*,*,#7051,.T.);
#10731=ORIENTED_EDGE('',*,*,#7048,.T.);
#10732=ORIENTED_EDGE('',*,*,#7045,.T.);
#10733=ORIENTED_EDGE('',*,*,#7042,.T.);
#10734=ORIENTED_EDGE('',*,*,#7039,.T.);
#10735=ORIENTED_EDGE('',*,*,#7036,.T.);
#10736=ORIENTED_EDGE('',*,*,#7033,.T.);
#10737=ORIENTED_EDGE('',*,*,#7030,.T.);
#10738=ORIENTED_EDGE('',*,*,#7027,.T.);
#10739=ORIENTED_EDGE('',*,*,#7024,.T.);
#10740=ORIENTED_EDGE('',*,*,#7021,.T.);
#10741=ORIENTED_EDGE('',*,*,#7018,.T.);
#10742=ORIENTED_EDGE('',*,*,#7015,.T.);
#10743=ORIENTED_EDGE('',*,*,#7012,.T.);
#10744=ORIENTED_EDGE('',*,*,#7009,.T.);
#10745=ORIENTED_EDGE('',*,*,#7006,.T.);
#10746=ORIENTED_EDGE('',*,*,#7003,.T.);
#10747=ORIENTED_EDGE('',*,*,#7000,.T.);
#10748=ORIENTED_EDGE('',*,*,#6997,.T.);
#10749=ORIENTED_EDGE('',*,*,#6994,.T.);
#10750=ORIENTED_EDGE('',*,*,#6991,.T.);
#10751=ORIENTED_EDGE('',*,*,#6988,.T.);
#10752=ORIENTED_EDGE('',*,*,#6985,.T.);
#10753=ORIENTED_EDGE('',*,*,#6982,.T.);
#10754=ORIENTED_EDGE('',*,*,#6979,.T.);
#10755=ORIENTED_EDGE('',*,*,#6976,.T.);
#10756=ORIENTED_EDGE('',*,*,#6973,.T.);
#10757=ORIENTED_EDGE('',*,*,#6970,.T.);
#10758=ORIENTED_EDGE('',*,*,#6967,.T.);
#10759=ORIENTED_EDGE('',*,*,#6964,.T.);
#10760=ORIENTED_EDGE('',*,*,#6961,.T.);
#10761=ORIENTED_EDGE('',*,*,#6958,.T.);
#10762=ORIENTED_EDGE('',*,*,#6955,.T.);
#10763=ORIENTED_EDGE('',*,*,#6952,.T.);
#10764=ORIENTED_EDGE('',*,*,#6949,.T.);
#10765=ORIENTED_EDGE('',*,*,#6946,.T.);
#10766=ORIENTED_EDGE('',*,*,#6943,.T.);
#10767=ORIENTED_EDGE('',*,*,#6940,.T.);
#10768=ORIENTED_EDGE('',*,*,#6937,.T.);
#10769=ORIENTED_EDGE('',*,*,#6934,.T.);
#10770=ORIENTED_EDGE('',*,*,#6931,.T.);
#10771=ORIENTED_EDGE('',*,*,#6928,.T.);
#10772=ORIENTED_EDGE('',*,*,#6925,.T.);
#10773=ORIENTED_EDGE('',*,*,#6922,.T.);
#10774=ORIENTED_EDGE('',*,*,#6919,.T.);
#10775=ORIENTED_EDGE('',*,*,#6916,.T.);
#10776=ORIENTED_EDGE('',*,*,#6913,.T.);
#10777=ORIENTED_EDGE('',*,*,#6910,.T.);
#10778=ORIENTED_EDGE('',*,*,#6907,.T.);
#10779=ORIENTED_EDGE('',*,*,#6904,.T.);
#10780=ORIENTED_EDGE('',*,*,#6901,.T.);
#10781=ORIENTED_EDGE('',*,*,#6898,.T.);
#10782=ORIENTED_EDGE('',*,*,#6895,.T.);
#10783=ORIENTED_EDGE('',*,*,#6892,.T.);
#10784=ORIENTED_EDGE('',*,*,#6889,.T.);
#10785=ORIENTED_EDGE('',*,*,#6886,.T.);
#10786=ORIENTED_EDGE('',*,*,#6883,.T.);
#10787=ORIENTED_EDGE('',*,*,#6880,.T.);
#10788=ORIENTED_EDGE('',*,*,#6877,.T.);
#10789=ORIENTED_EDGE('',*,*,#6874,.T.);
#10790=ORIENTED_EDGE('',*,*,#6871,.T.);
#10791=ORIENTED_EDGE('',*,*,#6868,.T.);
#10792=ORIENTED_EDGE('',*,*,#6865,.T.);
#10793=ORIENTED_EDGE('',*,*,#6862,.T.);
#10794=ORIENTED_EDGE('',*,*,#6859,.T.);
#10795=ORIENTED_EDGE('',*,*,#6856,.T.);
#10796=ORIENTED_EDGE('',*,*,#6853,.T.);
#10797=ORIENTED_EDGE('',*,*,#6850,.T.);
#10798=ORIENTED_EDGE('',*,*,#6847,.T.);
#10799=ORIENTED_EDGE('',*,*,#6844,.T.);
#10800=ORIENTED_EDGE('',*,*,#6841,.T.);
#10801=ORIENTED_EDGE('',*,*,#6838,.T.);
#10802=ORIENTED_EDGE('',*,*,#6835,.T.);
#10803=ORIENTED_EDGE('',*,*,#6832,.T.);
#10804=ORIENTED_EDGE('',*,*,#6829,.T.);
#10805=ORIENTED_EDGE('',*,*,#6826,.T.);
#10806=ORIENTED_EDGE('',*,*,#6823,.T.);
#10807=ORIENTED_EDGE('',*,*,#6820,.T.);
#10808=ORIENTED_EDGE('',*,*,#6817,.T.);
#10809=ORIENTED_EDGE('',*,*,#6814,.T.);
#10810=ORIENTED_EDGE('',*,*,#6811,.T.);
#10811=ORIENTED_EDGE('',*,*,#6808,.T.);
#10812=ORIENTED_EDGE('',*,*,#6805,.T.);
#10813=ORIENTED_EDGE('',*,*,#7659,.F.);
#10814=ORIENTED_EDGE('',*,*,#7643,.T.);
#10815=ORIENTED_EDGE('',*,*,#7647,.T.);
#10816=ORIENTED_EDGE('',*,*,#7650,.F.);
#10817=ORIENTED_EDGE('',*,*,#7653,.T.);
#10818=ORIENTED_EDGE('',*,*,#7656,.F.);
#10819=ORIENTED_EDGE('',*,*,#7641,.F.);
#10820=ORIENTED_EDGE('',*,*,#7619,.F.);
#10821=ORIENTED_EDGE('',*,*,#7623,.F.);
#10822=ORIENTED_EDGE('',*,*,#7626,.F.);
#10823=ORIENTED_EDGE('',*,*,#7629,.F.);
#10824=ORIENTED_EDGE('',*,*,#7632,.F.);
#10825=ORIENTED_EDGE('',*,*,#7635,.F.);
#10826=ORIENTED_EDGE('',*,*,#7638,.F.);
#10827=ORIENTED_EDGE('',*,*,#7617,.F.);
#10828=ORIENTED_EDGE('',*,*,#7595,.F.);
#10829=ORIENTED_EDGE('',*,*,#7599,.F.);
#10830=ORIENTED_EDGE('',*,*,#7602,.F.);
#10831=ORIENTED_EDGE('',*,*,#7605,.F.);
#10832=ORIENTED_EDGE('',*,*,#7608,.F.);
#10833=ORIENTED_EDGE('',*,*,#7611,.F.);
#10834=ORIENTED_EDGE('',*,*,#7614,.F.);
#10835=ORIENTED_EDGE('',*,*,#7593,.F.);
#10836=ORIENTED_EDGE('',*,*,#7571,.F.);
#10837=ORIENTED_EDGE('',*,*,#7575,.F.);
#10838=ORIENTED_EDGE('',*,*,#7578,.F.);
#10839=ORIENTED_EDGE('',*,*,#7581,.F.);
#10840=ORIENTED_EDGE('',*,*,#7584,.F.);
#10841=ORIENTED_EDGE('',*,*,#7587,.F.);
#10842=ORIENTED_EDGE('',*,*,#7590,.F.);
#10843=ORIENTED_EDGE('',*,*,#7569,.F.);
#10844=ORIENTED_EDGE('',*,*,#7547,.F.);
#10845=ORIENTED_EDGE('',*,*,#7551,.F.);
#10846=ORIENTED_EDGE('',*,*,#7554,.F.);
#10847=ORIENTED_EDGE('',*,*,#7557,.F.);
#10848=ORIENTED_EDGE('',*,*,#7560,.F.);
#10849=ORIENTED_EDGE('',*,*,#7563,.F.);
#10850=ORIENTED_EDGE('',*,*,#7566,.F.);
#10851=ORIENTED_EDGE('',*,*,#7545,.F.);
#10852=ORIENTED_EDGE('',*,*,#7523,.F.);
#10853=ORIENTED_EDGE('',*,*,#7527,.F.);
#10854=ORIENTED_EDGE('',*,*,#7530,.F.);
#10855=ORIENTED_EDGE('',*,*,#7533,.F.);
#10856=ORIENTED_EDGE('',*,*,#7536,.F.);
#10857=ORIENTED_EDGE('',*,*,#7539,.F.);
#10858=ORIENTED_EDGE('',*,*,#7542,.F.);
#10859=ORIENTED_EDGE('',*,*,#7521,.F.);
#10860=ORIENTED_EDGE('',*,*,#7499,.F.);
#10861=ORIENTED_EDGE('',*,*,#7503,.F.);
#10862=ORIENTED_EDGE('',*,*,#7506,.F.);
#10863=ORIENTED_EDGE('',*,*,#7509,.F.);
#10864=ORIENTED_EDGE('',*,*,#7512,.F.);
#10865=ORIENTED_EDGE('',*,*,#7515,.F.);
#10866=ORIENTED_EDGE('',*,*,#7518,.F.);
#10867=ORIENTED_EDGE('',*,*,#7497,.F.);
#10868=ORIENTED_EDGE('',*,*,#7475,.F.);
#10869=ORIENTED_EDGE('',*,*,#7479,.F.);
#10870=ORIENTED_EDGE('',*,*,#7482,.F.);
#10871=ORIENTED_EDGE('',*,*,#7485,.F.);
#10872=ORIENTED_EDGE('',*,*,#7488,.F.);
#10873=ORIENTED_EDGE('',*,*,#7491,.F.);
#10874=ORIENTED_EDGE('',*,*,#7494,.F.);
#10875=ORIENTED_EDGE('',*,*,#7473,.F.);
#10876=ORIENTED_EDGE('',*,*,#7451,.F.);
#10877=ORIENTED_EDGE('',*,*,#7455,.F.);
#10878=ORIENTED_EDGE('',*,*,#7458,.F.);
#10879=ORIENTED_EDGE('',*,*,#7461,.F.);
#10880=ORIENTED_EDGE('',*,*,#7464,.F.);
#10881=ORIENTED_EDGE('',*,*,#7467,.F.);
#10882=ORIENTED_EDGE('',*,*,#7470,.F.);
#10883=ORIENTED_EDGE('',*,*,#7449,.F.);
#10884=ORIENTED_EDGE('',*,*,#7427,.F.);
#10885=ORIENTED_EDGE('',*,*,#7431,.F.);
#10886=ORIENTED_EDGE('',*,*,#7434,.F.);
#10887=ORIENTED_EDGE('',*,*,#7437,.F.);
#10888=ORIENTED_EDGE('',*,*,#7440,.F.);
#10889=ORIENTED_EDGE('',*,*,#7443,.F.);
#10890=ORIENTED_EDGE('',*,*,#7446,.F.);
#10891=ORIENTED_EDGE('',*,*,#7425,.F.);
#10892=ORIENTED_EDGE('',*,*,#7403,.F.);
#10893=ORIENTED_EDGE('',*,*,#7407,.F.);
#10894=ORIENTED_EDGE('',*,*,#7410,.F.);
#10895=ORIENTED_EDGE('',*,*,#7413,.F.);
#10896=ORIENTED_EDGE('',*,*,#7416,.F.);
#10897=ORIENTED_EDGE('',*,*,#7419,.F.);
#10898=ORIENTED_EDGE('',*,*,#7422,.F.);
#10899=ORIENTED_EDGE('',*,*,#7401,.F.);
#10900=ORIENTED_EDGE('',*,*,#7379,.F.);
#10901=ORIENTED_EDGE('',*,*,#7383,.F.);
#10902=ORIENTED_EDGE('',*,*,#7386,.F.);
#10903=ORIENTED_EDGE('',*,*,#7389,.F.);
#10904=ORIENTED_EDGE('',*,*,#7392,.F.);
#10905=ORIENTED_EDGE('',*,*,#7395,.F.);
#10906=ORIENTED_EDGE('',*,*,#7398,.F.);
#10907=ORIENTED_EDGE('',*,*,#7377,.F.);
#10908=ORIENTED_EDGE('',*,*,#7355,.F.);
#10909=ORIENTED_EDGE('',*,*,#7359,.F.);
#10910=ORIENTED_EDGE('',*,*,#7362,.F.);
#10911=ORIENTED_EDGE('',*,*,#7365,.F.);
#10912=ORIENTED_EDGE('',*,*,#7368,.F.);
#10913=ORIENTED_EDGE('',*,*,#7371,.F.);
#10914=ORIENTED_EDGE('',*,*,#7374,.F.);
#10915=ORIENTED_EDGE('',*,*,#7353,.F.);
#10916=ORIENTED_EDGE('',*,*,#7331,.F.);
#10917=ORIENTED_EDGE('',*,*,#7335,.F.);
#10918=ORIENTED_EDGE('',*,*,#7338,.F.);
#10919=ORIENTED_EDGE('',*,*,#7341,.F.);
#10920=ORIENTED_EDGE('',*,*,#7344,.F.);
#10921=ORIENTED_EDGE('',*,*,#7347,.F.);
#10922=ORIENTED_EDGE('',*,*,#7350,.F.);
#10923=ORIENTED_EDGE('',*,*,#7329,.F.);
#10924=ORIENTED_EDGE('',*,*,#7307,.F.);
#10925=ORIENTED_EDGE('',*,*,#7311,.F.);
#10926=ORIENTED_EDGE('',*,*,#7314,.F.);
#10927=ORIENTED_EDGE('',*,*,#7317,.F.);
#10928=ORIENTED_EDGE('',*,*,#7320,.F.);
#10929=ORIENTED_EDGE('',*,*,#7323,.F.);
#10930=ORIENTED_EDGE('',*,*,#7326,.F.);
#10931=ORIENTED_EDGE('',*,*,#7305,.F.);
#10932=ORIENTED_EDGE('',*,*,#7283,.F.);
#10933=ORIENTED_EDGE('',*,*,#7287,.F.);
#10934=ORIENTED_EDGE('',*,*,#7290,.F.);
#10935=ORIENTED_EDGE('',*,*,#7293,.F.);
#10936=ORIENTED_EDGE('',*,*,#7296,.F.);
#10937=ORIENTED_EDGE('',*,*,#7299,.F.);
#10938=ORIENTED_EDGE('',*,*,#7302,.F.);
#10939=ORIENTED_EDGE('',*,*,#7281,.F.);
#10940=ORIENTED_EDGE('',*,*,#7259,.F.);
#10941=ORIENTED_EDGE('',*,*,#7263,.F.);
#10942=ORIENTED_EDGE('',*,*,#7266,.F.);
#10943=ORIENTED_EDGE('',*,*,#7269,.F.);
#10944=ORIENTED_EDGE('',*,*,#7272,.F.);
#10945=ORIENTED_EDGE('',*,*,#7275,.F.);
#10946=ORIENTED_EDGE('',*,*,#7278,.F.);
#10947=ORIENTED_EDGE('',*,*,#7257,.F.);
#10948=ORIENTED_EDGE('',*,*,#7235,.F.);
#10949=ORIENTED_EDGE('',*,*,#7239,.F.);
#10950=ORIENTED_EDGE('',*,*,#7242,.F.);
#10951=ORIENTED_EDGE('',*,*,#7245,.F.);
#10952=ORIENTED_EDGE('',*,*,#7248,.F.);
#10953=ORIENTED_EDGE('',*,*,#7251,.F.);
#10954=ORIENTED_EDGE('',*,*,#7254,.F.);
#10955=ORIENTED_EDGE('',*,*,#7233,.F.);
#10956=ORIENTED_EDGE('',*,*,#7211,.F.);
#10957=ORIENTED_EDGE('',*,*,#7215,.F.);
#10958=ORIENTED_EDGE('',*,*,#7218,.F.);
#10959=ORIENTED_EDGE('',*,*,#7221,.F.);
#10960=ORIENTED_EDGE('',*,*,#7224,.F.);
#10961=ORIENTED_EDGE('',*,*,#7227,.F.);
#10962=ORIENTED_EDGE('',*,*,#7230,.F.);
#10963=ORIENTED_EDGE('',*,*,#7209,.F.);
#10964=ORIENTED_EDGE('',*,*,#7187,.F.);
#10965=ORIENTED_EDGE('',*,*,#7191,.F.);
#10966=ORIENTED_EDGE('',*,*,#7194,.F.);
#10967=ORIENTED_EDGE('',*,*,#7197,.F.);
#10968=ORIENTED_EDGE('',*,*,#7200,.F.);
#10969=ORIENTED_EDGE('',*,*,#7203,.F.);
#10970=ORIENTED_EDGE('',*,*,#7206,.F.);
#10971=ORIENTED_EDGE('',*,*,#7185,.F.);
#10972=ORIENTED_EDGE('',*,*,#7163,.F.);
#10973=ORIENTED_EDGE('',*,*,#7167,.F.);
#10974=ORIENTED_EDGE('',*,*,#7170,.F.);
#10975=ORIENTED_EDGE('',*,*,#7173,.F.);
#10976=ORIENTED_EDGE('',*,*,#7176,.F.);
#10977=ORIENTED_EDGE('',*,*,#7179,.F.);
#10978=ORIENTED_EDGE('',*,*,#7182,.F.);
#10979=ORIENTED_EDGE('',*,*,#7161,.F.);
#10980=ORIENTED_EDGE('',*,*,#7139,.F.);
#10981=ORIENTED_EDGE('',*,*,#7143,.F.);
#10982=ORIENTED_EDGE('',*,*,#7146,.F.);
#10983=ORIENTED_EDGE('',*,*,#7149,.F.);
#10984=ORIENTED_EDGE('',*,*,#7152,.F.);
#10985=ORIENTED_EDGE('',*,*,#7155,.F.);
#10986=ORIENTED_EDGE('',*,*,#7158,.F.);
#10987=ORIENTED_EDGE('',*,*,#7137,.F.);
#10988=ORIENTED_EDGE('',*,*,#7115,.F.);
#10989=ORIENTED_EDGE('',*,*,#7119,.F.);
#10990=ORIENTED_EDGE('',*,*,#7122,.F.);
#10991=ORIENTED_EDGE('',*,*,#7125,.F.);
#10992=ORIENTED_EDGE('',*,*,#7128,.F.);
#10993=ORIENTED_EDGE('',*,*,#7131,.F.);
#10994=ORIENTED_EDGE('',*,*,#7134,.F.);
#10995=ORIENTED_EDGE('',*,*,#7113,.F.);
#10996=ORIENTED_EDGE('',*,*,#7091,.F.);
#10997=ORIENTED_EDGE('',*,*,#7095,.F.);
#10998=ORIENTED_EDGE('',*,*,#7098,.F.);
#10999=ORIENTED_EDGE('',*,*,#7101,.F.);
#11000=ORIENTED_EDGE('',*,*,#7104,.F.);
#11001=ORIENTED_EDGE('',*,*,#7107,.F.);
#11002=ORIENTED_EDGE('',*,*,#7110,.F.);
#11003=ORIENTED_EDGE('',*,*,#7089,.F.);
#11004=ORIENTED_EDGE('',*,*,#7067,.F.);
#11005=ORIENTED_EDGE('',*,*,#7071,.F.);
#11006=ORIENTED_EDGE('',*,*,#7074,.F.);
#11007=ORIENTED_EDGE('',*,*,#7077,.F.);
#11008=ORIENTED_EDGE('',*,*,#7080,.F.);
#11009=ORIENTED_EDGE('',*,*,#7083,.F.);
#11010=ORIENTED_EDGE('',*,*,#7086,.F.);
#11011=ORIENTED_EDGE('',*,*,#7065,.F.);
#11012=ORIENTED_EDGE('',*,*,#7043,.F.);
#11013=ORIENTED_EDGE('',*,*,#7047,.F.);
#11014=ORIENTED_EDGE('',*,*,#7050,.F.);
#11015=ORIENTED_EDGE('',*,*,#7053,.F.);
#11016=ORIENTED_EDGE('',*,*,#7056,.F.);
#11017=ORIENTED_EDGE('',*,*,#7059,.F.);
#11018=ORIENTED_EDGE('',*,*,#7062,.F.);
#11019=ORIENTED_EDGE('',*,*,#7041,.F.);
#11020=ORIENTED_EDGE('',*,*,#7019,.F.);
#11021=ORIENTED_EDGE('',*,*,#7023,.F.);
#11022=ORIENTED_EDGE('',*,*,#7026,.F.);
#11023=ORIENTED_EDGE('',*,*,#7029,.F.);
#11024=ORIENTED_EDGE('',*,*,#7032,.F.);
#11025=ORIENTED_EDGE('',*,*,#7035,.F.);
#11026=ORIENTED_EDGE('',*,*,#7038,.F.);
#11027=ORIENTED_EDGE('',*,*,#7017,.F.);
#11028=ORIENTED_EDGE('',*,*,#6995,.F.);
#11029=ORIENTED_EDGE('',*,*,#6999,.F.);
#11030=ORIENTED_EDGE('',*,*,#7002,.F.);
#11031=ORIENTED_EDGE('',*,*,#7005,.F.);
#11032=ORIENTED_EDGE('',*,*,#7008,.F.);
#11033=ORIENTED_EDGE('',*,*,#7011,.F.);
#11034=ORIENTED_EDGE('',*,*,#7014,.F.);
#11035=ORIENTED_EDGE('',*,*,#6993,.F.);
#11036=ORIENTED_EDGE('',*,*,#6971,.F.);
#11037=ORIENTED_EDGE('',*,*,#6975,.F.);
#11038=ORIENTED_EDGE('',*,*,#6978,.F.);
#11039=ORIENTED_EDGE('',*,*,#6981,.F.);
#11040=ORIENTED_EDGE('',*,*,#6984,.F.);
#11041=ORIENTED_EDGE('',*,*,#6987,.F.);
#11042=ORIENTED_EDGE('',*,*,#6990,.F.);
#11043=ORIENTED_EDGE('',*,*,#6969,.F.);
#11044=ORIENTED_EDGE('',*,*,#6947,.F.);
#11045=ORIENTED_EDGE('',*,*,#6951,.F.);
#11046=ORIENTED_EDGE('',*,*,#6954,.F.);
#11047=ORIENTED_EDGE('',*,*,#6957,.F.);
#11048=ORIENTED_EDGE('',*,*,#6960,.F.);
#11049=ORIENTED_EDGE('',*,*,#6963,.F.);
#11050=ORIENTED_EDGE('',*,*,#6966,.F.);
#11051=ORIENTED_EDGE('',*,*,#6945,.F.);
#11052=ORIENTED_EDGE('',*,*,#6923,.F.);
#11053=ORIENTED_EDGE('',*,*,#6927,.F.);
#11054=ORIENTED_EDGE('',*,*,#6930,.F.);
#11055=ORIENTED_EDGE('',*,*,#6933,.F.);
#11056=ORIENTED_EDGE('',*,*,#6936,.F.);
#11057=ORIENTED_EDGE('',*,*,#6939,.F.);
#11058=ORIENTED_EDGE('',*,*,#6942,.F.);
#11059=ORIENTED_EDGE('',*,*,#6921,.F.);
#11060=ORIENTED_EDGE('',*,*,#6899,.F.);
#11061=ORIENTED_EDGE('',*,*,#6903,.F.);
#11062=ORIENTED_EDGE('',*,*,#6906,.F.);
#11063=ORIENTED_EDGE('',*,*,#6909,.F.);
#11064=ORIENTED_EDGE('',*,*,#6912,.F.);
#11065=ORIENTED_EDGE('',*,*,#6915,.F.);
#11066=ORIENTED_EDGE('',*,*,#6918,.F.);
#11067=ORIENTED_EDGE('',*,*,#6897,.F.);
#11068=ORIENTED_EDGE('',*,*,#6875,.F.);
#11069=ORIENTED_EDGE('',*,*,#6879,.F.);
#11070=ORIENTED_EDGE('',*,*,#6882,.F.);
#11071=ORIENTED_EDGE('',*,*,#6885,.F.);
#11072=ORIENTED_EDGE('',*,*,#6888,.F.);
#11073=ORIENTED_EDGE('',*,*,#6891,.F.);
#11074=ORIENTED_EDGE('',*,*,#6894,.F.);
#11075=ORIENTED_EDGE('',*,*,#6873,.F.);
#11076=ORIENTED_EDGE('',*,*,#6851,.F.);
#11077=ORIENTED_EDGE('',*,*,#6855,.F.);
#11078=ORIENTED_EDGE('',*,*,#6858,.F.);
#11079=ORIENTED_EDGE('',*,*,#6861,.F.);
#11080=ORIENTED_EDGE('',*,*,#6864,.F.);
#11081=ORIENTED_EDGE('',*,*,#6867,.F.);
#11082=ORIENTED_EDGE('',*,*,#6870,.F.);
#11083=ORIENTED_EDGE('',*,*,#6849,.F.);
#11084=ORIENTED_EDGE('',*,*,#6827,.F.);
#11085=ORIENTED_EDGE('',*,*,#6831,.F.);
#11086=ORIENTED_EDGE('',*,*,#6834,.F.);
#11087=ORIENTED_EDGE('',*,*,#6837,.F.);
#11088=ORIENTED_EDGE('',*,*,#6840,.F.);
#11089=ORIENTED_EDGE('',*,*,#6843,.F.);
#11090=ORIENTED_EDGE('',*,*,#6846,.F.);
#11091=ORIENTED_EDGE('',*,*,#6825,.F.);
#11092=ORIENTED_EDGE('',*,*,#6803,.F.);
#11093=ORIENTED_EDGE('',*,*,#6807,.F.);
#11094=ORIENTED_EDGE('',*,*,#6810,.F.);
#11095=ORIENTED_EDGE('',*,*,#6813,.F.);
#11096=ORIENTED_EDGE('',*,*,#6816,.F.);
#11097=ORIENTED_EDGE('',*,*,#6819,.F.);
#11098=ORIENTED_EDGE('',*,*,#6822,.F.);
#11099=ORIENTED_EDGE('',*,*,#7661,.F.);
#11100=ORIENTED_EDGE('',*,*,#7662,.F.);
#11101=ORIENTED_EDGE('',*,*,#7663,.F.);
#11102=ORIENTED_EDGE('',*,*,#7664,.F.);
#11103=ORIENTED_EDGE('',*,*,#7665,.F.);
#11104=ORIENTED_EDGE('',*,*,#7666,.F.);
#11105=ORIENTED_EDGE('',*,*,#7667,.T.);
#11106=ORIENTED_EDGE('',*,*,#7668,.T.);
#11107=ORIENTED_EDGE('',*,*,#7669,.T.);
#11108=ORIENTED_EDGE('',*,*,#7670,.T.);
#11109=ORIENTED_EDGE('',*,*,#7671,.T.);
#11110=ORIENTED_EDGE('',*,*,#7672,.T.);
#11111=ORIENTED_EDGE('',*,*,#7673,.T.);
#11112=ORIENTED_EDGE('',*,*,#7674,.F.);
#11113=ORIENTED_EDGE('',*,*,#7675,.T.);
#11114=ORIENTED_EDGE('',*,*,#7676,.F.);
#11115=ORIENTED_EDGE('',*,*,#7673,.F.);
#11116=ORIENTED_EDGE('',*,*,#7677,.F.);
#11117=ORIENTED_EDGE('',*,*,#7675,.F.);
#11118=ORIENTED_EDGE('',*,*,#7678,.F.);
#11119=ORIENTED_EDGE('',*,*,#7679,.F.);
#11120=ORIENTED_EDGE('',*,*,#7680,.T.);
#11121=ORIENTED_EDGE('',*,*,#7665,.T.);
#11122=ORIENTED_EDGE('',*,*,#7681,.F.);
#11123=ORIENTED_EDGE('',*,*,#7682,.T.);
#11124=ORIENTED_EDGE('',*,*,#7683,.F.);
#11125=ORIENTED_EDGE('',*,*,#7684,.T.);
#11126=ORIENTED_EDGE('',*,*,#7667,.F.);
#11127=ORIENTED_EDGE('',*,*,#7685,.F.);
#11128=ORIENTED_EDGE('',*,*,#7686,.F.);
#11129=ORIENTED_EDGE('',*,*,#7687,.T.);
#11130=ORIENTED_EDGE('',*,*,#7661,.T.);
#11131=ORIENTED_EDGE('',*,*,#7680,.F.);
#11132=ORIENTED_EDGE('',*,*,#7688,.F.);
#11133=ORIENTED_EDGE('',*,*,#7685,.T.);
#11134=ORIENTED_EDGE('',*,*,#7666,.T.);
#11135=ORIENTED_EDGE('',*,*,#7674,.T.);
#11136=ORIENTED_EDGE('',*,*,#7681,.T.);
#11137=ORIENTED_EDGE('',*,*,#7664,.T.);
#11138=ORIENTED_EDGE('',*,*,#7689,.F.);
#11139=ORIENTED_EDGE('',*,*,#7690,.F.);
#11140=ORIENTED_EDGE('',*,*,#7678,.T.);
#11141=ORIENTED_EDGE('',*,*,#7691,.T.);
#11142=ORIENTED_EDGE('',*,*,#7692,.F.);
#11143=ORIENTED_EDGE('',*,*,#7693,.F.);
#11144=ORIENTED_EDGE('',*,*,#7669,.F.);
#11145=ORIENTED_EDGE('',*,*,#7684,.F.);
#11146=ORIENTED_EDGE('',*,*,#7694,.F.);
#11147=ORIENTED_EDGE('',*,*,#7691,.F.);
#11148=ORIENTED_EDGE('',*,*,#7668,.F.);
#11149=ORIENTED_EDGE('',*,*,#7695,.F.);
#11150=ORIENTED_EDGE('',*,*,#7696,.F.);
#11151=ORIENTED_EDGE('',*,*,#7697,.F.);
#11152=ORIENTED_EDGE('',*,*,#7698,.F.);
#11153=ORIENTED_EDGE('',*,*,#7699,.F.);
#11154=ORIENTED_EDGE('',*,*,#7700,.F.);
#11155=ORIENTED_EDGE('',*,*,#7701,.T.);
#11156=ORIENTED_EDGE('',*,*,#7686,.T.);
#11157=ORIENTED_EDGE('',*,*,#7688,.T.);
#11158=ORIENTED_EDGE('',*,*,#7679,.T.);
#11159=ORIENTED_EDGE('',*,*,#7690,.T.);
#11160=ORIENTED_EDGE('',*,*,#7702,.T.);
#11161=ORIENTED_EDGE('',*,*,#7703,.F.);
#11162=ORIENTED_EDGE('',*,*,#7702,.F.);
#11163=ORIENTED_EDGE('',*,*,#7689,.T.);
#11164=ORIENTED_EDGE('',*,*,#7663,.T.);
#11165=ORIENTED_EDGE('',*,*,#7687,.F.);
#11166=ORIENTED_EDGE('',*,*,#7701,.F.);
#11167=ORIENTED_EDGE('',*,*,#7703,.T.);
#11168=ORIENTED_EDGE('',*,*,#7662,.T.);
#11169=ORIENTED_EDGE('',*,*,#7695,.T.);
#11170=ORIENTED_EDGE('',*,*,#7704,.T.);
#11171=ORIENTED_EDGE('',*,*,#7705,.F.);
#11172=ORIENTED_EDGE('',*,*,#7706,.F.);
#11173=ORIENTED_EDGE('',*,*,#7696,.T.);
#11174=ORIENTED_EDGE('',*,*,#7706,.T.);
#11175=ORIENTED_EDGE('',*,*,#7707,.F.);
#11176=ORIENTED_EDGE('',*,*,#7708,.F.);
#11177=ORIENTED_EDGE('',*,*,#7697,.T.);
#11178=ORIENTED_EDGE('',*,*,#7708,.T.);
#11179=ORIENTED_EDGE('',*,*,#7709,.F.);
#11180=ORIENTED_EDGE('',*,*,#7710,.F.);
#11181=ORIENTED_EDGE('',*,*,#7698,.T.);
#11182=ORIENTED_EDGE('',*,*,#7710,.T.);
#11183=ORIENTED_EDGE('',*,*,#7711,.F.);
#11184=ORIENTED_EDGE('',*,*,#7712,.F.);
#11185=ORIENTED_EDGE('',*,*,#7699,.T.);
#11186=ORIENTED_EDGE('',*,*,#7712,.T.);
#11187=ORIENTED_EDGE('',*,*,#7713,.F.);
#11188=ORIENTED_EDGE('',*,*,#7714,.F.);
#11189=ORIENTED_EDGE('',*,*,#7700,.T.);
#11190=ORIENTED_EDGE('',*,*,#7714,.T.);
#11191=ORIENTED_EDGE('',*,*,#7715,.F.);
#11192=ORIENTED_EDGE('',*,*,#7704,.F.);
#11193=ORIENTED_EDGE('',*,*,#7693,.T.);
#11194=ORIENTED_EDGE('',*,*,#7716,.F.);
#11195=ORIENTED_EDGE('',*,*,#7717,.F.);
#11196=ORIENTED_EDGE('',*,*,#7670,.F.);
#11197=ORIENTED_EDGE('',*,*,#7717,.T.);
#11198=ORIENTED_EDGE('',*,*,#7718,.F.);
#11199=ORIENTED_EDGE('',*,*,#7719,.F.);
#11200=ORIENTED_EDGE('',*,*,#7671,.F.);
#11201=ORIENTED_EDGE('',*,*,#7676,.T.);
#11202=ORIENTED_EDGE('',*,*,#7677,.T.);
#11203=ORIENTED_EDGE('',*,*,#7719,.T.);
#11204=ORIENTED_EDGE('',*,*,#7720,.F.);
#11205=ORIENTED_EDGE('',*,*,#7682,.F.);
#11206=ORIENTED_EDGE('',*,*,#7672,.F.);
#11207=ORIENTED_EDGE('',*,*,#7683,.T.);
#11208=ORIENTED_EDGE('',*,*,#7720,.T.);
#11209=ORIENTED_EDGE('',*,*,#7718,.T.);
#11210=ORIENTED_EDGE('',*,*,#7716,.T.);
#11211=ORIENTED_EDGE('',*,*,#7692,.T.);
#11212=ORIENTED_EDGE('',*,*,#7694,.T.);
#11213=ORIENTED_EDGE('',*,*,#7715,.T.);
#11214=ORIENTED_EDGE('',*,*,#7713,.T.);
#11215=ORIENTED_EDGE('',*,*,#7711,.T.);
#11216=ORIENTED_EDGE('',*,*,#7709,.T.);
#11217=ORIENTED_EDGE('',*,*,#7707,.T.);
#11218=ORIENTED_EDGE('',*,*,#7705,.T.);
#11219=ORIENTED_EDGE('',*,*,#7721,.F.);
#11220=ORIENTED_EDGE('',*,*,#7722,.F.);
#11221=ORIENTED_EDGE('',*,*,#7723,.F.);
#11222=ORIENTED_EDGE('',*,*,#7724,.F.);
#11223=ORIENTED_EDGE('',*,*,#7725,.F.);
#11224=ORIENTED_EDGE('',*,*,#7726,.F.);
#11225=ORIENTED_EDGE('',*,*,#7727,.F.);
#11226=ORIENTED_EDGE('',*,*,#7728,.F.);
#11227=ORIENTED_EDGE('',*,*,#7729,.T.);
#11228=ORIENTED_EDGE('',*,*,#7730,.T.);
#11229=ORIENTED_EDGE('',*,*,#7731,.T.);
#11230=ORIENTED_EDGE('',*,*,#7732,.T.);
#11231=ORIENTED_EDGE('',*,*,#7733,.T.);
#11232=ORIENTED_EDGE('',*,*,#7734,.T.);
#11233=ORIENTED_EDGE('',*,*,#7735,.T.);
#11234=ORIENTED_EDGE('',*,*,#7736,.T.);
#11235=ORIENTED_EDGE('',*,*,#7737,.T.);
#11236=ORIENTED_EDGE('',*,*,#7738,.F.);
#11237=ORIENTED_EDGE('',*,*,#7739,.T.);
#11238=ORIENTED_EDGE('',*,*,#7740,.F.);
#11239=ORIENTED_EDGE('',*,*,#7737,.F.);
#11240=ORIENTED_EDGE('',*,*,#7741,.F.);
#11241=ORIENTED_EDGE('',*,*,#7739,.F.);
#11242=ORIENTED_EDGE('',*,*,#7742,.T.);
#11243=ORIENTED_EDGE('',*,*,#7722,.T.);
#11244=ORIENTED_EDGE('',*,*,#7743,.F.);
#11245=ORIENTED_EDGE('',*,*,#7744,.F.);
#11246=ORIENTED_EDGE('',*,*,#7745,.T.);
#11247=ORIENTED_EDGE('',*,*,#7738,.T.);
#11248=ORIENTED_EDGE('',*,*,#7745,.F.);
#11249=ORIENTED_EDGE('',*,*,#7746,.F.);
#11250=ORIENTED_EDGE('',*,*,#7747,.T.);
#11251=ORIENTED_EDGE('',*,*,#7723,.T.);
#11252=ORIENTED_EDGE('',*,*,#7742,.F.);
#11253=ORIENTED_EDGE('',*,*,#7747,.F.);
#11254=ORIENTED_EDGE('',*,*,#7748,.F.);
#11255=ORIENTED_EDGE('',*,*,#7749,.T.);
#11256=ORIENTED_EDGE('',*,*,#7724,.T.);
#11257=ORIENTED_EDGE('',*,*,#7749,.F.);
#11258=ORIENTED_EDGE('',*,*,#7750,.F.);
#11259=ORIENTED_EDGE('',*,*,#7751,.T.);
#11260=ORIENTED_EDGE('',*,*,#7725,.T.);
#11261=ORIENTED_EDGE('',*,*,#7751,.F.);
#11262=ORIENTED_EDGE('',*,*,#7752,.F.);
#11263=ORIENTED_EDGE('',*,*,#7753,.T.);
#11264=ORIENTED_EDGE('',*,*,#7726,.T.);
#11265=ORIENTED_EDGE('',*,*,#7753,.F.);
#11266=ORIENTED_EDGE('',*,*,#7754,.F.);
#11267=ORIENTED_EDGE('',*,*,#7755,.T.);
#11268=ORIENTED_EDGE('',*,*,#7727,.T.);
#11269=ORIENTED_EDGE('',*,*,#7755,.F.);
#11270=ORIENTED_EDGE('',*,*,#7756,.F.);
#11271=ORIENTED_EDGE('',*,*,#7757,.T.);
#11272=ORIENTED_EDGE('',*,*,#7728,.T.);
#11273=ORIENTED_EDGE('',*,*,#7757,.F.);
#11274=ORIENTED_EDGE('',*,*,#7758,.F.);
#11275=ORIENTED_EDGE('',*,*,#7743,.T.);
#11276=ORIENTED_EDGE('',*,*,#7721,.T.);
#11277=ORIENTED_EDGE('',*,*,#7759,.T.);
#11278=ORIENTED_EDGE('',*,*,#7760,.T.);
#11279=ORIENTED_EDGE('',*,*,#7761,.T.);
#11280=ORIENTED_EDGE('',*,*,#7762,.T.);
#11281=ORIENTED_EDGE('',*,*,#7763,.T.);
#11282=ORIENTED_EDGE('',*,*,#7764,.T.);
#11283=ORIENTED_EDGE('',*,*,#7765,.T.);
#11284=ORIENTED_EDGE('',*,*,#7766,.T.);
#11285=ORIENTED_EDGE('',*,*,#7746,.T.);
#11286=ORIENTED_EDGE('',*,*,#7744,.T.);
#11287=ORIENTED_EDGE('',*,*,#7758,.T.);
#11288=ORIENTED_EDGE('',*,*,#7756,.T.);
#11289=ORIENTED_EDGE('',*,*,#7754,.T.);
#11290=ORIENTED_EDGE('',*,*,#7752,.T.);
#11291=ORIENTED_EDGE('',*,*,#7750,.T.);
#11292=ORIENTED_EDGE('',*,*,#7748,.T.);
#11293=ORIENTED_EDGE('',*,*,#7767,.F.);
#11294=ORIENTED_EDGE('',*,*,#7768,.F.);
#11295=ORIENTED_EDGE('',*,*,#7769,.F.);
#11296=ORIENTED_EDGE('',*,*,#7734,.F.);
#11297=ORIENTED_EDGE('',*,*,#7740,.T.);
#11298=ORIENTED_EDGE('',*,*,#7741,.T.);
#11299=ORIENTED_EDGE('',*,*,#7769,.T.);
#11300=ORIENTED_EDGE('',*,*,#7770,.F.);
#11301=ORIENTED_EDGE('',*,*,#7771,.F.);
#11302=ORIENTED_EDGE('',*,*,#7735,.F.);
#11303=ORIENTED_EDGE('',*,*,#7772,.T.);
#11304=ORIENTED_EDGE('',*,*,#7773,.F.);
#11305=ORIENTED_EDGE('',*,*,#7774,.F.);
#11306=ORIENTED_EDGE('',*,*,#7732,.F.);
#11307=ORIENTED_EDGE('',*,*,#7774,.T.);
#11308=ORIENTED_EDGE('',*,*,#7775,.F.);
#11309=ORIENTED_EDGE('',*,*,#7767,.T.);
#11310=ORIENTED_EDGE('',*,*,#7733,.F.);
#11311=ORIENTED_EDGE('',*,*,#7759,.F.);
#11312=ORIENTED_EDGE('',*,*,#7776,.T.);
#11313=ORIENTED_EDGE('',*,*,#7777,.F.);
#11314=ORIENTED_EDGE('',*,*,#7778,.F.);
#11315=ORIENTED_EDGE('',*,*,#7760,.F.);
#11316=ORIENTED_EDGE('',*,*,#7778,.T.);
#11317=ORIENTED_EDGE('',*,*,#7779,.F.);
#11318=ORIENTED_EDGE('',*,*,#7780,.F.);
#11319=ORIENTED_EDGE('',*,*,#7761,.F.);
#11320=ORIENTED_EDGE('',*,*,#7780,.T.);
#11321=ORIENTED_EDGE('',*,*,#7781,.F.);
#11322=ORIENTED_EDGE('',*,*,#7782,.F.);
#11323=ORIENTED_EDGE('',*,*,#7762,.F.);
#11324=ORIENTED_EDGE('',*,*,#7782,.T.);
#11325=ORIENTED_EDGE('',*,*,#7783,.F.);
#11326=ORIENTED_EDGE('',*,*,#7784,.F.);
#11327=ORIENTED_EDGE('',*,*,#7763,.F.);
#11328=ORIENTED_EDGE('',*,*,#7784,.T.);
#11329=ORIENTED_EDGE('',*,*,#7785,.F.);
#11330=ORIENTED_EDGE('',*,*,#7786,.F.);
#11331=ORIENTED_EDGE('',*,*,#7764,.F.);
#11332=ORIENTED_EDGE('',*,*,#7786,.T.);
#11333=ORIENTED_EDGE('',*,*,#7787,.F.);
#11334=ORIENTED_EDGE('',*,*,#7788,.F.);
#11335=ORIENTED_EDGE('',*,*,#7765,.F.);
#11336=ORIENTED_EDGE('',*,*,#7788,.T.);
#11337=ORIENTED_EDGE('',*,*,#7789,.F.);
#11338=ORIENTED_EDGE('',*,*,#7790,.F.);
#11339=ORIENTED_EDGE('',*,*,#7766,.F.);
#11340=ORIENTED_EDGE('',*,*,#7790,.T.);
#11341=ORIENTED_EDGE('',*,*,#7791,.F.);
#11342=ORIENTED_EDGE('',*,*,#7776,.F.);
#11343=ORIENTED_EDGE('',*,*,#7771,.T.);
#11344=ORIENTED_EDGE('',*,*,#7792,.F.);
#11345=ORIENTED_EDGE('',*,*,#7793,.F.);
#11346=ORIENTED_EDGE('',*,*,#7736,.F.);
#11347=ORIENTED_EDGE('',*,*,#7794,.T.);
#11348=ORIENTED_EDGE('',*,*,#7795,.F.);
#11349=ORIENTED_EDGE('',*,*,#7772,.F.);
#11350=ORIENTED_EDGE('',*,*,#7731,.F.);
#11351=ORIENTED_EDGE('',*,*,#7775,.T.);
#11352=ORIENTED_EDGE('',*,*,#7773,.T.);
#11353=ORIENTED_EDGE('',*,*,#7795,.T.);
#11354=ORIENTED_EDGE('',*,*,#7796,.T.);
#11355=ORIENTED_EDGE('',*,*,#7797,.T.);
#11356=ORIENTED_EDGE('',*,*,#7792,.T.);
#11357=ORIENTED_EDGE('',*,*,#7770,.T.);
#11358=ORIENTED_EDGE('',*,*,#7768,.T.);
#11359=ORIENTED_EDGE('',*,*,#7791,.T.);
#11360=ORIENTED_EDGE('',*,*,#7789,.T.);
#11361=ORIENTED_EDGE('',*,*,#7787,.T.);
#11362=ORIENTED_EDGE('',*,*,#7785,.T.);
#11363=ORIENTED_EDGE('',*,*,#7783,.T.);
#11364=ORIENTED_EDGE('',*,*,#7781,.T.);
#11365=ORIENTED_EDGE('',*,*,#7779,.T.);
#11366=ORIENTED_EDGE('',*,*,#7777,.T.);
#11367=ORIENTED_EDGE('',*,*,#7793,.T.);
#11368=ORIENTED_EDGE('',*,*,#7797,.F.);
#11369=ORIENTED_EDGE('',*,*,#7798,.T.);
#11370=ORIENTED_EDGE('',*,*,#7729,.F.);
#11371=ORIENTED_EDGE('',*,*,#7798,.F.);
#11372=ORIENTED_EDGE('',*,*,#7796,.F.);
#11373=ORIENTED_EDGE('',*,*,#7794,.F.);
#11374=ORIENTED_EDGE('',*,*,#7730,.F.);
#11375=PLANE('',#12334);
#11376=PLANE('',#12338);
#11377=PLANE('',#12342);
#11378=PLANE('',#12346);
#11379=PLANE('',#12350);
#11380=PLANE('',#12354);
#11381=PLANE('',#12358);
#11382=PLANE('',#12362);
#11383=PLANE('',#12366);
#11384=PLANE('',#12370);
#11385=PLANE('',#12374);
#11386=PLANE('',#12378);
#11387=PLANE('',#12382);
#11388=PLANE('',#12386);
#11389=PLANE('',#12390);
#11390=PLANE('',#12394);
#11391=PLANE('',#12398);
#11392=PLANE('',#12402);
#11393=PLANE('',#12406);
#11394=PLANE('',#12410);
#11395=PLANE('',#12414);
#11396=PLANE('',#12418);
#11397=PLANE('',#12422);
#11398=PLANE('',#12426);
#11399=PLANE('',#12430);
#11400=PLANE('',#12434);
#11401=PLANE('',#12438);
#11402=PLANE('',#12442);
#11403=PLANE('',#12446);
#11404=PLANE('',#12450);
#11405=PLANE('',#12454);
#11406=PLANE('',#12458);
#11407=PLANE('',#12462);
#11408=PLANE('',#12466);
#11409=PLANE('',#12470);
#11410=PLANE('',#12474);
#11411=PLANE('',#12478);
#11412=PLANE('',#12482);
#11413=PLANE('',#12486);
#11414=PLANE('',#12490);
#11415=PLANE('',#12494);
#11416=PLANE('',#12498);
#11417=PLANE('',#12502);
#11418=PLANE('',#12506);
#11419=PLANE('',#12510);
#11420=PLANE('',#12514);
#11421=PLANE('',#12518);
#11422=PLANE('',#12522);
#11423=PLANE('',#12526);
#11424=PLANE('',#12530);
#11425=PLANE('',#12534);
#11426=PLANE('',#12538);
#11427=PLANE('',#12542);
#11428=PLANE('',#12546);
#11429=PLANE('',#12550);
#11430=PLANE('',#12554);
#11431=PLANE('',#12558);
#11432=PLANE('',#12562);
#11433=PLANE('',#12566);
#11434=PLANE('',#12570);
#11435=PLANE('',#12574);
#11436=PLANE('',#12578);
#11437=PLANE('',#12582);
#11438=PLANE('',#12586);
#11439=PLANE('',#12590);
#11440=PLANE('',#12594);
#11441=PLANE('',#12598);
#11442=PLANE('',#12602);
#11443=PLANE('',#12606);
#11444=PLANE('',#12610);
#11445=PLANE('',#12614);
#11446=PLANE('',#12618);
#11447=PLANE('',#12622);
#11448=PLANE('',#12626);
#11449=PLANE('',#12630);
#11450=PLANE('',#12634);
#11451=PLANE('',#12638);
#11452=PLANE('',#12642);
#11453=PLANE('',#12646);
#11454=PLANE('',#12650);
#11455=PLANE('',#12654);
#11456=PLANE('',#12658);
#11457=PLANE('',#12662);
#11458=PLANE('',#12666);
#11459=PLANE('',#12670);
#11460=PLANE('',#12674);
#11461=PLANE('',#12678);
#11462=PLANE('',#12682);
#11463=PLANE('',#12686);
#11464=PLANE('',#12690);
#11465=PLANE('',#12694);
#11466=PLANE('',#12698);
#11467=PLANE('',#12702);
#11468=PLANE('',#12706);
#11469=PLANE('',#12710);
#11470=PLANE('',#12714);
#11471=PLANE('',#12718);
#11472=PLANE('',#12722);
#11473=PLANE('',#12726);
#11474=PLANE('',#12730);
#11475=PLANE('',#12734);
#11476=PLANE('',#12738);
#11477=PLANE('',#12742);
#11478=PLANE('',#12746);
#11479=PLANE('',#12750);
#11480=PLANE('',#12754);
#11481=PLANE('',#12758);
#11482=PLANE('',#12762);
#11483=PLANE('',#12766);
#11484=PLANE('',#12770);
#11485=PLANE('',#12774);
#11486=PLANE('',#12778);
#11487=PLANE('',#12782);
#11488=PLANE('',#12786);
#11489=PLANE('',#12790);
#11490=PLANE('',#12794);
#11491=PLANE('',#12798);
#11492=PLANE('',#12802);
#11493=PLANE('',#12806);
#11494=PLANE('',#12810);
#11495=PLANE('',#12814);
#11496=PLANE('',#12818);
#11497=PLANE('',#12822);
#11498=PLANE('',#12826);
#11499=PLANE('',#12830);
#11500=PLANE('',#12834);
#11501=PLANE('',#12838);
#11502=PLANE('',#12842);
#11503=PLANE('',#12846);
#11504=PLANE('',#12847);
#11505=PLANE('',#12848);
#11506=PLANE('',#12849);
#11507=PLANE('',#12850);
#11508=PLANE('',#12851);
#11509=PLANE('',#12852);
#11510=PLANE('',#12853);
#11511=PLANE('',#12854);
#11512=PLANE('',#12855);
#11513=PLANE('',#12856);
#11514=PLANE('',#12860);
#11515=PLANE('',#12864);
#11516=PLANE('',#12868);
#11517=PLANE('',#12872);
#11518=PLANE('',#12876);
#11519=PLANE('',#12880);
#11520=PLANE('',#12884);
#11521=PLANE('',#12888);
#11522=PLANE('',#12892);
#11523=PLANE('',#12896);
#11524=PLANE('',#12900);
#11525=PLANE('',#12904);
#11526=PLANE('',#12908);
#11527=PLANE('',#12912);
#11528=PLANE('',#12916);
#11529=PLANE('',#12920);
#11530=PLANE('',#12924);
#11531=PLANE('',#12928);
#11532=PLANE('',#12932);
#11533=PLANE('',#12936);
#11534=PLANE('',#12940);
#11535=PLANE('',#12944);
#11536=PLANE('',#12948);
#11537=PLANE('',#12952);
#11538=PLANE('',#12956);
#11539=PLANE('',#12960);
#11540=PLANE('',#12964);
#11541=PLANE('',#12968);
#11542=PLANE('',#12972);
#11543=PLANE('',#12976);
#11544=PLANE('',#12980);
#11545=PLANE('',#12984);
#11546=PLANE('',#12988);
#11547=PLANE('',#12992);
#11548=PLANE('',#12996);
#11549=PLANE('',#13000);
#11550=PLANE('',#13004);
#11551=PLANE('',#13008);
#11552=PLANE('',#13012);
#11553=PLANE('',#13016);
#11554=PLANE('',#13020);
#11555=PLANE('',#13024);
#11556=PLANE('',#13028);
#11557=PLANE('',#13032);
#11558=PLANE('',#13036);
#11559=PLANE('',#13040);
#11560=PLANE('',#13044);
#11561=PLANE('',#13048);
#11562=PLANE('',#13052);
#11563=PLANE('',#13056);
#11564=PLANE('',#13060);
#11565=PLANE('',#13064);
#11566=PLANE('',#13068);
#11567=PLANE('',#13072);
#11568=PLANE('',#13076);
#11569=PLANE('',#13080);
#11570=PLANE('',#13084);
#11571=PLANE('',#13088);
#11572=PLANE('',#13092);
#11573=PLANE('',#13096);
#11574=PLANE('',#13100);
#11575=PLANE('',#13104);
#11576=PLANE('',#13108);
#11577=PLANE('',#13112);
#11578=PLANE('',#13116);
#11579=PLANE('',#13120);
#11580=PLANE('',#13124);
#11581=PLANE('',#13128);
#11582=PLANE('',#13132);
#11583=PLANE('',#13136);
#11584=PLANE('',#13140);
#11585=PLANE('',#13144);
#11586=PLANE('',#13148);
#11587=PLANE('',#13152);
#11588=PLANE('',#13156);
#11589=PLANE('',#13160);
#11590=PLANE('',#13164);
#11591=PLANE('',#13168);
#11592=PLANE('',#13172);
#11593=PLANE('',#13176);
#11594=PLANE('',#13180);
#11595=PLANE('',#13184);
#11596=PLANE('',#13188);
#11597=PLANE('',#13192);
#11598=PLANE('',#13196);
#11599=PLANE('',#13200);
#11600=PLANE('',#13204);
#11601=PLANE('',#13208);
#11602=PLANE('',#13212);
#11603=PLANE('',#13216);
#11604=PLANE('',#13220);
#11605=PLANE('',#13224);
#11606=PLANE('',#13228);
#11607=PLANE('',#13232);
#11608=PLANE('',#13236);
#11609=PLANE('',#13240);
#11610=PLANE('',#13244);
#11611=PLANE('',#13248);
#11612=PLANE('',#13252);
#11613=PLANE('',#13256);
#11614=PLANE('',#13260);
#11615=PLANE('',#13264);
#11616=PLANE('',#13268);
#11617=PLANE('',#13272);
#11618=PLANE('',#13276);
#11619=PLANE('',#13280);
#11620=PLANE('',#13284);
#11621=PLANE('',#13288);
#11622=PLANE('',#13292);
#11623=PLANE('',#13296);
#11624=PLANE('',#13300);
#11625=PLANE('',#13304);
#11626=PLANE('',#13308);
#11627=PLANE('',#13312);
#11628=PLANE('',#13316);
#11629=PLANE('',#13320);
#11630=PLANE('',#13324);
#11631=PLANE('',#13328);
#11632=PLANE('',#13332);
#11633=PLANE('',#13336);
#11634=PLANE('',#13340);
#11635=PLANE('',#13344);
#11636=PLANE('',#13348);
#11637=PLANE('',#13352);
#11638=PLANE('',#13356);
#11639=PLANE('',#13360);
#11640=PLANE('',#13364);
#11641=PLANE('',#13368);
#11642=PLANE('',#13372);
#11643=PLANE('',#13376);
#11644=PLANE('',#13380);
#11645=PLANE('',#13384);
#11646=PLANE('',#13388);
#11647=PLANE('',#13392);
#11648=PLANE('',#13396);
#11649=PLANE('',#13400);
#11650=PLANE('',#13404);
#11651=PLANE('',#13408);
#11652=PLANE('',#13412);
#11653=PLANE('',#13416);
#11654=PLANE('',#13417);
#11655=PLANE('',#13418);
#11656=PLANE('',#13419);
#11657=PLANE('',#13420);
#11658=PLANE('',#13421);
#11659=PLANE('',#13422);
#11660=PLANE('',#13423);
#11661=PLANE('',#13424);
#11662=PLANE('',#13425);
#11663=PLANE('',#13429);
#11664=PLANE('',#13430);
#11665=PLANE('',#13431);
#11666=PLANE('',#13432);
#11667=PLANE('',#13433);
#11668=PLANE('',#13434);
#11669=PLANE('',#13435);
#11670=PLANE('',#13436);
#11671=PLANE('',#13437);
#11672=PLANE('',#13438);
#11673=PLANE('',#13439);
#11674=PLANE('',#13440);
#11675=PLANE('',#13441);
#11676=PLANE('',#13442);
#11677=PLANE('',#13443);
#11678=PLANE('',#13444);
#11679=PLANE('',#13445);
#11680=PLANE('',#13446);
#11681=PLANE('',#13447);
#11682=PLANE('',#13448);
#11683=PLANE('',#13449);
#11684=PLANE('',#13450);
#11685=PLANE('',#13454);
#11686=PLANE('',#13455);
#11687=PLANE('',#13456);
#11688=PLANE('',#13457);
#11689=PLANE('',#13458);
#11690=PLANE('',#13459);
#11691=PLANE('',#13460);
#11692=PLANE('',#13461);
#11693=PLANE('',#13462);
#11694=PLANE('',#13463);
#11695=PLANE('',#13464);
#11696=PLANE('',#13465);
#11697=PLANE('',#13466);
#11698=PLANE('',#13467);
#11699=PLANE('',#13468);
#11700=PLANE('',#13469);
#11701=PLANE('',#13470);
#11702=PLANE('',#13471);
#11703=PLANE('',#13472);
#11704=PLANE('',#13473);
#11705=PLANE('',#13474);
#11706=PLANE('',#13475);
#11707=PLANE('',#13476);
#11708=PLANE('',#13477);
#11709=PLANE('',#13478);
#11710=PLANE('',#13479);
#11711=ADVANCED_FACE('',(#971),#11375,.T.);
#11712=ADVANCED_FACE('',(#972),#701,.F.);
#11713=ADVANCED_FACE('',(#973),#11376,.T.);
#11714=ADVANCED_FACE('',(#974),#702,.F.);
#11715=ADVANCED_FACE('',(#975),#11377,.T.);
#11716=ADVANCED_FACE('',(#976),#703,.F.);
#11717=ADVANCED_FACE('',(#977),#11378,.T.);
#11718=ADVANCED_FACE('',(#978),#704,.F.);
#11719=ADVANCED_FACE('',(#979),#11379,.T.);
#11720=ADVANCED_FACE('',(#980),#705,.F.);
#11721=ADVANCED_FACE('',(#981),#11380,.T.);
#11722=ADVANCED_FACE('',(#982),#706,.F.);
#11723=ADVANCED_FACE('',(#983),#11381,.T.);
#11724=ADVANCED_FACE('',(#984),#707,.F.);
#11725=ADVANCED_FACE('',(#985),#11382,.T.);
#11726=ADVANCED_FACE('',(#986),#708,.F.);
#11727=ADVANCED_FACE('',(#987),#11383,.T.);
#11728=ADVANCED_FACE('',(#988),#709,.F.);
#11729=ADVANCED_FACE('',(#989),#11384,.T.);
#11730=ADVANCED_FACE('',(#990),#710,.F.);
#11731=ADVANCED_FACE('',(#991),#11385,.T.);
#11732=ADVANCED_FACE('',(#992),#711,.F.);
#11733=ADVANCED_FACE('',(#993),#11386,.T.);
#11734=ADVANCED_FACE('',(#994),#712,.F.);
#11735=ADVANCED_FACE('',(#995),#11387,.T.);
#11736=ADVANCED_FACE('',(#996),#713,.F.);
#11737=ADVANCED_FACE('',(#997),#11388,.T.);
#11738=ADVANCED_FACE('',(#998),#714,.F.);
#11739=ADVANCED_FACE('',(#999),#11389,.T.);
#11740=ADVANCED_FACE('',(#1000),#715,.F.);
#11741=ADVANCED_FACE('',(#1001),#11390,.T.);
#11742=ADVANCED_FACE('',(#1002),#716,.F.);
#11743=ADVANCED_FACE('',(#1003),#11391,.T.);
#11744=ADVANCED_FACE('',(#1004),#717,.F.);
#11745=ADVANCED_FACE('',(#1005),#11392,.T.);
#11746=ADVANCED_FACE('',(#1006),#718,.F.);
#11747=ADVANCED_FACE('',(#1007),#11393,.T.);
#11748=ADVANCED_FACE('',(#1008),#719,.F.);
#11749=ADVANCED_FACE('',(#1009),#11394,.T.);
#11750=ADVANCED_FACE('',(#1010),#720,.F.);
#11751=ADVANCED_FACE('',(#1011),#11395,.T.);
#11752=ADVANCED_FACE('',(#1012),#721,.F.);
#11753=ADVANCED_FACE('',(#1013),#11396,.T.);
#11754=ADVANCED_FACE('',(#1014),#722,.F.);
#11755=ADVANCED_FACE('',(#1015),#11397,.T.);
#11756=ADVANCED_FACE('',(#1016),#723,.F.);
#11757=ADVANCED_FACE('',(#1017),#11398,.T.);
#11758=ADVANCED_FACE('',(#1018),#724,.F.);
#11759=ADVANCED_FACE('',(#1019),#11399,.T.);
#11760=ADVANCED_FACE('',(#1020),#725,.F.);
#11761=ADVANCED_FACE('',(#1021),#11400,.T.);
#11762=ADVANCED_FACE('',(#1022),#726,.F.);
#11763=ADVANCED_FACE('',(#1023),#11401,.T.);
#11764=ADVANCED_FACE('',(#1024),#727,.F.);
#11765=ADVANCED_FACE('',(#1025),#11402,.T.);
#11766=ADVANCED_FACE('',(#1026),#728,.F.);
#11767=ADVANCED_FACE('',(#1027),#11403,.T.);
#11768=ADVANCED_FACE('',(#1028),#729,.F.);
#11769=ADVANCED_FACE('',(#1029),#11404,.T.);
#11770=ADVANCED_FACE('',(#1030),#730,.F.);
#11771=ADVANCED_FACE('',(#1031),#11405,.T.);
#11772=ADVANCED_FACE('',(#1032),#731,.F.);
#11773=ADVANCED_FACE('',(#1033),#11406,.T.);
#11774=ADVANCED_FACE('',(#1034),#732,.F.);
#11775=ADVANCED_FACE('',(#1035),#11407,.T.);
#11776=ADVANCED_FACE('',(#1036),#733,.F.);
#11777=ADVANCED_FACE('',(#1037),#11408,.T.);
#11778=ADVANCED_FACE('',(#1038),#734,.F.);
#11779=ADVANCED_FACE('',(#1039),#11409,.T.);
#11780=ADVANCED_FACE('',(#1040),#735,.F.);
#11781=ADVANCED_FACE('',(#1041),#11410,.T.);
#11782=ADVANCED_FACE('',(#1042),#736,.F.);
#11783=ADVANCED_FACE('',(#1043),#11411,.T.);
#11784=ADVANCED_FACE('',(#1044),#737,.F.);
#11785=ADVANCED_FACE('',(#1045),#11412,.T.);
#11786=ADVANCED_FACE('',(#1046),#738,.F.);
#11787=ADVANCED_FACE('',(#1047),#11413,.T.);
#11788=ADVANCED_FACE('',(#1048),#739,.F.);
#11789=ADVANCED_FACE('',(#1049),#11414,.T.);
#11790=ADVANCED_FACE('',(#1050),#740,.F.);
#11791=ADVANCED_FACE('',(#1051),#11415,.T.);
#11792=ADVANCED_FACE('',(#1052),#741,.F.);
#11793=ADVANCED_FACE('',(#1053),#11416,.T.);
#11794=ADVANCED_FACE('',(#1054),#742,.F.);
#11795=ADVANCED_FACE('',(#1055),#11417,.T.);
#11796=ADVANCED_FACE('',(#1056),#743,.F.);
#11797=ADVANCED_FACE('',(#1057),#11418,.T.);
#11798=ADVANCED_FACE('',(#1058),#744,.F.);
#11799=ADVANCED_FACE('',(#1059),#11419,.T.);
#11800=ADVANCED_FACE('',(#1060),#745,.F.);
#11801=ADVANCED_FACE('',(#1061),#11420,.T.);
#11802=ADVANCED_FACE('',(#1062),#746,.F.);
#11803=ADVANCED_FACE('',(#1063),#11421,.T.);
#11804=ADVANCED_FACE('',(#1064),#747,.F.);
#11805=ADVANCED_FACE('',(#1065),#11422,.T.);
#11806=ADVANCED_FACE('',(#1066),#748,.F.);
#11807=ADVANCED_FACE('',(#1067),#11423,.T.);
#11808=ADVANCED_FACE('',(#1068),#749,.F.);
#11809=ADVANCED_FACE('',(#1069),#11424,.T.);
#11810=ADVANCED_FACE('',(#1070),#750,.F.);
#11811=ADVANCED_FACE('',(#1071),#11425,.T.);
#11812=ADVANCED_FACE('',(#1072),#751,.F.);
#11813=ADVANCED_FACE('',(#1073),#11426,.T.);
#11814=ADVANCED_FACE('',(#1074),#752,.F.);
#11815=ADVANCED_FACE('',(#1075),#11427,.T.);
#11816=ADVANCED_FACE('',(#1076),#753,.F.);
#11817=ADVANCED_FACE('',(#1077),#11428,.T.);
#11818=ADVANCED_FACE('',(#1078),#754,.F.);
#11819=ADVANCED_FACE('',(#1079),#11429,.T.);
#11820=ADVANCED_FACE('',(#1080),#755,.F.);
#11821=ADVANCED_FACE('',(#1081),#11430,.T.);
#11822=ADVANCED_FACE('',(#1082),#756,.F.);
#11823=ADVANCED_FACE('',(#1083),#11431,.T.);
#11824=ADVANCED_FACE('',(#1084),#757,.F.);
#11825=ADVANCED_FACE('',(#1085),#11432,.T.);
#11826=ADVANCED_FACE('',(#1086),#758,.F.);
#11827=ADVANCED_FACE('',(#1087),#11433,.T.);
#11828=ADVANCED_FACE('',(#1088),#759,.F.);
#11829=ADVANCED_FACE('',(#1089),#11434,.T.);
#11830=ADVANCED_FACE('',(#1090),#760,.F.);
#11831=ADVANCED_FACE('',(#1091),#11435,.T.);
#11832=ADVANCED_FACE('',(#1092),#761,.F.);
#11833=ADVANCED_FACE('',(#1093),#11436,.T.);
#11834=ADVANCED_FACE('',(#1094),#762,.F.);
#11835=ADVANCED_FACE('',(#1095),#11437,.T.);
#11836=ADVANCED_FACE('',(#1096),#763,.F.);
#11837=ADVANCED_FACE('',(#1097),#11438,.T.);
#11838=ADVANCED_FACE('',(#1098),#764,.F.);
#11839=ADVANCED_FACE('',(#1099),#11439,.T.);
#11840=ADVANCED_FACE('',(#1100),#765,.F.);
#11841=ADVANCED_FACE('',(#1101),#11440,.T.);
#11842=ADVANCED_FACE('',(#1102),#766,.F.);
#11843=ADVANCED_FACE('',(#1103),#11441,.T.);
#11844=ADVANCED_FACE('',(#1104),#767,.F.);
#11845=ADVANCED_FACE('',(#1105),#11442,.T.);
#11846=ADVANCED_FACE('',(#1106),#768,.F.);
#11847=ADVANCED_FACE('',(#1107),#11443,.T.);
#11848=ADVANCED_FACE('',(#1108),#769,.F.);
#11849=ADVANCED_FACE('',(#1109),#11444,.T.);
#11850=ADVANCED_FACE('',(#1110),#770,.F.);
#11851=ADVANCED_FACE('',(#1111),#11445,.T.);
#11852=ADVANCED_FACE('',(#1112),#771,.F.);
#11853=ADVANCED_FACE('',(#1113),#11446,.T.);
#11854=ADVANCED_FACE('',(#1114),#772,.F.);
#11855=ADVANCED_FACE('',(#1115),#11447,.T.);
#11856=ADVANCED_FACE('',(#1116),#773,.F.);
#11857=ADVANCED_FACE('',(#1117),#11448,.T.);
#11858=ADVANCED_FACE('',(#1118),#774,.F.);
#11859=ADVANCED_FACE('',(#1119),#11449,.T.);
#11860=ADVANCED_FACE('',(#1120),#775,.F.);
#11861=ADVANCED_FACE('',(#1121),#11450,.T.);
#11862=ADVANCED_FACE('',(#1122),#776,.F.);
#11863=ADVANCED_FACE('',(#1123),#11451,.T.);
#11864=ADVANCED_FACE('',(#1124),#777,.F.);
#11865=ADVANCED_FACE('',(#1125),#11452,.T.);
#11866=ADVANCED_FACE('',(#1126),#778,.F.);
#11867=ADVANCED_FACE('',(#1127),#11453,.T.);
#11868=ADVANCED_FACE('',(#1128),#779,.F.);
#11869=ADVANCED_FACE('',(#1129),#11454,.T.);
#11870=ADVANCED_FACE('',(#1130),#780,.F.);
#11871=ADVANCED_FACE('',(#1131),#11455,.T.);
#11872=ADVANCED_FACE('',(#1132),#781,.F.);
#11873=ADVANCED_FACE('',(#1133),#11456,.T.);
#11874=ADVANCED_FACE('',(#1134),#782,.F.);
#11875=ADVANCED_FACE('',(#1135),#11457,.T.);
#11876=ADVANCED_FACE('',(#1136),#783,.F.);
#11877=ADVANCED_FACE('',(#1137),#11458,.T.);
#11878=ADVANCED_FACE('',(#1138),#784,.F.);
#11879=ADVANCED_FACE('',(#1139),#11459,.T.);
#11880=ADVANCED_FACE('',(#1140),#785,.F.);
#11881=ADVANCED_FACE('',(#1141),#11460,.T.);
#11882=ADVANCED_FACE('',(#1142),#786,.F.);
#11883=ADVANCED_FACE('',(#1143),#11461,.T.);
#11884=ADVANCED_FACE('',(#1144),#787,.F.);
#11885=ADVANCED_FACE('',(#1145),#11462,.T.);
#11886=ADVANCED_FACE('',(#1146),#788,.F.);
#11887=ADVANCED_FACE('',(#1147),#11463,.T.);
#11888=ADVANCED_FACE('',(#1148),#789,.F.);
#11889=ADVANCED_FACE('',(#1149),#11464,.T.);
#11890=ADVANCED_FACE('',(#1150),#790,.F.);
#11891=ADVANCED_FACE('',(#1151),#11465,.T.);
#11892=ADVANCED_FACE('',(#1152),#791,.F.);
#11893=ADVANCED_FACE('',(#1153),#11466,.T.);
#11894=ADVANCED_FACE('',(#1154),#792,.F.);
#11895=ADVANCED_FACE('',(#1155),#11467,.T.);
#11896=ADVANCED_FACE('',(#1156),#793,.F.);
#11897=ADVANCED_FACE('',(#1157),#11468,.T.);
#11898=ADVANCED_FACE('',(#1158),#794,.F.);
#11899=ADVANCED_FACE('',(#1159),#11469,.T.);
#11900=ADVANCED_FACE('',(#1160),#795,.F.);
#11901=ADVANCED_FACE('',(#1161),#11470,.T.);
#11902=ADVANCED_FACE('',(#1162),#796,.F.);
#11903=ADVANCED_FACE('',(#1163),#11471,.T.);
#11904=ADVANCED_FACE('',(#1164),#797,.F.);
#11905=ADVANCED_FACE('',(#1165),#11472,.T.);
#11906=ADVANCED_FACE('',(#1166),#798,.F.);
#11907=ADVANCED_FACE('',(#1167),#11473,.T.);
#11908=ADVANCED_FACE('',(#1168),#799,.F.);
#11909=ADVANCED_FACE('',(#1169),#11474,.T.);
#11910=ADVANCED_FACE('',(#1170),#800,.F.);
#11911=ADVANCED_FACE('',(#1171),#11475,.T.);
#11912=ADVANCED_FACE('',(#1172),#801,.F.);
#11913=ADVANCED_FACE('',(#1173),#11476,.T.);
#11914=ADVANCED_FACE('',(#1174),#802,.F.);
#11915=ADVANCED_FACE('',(#1175),#11477,.T.);
#11916=ADVANCED_FACE('',(#1176),#803,.F.);
#11917=ADVANCED_FACE('',(#1177),#11478,.T.);
#11918=ADVANCED_FACE('',(#1178),#804,.F.);
#11919=ADVANCED_FACE('',(#1179),#11479,.T.);
#11920=ADVANCED_FACE('',(#1180),#805,.F.);
#11921=ADVANCED_FACE('',(#1181),#11480,.T.);
#11922=ADVANCED_FACE('',(#1182),#806,.F.);
#11923=ADVANCED_FACE('',(#1183),#11481,.T.);
#11924=ADVANCED_FACE('',(#1184),#807,.F.);
#11925=ADVANCED_FACE('',(#1185),#11482,.T.);
#11926=ADVANCED_FACE('',(#1186),#808,.F.);
#11927=ADVANCED_FACE('',(#1187),#11483,.T.);
#11928=ADVANCED_FACE('',(#1188),#809,.F.);
#11929=ADVANCED_FACE('',(#1189),#11484,.T.);
#11930=ADVANCED_FACE('',(#1190),#810,.F.);
#11931=ADVANCED_FACE('',(#1191),#11485,.T.);
#11932=ADVANCED_FACE('',(#1192),#811,.F.);
#11933=ADVANCED_FACE('',(#1193),#11486,.T.);
#11934=ADVANCED_FACE('',(#1194),#812,.F.);
#11935=ADVANCED_FACE('',(#1195),#11487,.T.);
#11936=ADVANCED_FACE('',(#1196),#813,.F.);
#11937=ADVANCED_FACE('',(#1197),#11488,.T.);
#11938=ADVANCED_FACE('',(#1198),#814,.F.);
#11939=ADVANCED_FACE('',(#1199),#11489,.T.);
#11940=ADVANCED_FACE('',(#1200),#815,.F.);
#11941=ADVANCED_FACE('',(#1201),#11490,.T.);
#11942=ADVANCED_FACE('',(#1202),#816,.F.);
#11943=ADVANCED_FACE('',(#1203),#11491,.T.);
#11944=ADVANCED_FACE('',(#1204),#817,.F.);
#11945=ADVANCED_FACE('',(#1205),#11492,.T.);
#11946=ADVANCED_FACE('',(#1206),#818,.F.);
#11947=ADVANCED_FACE('',(#1207),#11493,.T.);
#11948=ADVANCED_FACE('',(#1208),#819,.F.);
#11949=ADVANCED_FACE('',(#1209),#11494,.T.);
#11950=ADVANCED_FACE('',(#1210),#820,.F.);
#11951=ADVANCED_FACE('',(#1211),#11495,.T.);
#11952=ADVANCED_FACE('',(#1212),#821,.F.);
#11953=ADVANCED_FACE('',(#1213),#11496,.T.);
#11954=ADVANCED_FACE('',(#1214),#822,.F.);
#11955=ADVANCED_FACE('',(#1215),#11497,.T.);
#11956=ADVANCED_FACE('',(#1216),#823,.F.);
#11957=ADVANCED_FACE('',(#1217),#11498,.T.);
#11958=ADVANCED_FACE('',(#1218),#824,.F.);
#11959=ADVANCED_FACE('',(#1219),#11499,.T.);
#11960=ADVANCED_FACE('',(#1220),#825,.F.);
#11961=ADVANCED_FACE('',(#1221),#11500,.T.);
#11962=ADVANCED_FACE('',(#1222),#826,.F.);
#11963=ADVANCED_FACE('',(#1223),#11501,.T.);
#11964=ADVANCED_FACE('',(#1224),#827,.F.);
#11965=ADVANCED_FACE('',(#1225),#11502,.T.);
#11966=ADVANCED_FACE('',(#1226),#828,.F.);
#11967=ADVANCED_FACE('',(#1227),#11503,.T.);
#11968=ADVANCED_FACE('',(#1228),#11504,.T.);
#11969=ADVANCED_FACE('',(#1229),#11505,.T.);
#11970=ADVANCED_FACE('',(#1230),#11506,.T.);
#11971=ADVANCED_FACE('',(#1231),#11507,.T.);
#11972=ADVANCED_FACE('',(#1232),#11508,.T.);
#11973=ADVANCED_FACE('',(#1233),#11509,.T.);
#11974=ADVANCED_FACE('',(#1234),#11510,.T.);
#11975=ADVANCED_FACE('',(#1235,#21,#22,#23,#24,#25,#26,#27,#28,#29,#30,
#31,#32,#33,#34,#35,#36,#37,#38,#39,#40,#41,#42,#43,#44,#45,#46,#47,#48,
#49,#50,#51,#52),#11511,.T.);
#11976=ADVANCED_FACE('',(#1236,#53,#54,#55,#56,#57,#58,#59,#60,#61,#62,
#63,#64,#65,#66,#67,#68,#69,#70,#71,#72,#73,#74,#75,#76,#77,#78,#79,#80,
#81,#82,#83,#84),#11512,.F.);
#11977=ADVANCED_FACE('',(#1237),#11513,.T.);
#11978=ADVANCED_FACE('',(#1238),#829,.F.);
#11979=ADVANCED_FACE('',(#1239),#11514,.T.);
#11980=ADVANCED_FACE('',(#1240),#830,.F.);
#11981=ADVANCED_FACE('',(#1241),#11515,.T.);
#11982=ADVANCED_FACE('',(#1242),#831,.F.);
#11983=ADVANCED_FACE('',(#1243),#11516,.T.);
#11984=ADVANCED_FACE('',(#1244),#832,.F.);
#11985=ADVANCED_FACE('',(#1245),#11517,.T.);
#11986=ADVANCED_FACE('',(#1246),#833,.F.);
#11987=ADVANCED_FACE('',(#1247),#11518,.T.);
#11988=ADVANCED_FACE('',(#1248),#834,.F.);
#11989=ADVANCED_FACE('',(#1249),#11519,.T.);
#11990=ADVANCED_FACE('',(#1250),#835,.F.);
#11991=ADVANCED_FACE('',(#1251),#11520,.T.);
#11992=ADVANCED_FACE('',(#1252),#836,.F.);
#11993=ADVANCED_FACE('',(#1253),#11521,.T.);
#11994=ADVANCED_FACE('',(#1254),#837,.F.);
#11995=ADVANCED_FACE('',(#1255),#11522,.T.);
#11996=ADVANCED_FACE('',(#1256),#838,.F.);
#11997=ADVANCED_FACE('',(#1257),#11523,.T.);
#11998=ADVANCED_FACE('',(#1258),#839,.F.);
#11999=ADVANCED_FACE('',(#1259),#11524,.T.);
#12000=ADVANCED_FACE('',(#1260),#840,.F.);
#12001=ADVANCED_FACE('',(#1261),#11525,.T.);
#12002=ADVANCED_FACE('',(#1262),#841,.F.);
#12003=ADVANCED_FACE('',(#1263),#11526,.T.);
#12004=ADVANCED_FACE('',(#1264),#842,.F.);
#12005=ADVANCED_FACE('',(#1265),#11527,.T.);
#12006=ADVANCED_FACE('',(#1266),#843,.F.);
#12007=ADVANCED_FACE('',(#1267),#11528,.T.);
#12008=ADVANCED_FACE('',(#1268),#844,.F.);
#12009=ADVANCED_FACE('',(#1269),#11529,.T.);
#12010=ADVANCED_FACE('',(#1270),#845,.F.);
#12011=ADVANCED_FACE('',(#1271),#11530,.T.);
#12012=ADVANCED_FACE('',(#1272),#846,.F.);
#12013=ADVANCED_FACE('',(#1273),#11531,.T.);
#12014=ADVANCED_FACE('',(#1274),#847,.F.);
#12015=ADVANCED_FACE('',(#1275),#11532,.T.);
#12016=ADVANCED_FACE('',(#1276),#848,.F.);
#12017=ADVANCED_FACE('',(#1277),#11533,.T.);
#12018=ADVANCED_FACE('',(#1278),#849,.F.);
#12019=ADVANCED_FACE('',(#1279),#11534,.T.);
#12020=ADVANCED_FACE('',(#1280),#850,.F.);
#12021=ADVANCED_FACE('',(#1281),#11535,.T.);
#12022=ADVANCED_FACE('',(#1282),#851,.F.);
#12023=ADVANCED_FACE('',(#1283),#11536,.T.);
#12024=ADVANCED_FACE('',(#1284),#852,.F.);
#12025=ADVANCED_FACE('',(#1285),#11537,.T.);
#12026=ADVANCED_FACE('',(#1286),#853,.F.);
#12027=ADVANCED_FACE('',(#1287),#11538,.T.);
#12028=ADVANCED_FACE('',(#1288),#854,.F.);
#12029=ADVANCED_FACE('',(#1289),#11539,.T.);
#12030=ADVANCED_FACE('',(#1290),#855,.F.);
#12031=ADVANCED_FACE('',(#1291),#11540,.T.);
#12032=ADVANCED_FACE('',(#1292),#856,.F.);
#12033=ADVANCED_FACE('',(#1293),#11541,.T.);
#12034=ADVANCED_FACE('',(#1294),#857,.F.);
#12035=ADVANCED_FACE('',(#1295),#11542,.T.);
#12036=ADVANCED_FACE('',(#1296),#858,.F.);
#12037=ADVANCED_FACE('',(#1297),#11543,.T.);
#12038=ADVANCED_FACE('',(#1298),#859,.F.);
#12039=ADVANCED_FACE('',(#1299),#11544,.T.);
#12040=ADVANCED_FACE('',(#1300),#860,.F.);
#12041=ADVANCED_FACE('',(#1301),#11545,.T.);
#12042=ADVANCED_FACE('',(#1302),#861,.F.);
#12043=ADVANCED_FACE('',(#1303),#11546,.T.);
#12044=ADVANCED_FACE('',(#1304),#862,.F.);
#12045=ADVANCED_FACE('',(#1305),#11547,.T.);
#12046=ADVANCED_FACE('',(#1306),#863,.F.);
#12047=ADVANCED_FACE('',(#1307),#11548,.T.);
#12048=ADVANCED_FACE('',(#1308),#864,.F.);
#12049=ADVANCED_FACE('',(#1309),#11549,.T.);
#12050=ADVANCED_FACE('',(#1310),#865,.F.);
#12051=ADVANCED_FACE('',(#1311),#11550,.T.);
#12052=ADVANCED_FACE('',(#1312),#866,.F.);
#12053=ADVANCED_FACE('',(#1313),#11551,.T.);
#12054=ADVANCED_FACE('',(#1314),#867,.F.);
#12055=ADVANCED_FACE('',(#1315),#11552,.T.);
#12056=ADVANCED_FACE('',(#1316),#868,.F.);
#12057=ADVANCED_FACE('',(#1317),#11553,.T.);
#12058=ADVANCED_FACE('',(#1318),#869,.F.);
#12059=ADVANCED_FACE('',(#1319),#11554,.T.);
#12060=ADVANCED_FACE('',(#1320),#870,.F.);
#12061=ADVANCED_FACE('',(#1321),#11555,.T.);
#12062=ADVANCED_FACE('',(#1322),#871,.F.);
#12063=ADVANCED_FACE('',(#1323),#11556,.T.);
#12064=ADVANCED_FACE('',(#1324),#872,.F.);
#12065=ADVANCED_FACE('',(#1325),#11557,.T.);
#12066=ADVANCED_FACE('',(#1326),#873,.F.);
#12067=ADVANCED_FACE('',(#1327),#11558,.T.);
#12068=ADVANCED_FACE('',(#1328),#874,.F.);
#12069=ADVANCED_FACE('',(#1329),#11559,.T.);
#12070=ADVANCED_FACE('',(#1330),#875,.F.);
#12071=ADVANCED_FACE('',(#1331),#11560,.T.);
#12072=ADVANCED_FACE('',(#1332),#876,.F.);
#12073=ADVANCED_FACE('',(#1333),#11561,.T.);
#12074=ADVANCED_FACE('',(#1334),#877,.F.);
#12075=ADVANCED_FACE('',(#1335),#11562,.T.);
#12076=ADVANCED_FACE('',(#1336),#878,.F.);
#12077=ADVANCED_FACE('',(#1337),#11563,.T.);
#12078=ADVANCED_FACE('',(#1338),#879,.F.);
#12079=ADVANCED_FACE('',(#1339),#11564,.T.);
#12080=ADVANCED_FACE('',(#1340),#880,.F.);
#12081=ADVANCED_FACE('',(#1341),#11565,.T.);
#12082=ADVANCED_FACE('',(#1342),#881,.F.);
#12083=ADVANCED_FACE('',(#1343),#11566,.T.);
#12084=ADVANCED_FACE('',(#1344),#882,.F.);
#12085=ADVANCED_FACE('',(#1345),#11567,.T.);
#12086=ADVANCED_FACE('',(#1346),#883,.F.);
#12087=ADVANCED_FACE('',(#1347),#11568,.T.);
#12088=ADVANCED_FACE('',(#1348),#884,.F.);
#12089=ADVANCED_FACE('',(#1349),#11569,.T.);
#12090=ADVANCED_FACE('',(#1350),#885,.F.);
#12091=ADVANCED_FACE('',(#1351),#11570,.T.);
#12092=ADVANCED_FACE('',(#1352),#886,.F.);
#12093=ADVANCED_FACE('',(#1353),#11571,.T.);
#12094=ADVANCED_FACE('',(#1354),#887,.F.);
#12095=ADVANCED_FACE('',(#1355),#11572,.T.);
#12096=ADVANCED_FACE('',(#1356),#888,.F.);
#12097=ADVANCED_FACE('',(#1357),#11573,.T.);
#12098=ADVANCED_FACE('',(#1358),#889,.F.);
#12099=ADVANCED_FACE('',(#1359),#11574,.T.);
#12100=ADVANCED_FACE('',(#1360),#890,.F.);
#12101=ADVANCED_FACE('',(#1361),#11575,.T.);
#12102=ADVANCED_FACE('',(#1362),#891,.F.);
#12103=ADVANCED_FACE('',(#1363),#11576,.T.);
#12104=ADVANCED_FACE('',(#1364),#892,.F.);
#12105=ADVANCED_FACE('',(#1365),#11577,.T.);
#12106=ADVANCED_FACE('',(#1366),#893,.F.);
#12107=ADVANCED_FACE('',(#1367),#11578,.T.);
#12108=ADVANCED_FACE('',(#1368),#894,.F.);
#12109=ADVANCED_FACE('',(#1369),#11579,.T.);
#12110=ADVANCED_FACE('',(#1370),#895,.F.);
#12111=ADVANCED_FACE('',(#1371),#11580,.T.);
#12112=ADVANCED_FACE('',(#1372),#896,.F.);
#12113=ADVANCED_FACE('',(#1373),#11581,.T.);
#12114=ADVANCED_FACE('',(#1374),#897,.F.);
#12115=ADVANCED_FACE('',(#1375),#11582,.T.);
#12116=ADVANCED_FACE('',(#1376),#898,.F.);
#12117=ADVANCED_FACE('',(#1377),#11583,.T.);
#12118=ADVANCED_FACE('',(#1378),#899,.F.);
#12119=ADVANCED_FACE('',(#1379),#11584,.T.);
#12120=ADVANCED_FACE('',(#1380),#900,.F.);
#12121=ADVANCED_FACE('',(#1381),#11585,.T.);
#12122=ADVANCED_FACE('',(#1382),#901,.F.);
#12123=ADVANCED_FACE('',(#1383),#11586,.T.);
#12124=ADVANCED_FACE('',(#1384),#902,.F.);
#12125=ADVANCED_FACE('',(#1385),#11587,.T.);
#12126=ADVANCED_FACE('',(#1386),#903,.F.);
#12127=ADVANCED_FACE('',(#1387),#11588,.T.);
#12128=ADVANCED_FACE('',(#1388),#904,.F.);
#12129=ADVANCED_FACE('',(#1389),#11589,.T.);
#12130=ADVANCED_FACE('',(#1390),#905,.F.);
#12131=ADVANCED_FACE('',(#1391),#11590,.T.);
#12132=ADVANCED_FACE('',(#1392),#906,.F.);
#12133=ADVANCED_FACE('',(#1393),#11591,.T.);
#12134=ADVANCED_FACE('',(#1394),#907,.F.);
#12135=ADVANCED_FACE('',(#1395),#11592,.T.);
#12136=ADVANCED_FACE('',(#1396),#908,.F.);
#12137=ADVANCED_FACE('',(#1397),#11593,.T.);
#12138=ADVANCED_FACE('',(#1398),#909,.F.);
#12139=ADVANCED_FACE('',(#1399),#11594,.T.);
#12140=ADVANCED_FACE('',(#1400),#910,.F.);
#12141=ADVANCED_FACE('',(#1401),#11595,.T.);
#12142=ADVANCED_FACE('',(#1402),#911,.F.);
#12143=ADVANCED_FACE('',(#1403),#11596,.T.);
#12144=ADVANCED_FACE('',(#1404),#912,.F.);
#12145=ADVANCED_FACE('',(#1405),#11597,.T.);
#12146=ADVANCED_FACE('',(#1406),#913,.F.);
#12147=ADVANCED_FACE('',(#1407),#11598,.T.);
#12148=ADVANCED_FACE('',(#1408),#914,.F.);
#12149=ADVANCED_FACE('',(#1409),#11599,.T.);
#12150=ADVANCED_FACE('',(#1410),#915,.F.);
#12151=ADVANCED_FACE('',(#1411),#11600,.T.);
#12152=ADVANCED_FACE('',(#1412),#916,.F.);
#12153=ADVANCED_FACE('',(#1413),#11601,.T.);
#12154=ADVANCED_FACE('',(#1414),#917,.F.);
#12155=ADVANCED_FACE('',(#1415),#11602,.T.);
#12156=ADVANCED_FACE('',(#1416),#918,.F.);
#12157=ADVANCED_FACE('',(#1417),#11603,.T.);
#12158=ADVANCED_FACE('',(#1418),#919,.F.);
#12159=ADVANCED_FACE('',(#1419),#11604,.T.);
#12160=ADVANCED_FACE('',(#1420),#920,.F.);
#12161=ADVANCED_FACE('',(#1421),#11605,.T.);
#12162=ADVANCED_FACE('',(#1422),#921,.F.);
#12163=ADVANCED_FACE('',(#1423),#11606,.T.);
#12164=ADVANCED_FACE('',(#1424),#922,.F.);
#12165=ADVANCED_FACE('',(#1425),#11607,.T.);
#12166=ADVANCED_FACE('',(#1426),#923,.F.);
#12167=ADVANCED_FACE('',(#1427),#11608,.T.);
#12168=ADVANCED_FACE('',(#1428),#924,.F.);
#12169=ADVANCED_FACE('',(#1429),#11609,.T.);
#12170=ADVANCED_FACE('',(#1430),#925,.F.);
#12171=ADVANCED_FACE('',(#1431),#11610,.T.);
#12172=ADVANCED_FACE('',(#1432),#926,.F.);
#12173=ADVANCED_FACE('',(#1433),#11611,.T.);
#12174=ADVANCED_FACE('',(#1434),#927,.F.);
#12175=ADVANCED_FACE('',(#1435),#11612,.T.);
#12176=ADVANCED_FACE('',(#1436),#928,.F.);
#12177=ADVANCED_FACE('',(#1437),#11613,.T.);
#12178=ADVANCED_FACE('',(#1438),#929,.F.);
#12179=ADVANCED_FACE('',(#1439),#11614,.T.);
#12180=ADVANCED_FACE('',(#1440),#930,.F.);
#12181=ADVANCED_FACE('',(#1441),#11615,.T.);
#12182=ADVANCED_FACE('',(#1442),#931,.F.);
#12183=ADVANCED_FACE('',(#1443),#11616,.T.);
#12184=ADVANCED_FACE('',(#1444),#932,.F.);
#12185=ADVANCED_FACE('',(#1445),#11617,.T.);
#12186=ADVANCED_FACE('',(#1446),#933,.F.);
#12187=ADVANCED_FACE('',(#1447),#11618,.T.);
#12188=ADVANCED_FACE('',(#1448),#934,.F.);
#12189=ADVANCED_FACE('',(#1449),#11619,.T.);
#12190=ADVANCED_FACE('',(#1450),#935,.F.);
#12191=ADVANCED_FACE('',(#1451),#11620,.T.);
#12192=ADVANCED_FACE('',(#1452),#936,.F.);
#12193=ADVANCED_FACE('',(#1453),#11621,.T.);
#12194=ADVANCED_FACE('',(#1454),#937,.F.);
#12195=ADVANCED_FACE('',(#1455),#11622,.T.);
#12196=ADVANCED_FACE('',(#1456),#938,.F.);
#12197=ADVANCED_FACE('',(#1457),#11623,.T.);
#12198=ADVANCED_FACE('',(#1458),#939,.F.);
#12199=ADVANCED_FACE('',(#1459),#11624,.T.);
#12200=ADVANCED_FACE('',(#1460),#940,.F.);
#12201=ADVANCED_FACE('',(#1461),#11625,.T.);
#12202=ADVANCED_FACE('',(#1462),#941,.F.);
#12203=ADVANCED_FACE('',(#1463),#11626,.T.);
#12204=ADVANCED_FACE('',(#1464),#942,.F.);
#12205=ADVANCED_FACE('',(#1465),#11627,.T.);
#12206=ADVANCED_FACE('',(#1466),#943,.F.);
#12207=ADVANCED_FACE('',(#1467),#11628,.T.);
#12208=ADVANCED_FACE('',(#1468),#944,.F.);
#12209=ADVANCED_FACE('',(#1469),#11629,.T.);
#12210=ADVANCED_FACE('',(#1470),#945,.F.);
#12211=ADVANCED_FACE('',(#1471),#11630,.T.);
#12212=ADVANCED_FACE('',(#1472),#946,.F.);
#12213=ADVANCED_FACE('',(#1473),#11631,.T.);
#12214=ADVANCED_FACE('',(#1474),#947,.F.);
#12215=ADVANCED_FACE('',(#1475),#11632,.T.);
#12216=ADVANCED_FACE('',(#1476),#948,.F.);
#12217=ADVANCED_FACE('',(#1477),#11633,.T.);
#12218=ADVANCED_FACE('',(#1478),#949,.F.);
#12219=ADVANCED_FACE('',(#1479),#11634,.T.);
#12220=ADVANCED_FACE('',(#1480),#950,.F.);
#12221=ADVANCED_FACE('',(#1481),#11635,.T.);
#12222=ADVANCED_FACE('',(#1482),#951,.F.);
#12223=ADVANCED_FACE('',(#1483),#11636,.T.);
#12224=ADVANCED_FACE('',(#1484),#952,.F.);
#12225=ADVANCED_FACE('',(#1485),#11637,.T.);
#12226=ADVANCED_FACE('',(#1486),#953,.F.);
#12227=ADVANCED_FACE('',(#1487),#11638,.T.);
#12228=ADVANCED_FACE('',(#1488),#954,.F.);
#12229=ADVANCED_FACE('',(#1489),#11639,.T.);
#12230=ADVANCED_FACE('',(#1490),#955,.F.);
#12231=ADVANCED_FACE('',(#1491),#11640,.T.);
#12232=ADVANCED_FACE('',(#1492),#956,.F.);
#12233=ADVANCED_FACE('',(#1493),#11641,.T.);
#12234=ADVANCED_FACE('',(#1494),#957,.F.);
#12235=ADVANCED_FACE('',(#1495),#11642,.T.);
#12236=ADVANCED_FACE('',(#1496),#958,.F.);
#12237=ADVANCED_FACE('',(#1497),#11643,.T.);
#12238=ADVANCED_FACE('',(#1498),#959,.F.);
#12239=ADVANCED_FACE('',(#1499),#11644,.T.);
#12240=ADVANCED_FACE('',(#1500),#960,.F.);
#12241=ADVANCED_FACE('',(#1501),#11645,.T.);
#12242=ADVANCED_FACE('',(#1502),#961,.F.);
#12243=ADVANCED_FACE('',(#1503),#11646,.T.);
#12244=ADVANCED_FACE('',(#1504),#962,.F.);
#12245=ADVANCED_FACE('',(#1505),#11647,.T.);
#12246=ADVANCED_FACE('',(#1506),#963,.F.);
#12247=ADVANCED_FACE('',(#1507),#11648,.T.);
#12248=ADVANCED_FACE('',(#1508),#964,.F.);
#12249=ADVANCED_FACE('',(#1509),#11649,.T.);
#12250=ADVANCED_FACE('',(#1510),#965,.F.);
#12251=ADVANCED_FACE('',(#1511),#11650,.T.);
#12252=ADVANCED_FACE('',(#1512),#966,.F.);
#12253=ADVANCED_FACE('',(#1513),#11651,.T.);
#12254=ADVANCED_FACE('',(#1514),#967,.F.);
#12255=ADVANCED_FACE('',(#1515),#11652,.T.);
#12256=ADVANCED_FACE('',(#1516),#968,.F.);
#12257=ADVANCED_FACE('',(#1517),#11653,.T.);
#12258=ADVANCED_FACE('',(#1518),#11654,.T.);
#12259=ADVANCED_FACE('',(#1519),#11655,.T.);
#12260=ADVANCED_FACE('',(#1520),#11656,.T.);
#12261=ADVANCED_FACE('',(#1521),#11657,.T.);
#12262=ADVANCED_FACE('',(#1522),#11658,.T.);
#12263=ADVANCED_FACE('',(#1523,#85,#86,#87,#88,#89,#90,#91,#92,#93,#94,
#95,#96,#97,#98,#99,#100,#101,#102,#103,#104,#105,#106,#107,#108,#109,#110,
#111,#112,#113,#114,#115,#116,#117,#118,#119),#11659,.T.);
#12264=ADVANCED_FACE('',(#1524,#120,#121,#122,#123,#124,#125,#126,#127,
#128,#129,#130,#131,#132,#133,#134,#135,#136,#137,#138,#139,#140,#141,#142,
#143,#144,#145,#146,#147,#148,#149,#150,#151,#152,#153,#154),#11660,.F.);
#12265=ADVANCED_FACE('',(#1525),#11661,.F.);
#12266=ADVANCED_FACE('',(#1526),#11662,.T.);
#12267=ADVANCED_FACE('',(#1527),#969,.F.);
#12268=ADVANCED_FACE('',(#1528),#11663,.T.);
#12269=ADVANCED_FACE('',(#1529),#11664,.T.);
#12270=ADVANCED_FACE('',(#1530),#11665,.T.);
#12271=ADVANCED_FACE('',(#1531),#11666,.T.);
#12272=ADVANCED_FACE('',(#1532),#11667,.T.);
#12273=ADVANCED_FACE('',(#1533),#11668,.T.);
#12274=ADVANCED_FACE('',(#1534),#11669,.T.);
#12275=ADVANCED_FACE('',(#1535,#155),#11670,.T.);
#12276=ADVANCED_FACE('',(#1536),#11671,.T.);
#12277=ADVANCED_FACE('',(#1537),#11672,.T.);
#12278=ADVANCED_FACE('',(#1538),#11673,.T.);
#12279=ADVANCED_FACE('',(#1539),#11674,.T.);
#12280=ADVANCED_FACE('',(#1540),#11675,.T.);
#12281=ADVANCED_FACE('',(#1541),#11676,.T.);
#12282=ADVANCED_FACE('',(#1542),#11677,.T.);
#12283=ADVANCED_FACE('',(#1543),#11678,.T.);
#12284=ADVANCED_FACE('',(#1544),#11679,.T.);
#12285=ADVANCED_FACE('',(#1545,#156),#11680,.T.);
#12286=ADVANCED_FACE('',(#1546),#11681,.T.);
#12287=ADVANCED_FACE('',(#1547,#157),#11682,.T.);
#12288=ADVANCED_FACE('',(#1548),#11683,.F.);
#12289=ADVANCED_FACE('',(#1549),#11684,.T.);
#12290=ADVANCED_FACE('',(#1550),#970,.F.);
#12291=ADVANCED_FACE('',(#1551),#11685,.T.);
#12292=ADVANCED_FACE('',(#1552),#11686,.T.);
#12293=ADVANCED_FACE('',(#1553),#11687,.T.);
#12294=ADVANCED_FACE('',(#1554),#11688,.T.);
#12295=ADVANCED_FACE('',(#1555),#11689,.T.);
#12296=ADVANCED_FACE('',(#1556),#11690,.T.);
#12297=ADVANCED_FACE('',(#1557),#11691,.T.);
#12298=ADVANCED_FACE('',(#1558),#11692,.T.);
#12299=ADVANCED_FACE('',(#1559,#158),#11693,.T.);
#12300=ADVANCED_FACE('',(#1560,#159),#11694,.T.);
#12301=ADVANCED_FACE('',(#1561),#11695,.T.);
#12302=ADVANCED_FACE('',(#1562),#11696,.T.);
#12303=ADVANCED_FACE('',(#1563),#11697,.T.);
#12304=ADVANCED_FACE('',(#1564),#11698,.T.);
#12305=ADVANCED_FACE('',(#1565),#11699,.T.);
#12306=ADVANCED_FACE('',(#1566),#11700,.T.);
#12307=ADVANCED_FACE('',(#1567),#11701,.T.);
#12308=ADVANCED_FACE('',(#1568),#11702,.T.);
#12309=ADVANCED_FACE('',(#1569),#11703,.T.);
#12310=ADVANCED_FACE('',(#1570),#11704,.T.);
#12311=ADVANCED_FACE('',(#1571),#11705,.T.);
#12312=ADVANCED_FACE('',(#1572),#11706,.T.);
#12313=ADVANCED_FACE('',(#1573),#11707,.T.);
#12314=ADVANCED_FACE('',(#1574,#160),#11708,.T.);
#12315=ADVANCED_FACE('',(#1575),#11709,.T.);
#12316=ADVANCED_FACE('',(#1576),#11710,.T.);
#12317=CLOSED_SHELL('',(#11711,#11712,#11713,#11714,#11715,#11716,#11717,
#11718,#11719,#11720,#11721,#11722,#11723,#11724,#11725,#11726,#11727,#11728,
#11729,#11730,#11731,#11732,#11733,#11734,#11735,#11736,#11737,#11738,#11739,
#11740,#11741,#11742,#11743,#11744,#11745,#11746,#11747,#11748,#11749,#11750,
#11751,#11752,#11753,#11754,#11755,#11756,#11757,#11758,#11759,#11760,#11761,
#11762,#11763,#11764,#11765,#11766,#11767,#11768,#11769,#11770,#11771,#11772,
#11773,#11774,#11775,#11776,#11777,#11778,#11779,#11780,#11781,#11782,#11783,
#11784,#11785,#11786,#11787,#11788,#11789,#11790,#11791,#11792,#11793,#11794,
#11795,#11796,#11797,#11798,#11799,#11800,#11801,#11802,#11803,#11804,#11805,
#11806,#11807,#11808,#11809,#11810,#11811,#11812,#11813,#11814,#11815,#11816,
#11817,#11818,#11819,#11820,#11821,#11822,#11823,#11824,#11825,#11826,#11827,
#11828,#11829,#11830,#11831,#11832,#11833,#11834,#11835,#11836,#11837,#11838,
#11839,#11840,#11841,#11842,#11843,#11844,#11845,#11846,#11847,#11848,#11849,
#11850,#11851,#11852,#11853,#11854,#11855,#11856,#11857,#11858,#11859,#11860,
#11861,#11862,#11863,#11864,#11865,#11866,#11867,#11868,#11869,#11870,#11871,
#11872,#11873,#11874,#11875,#11876,#11877,#11878,#11879,#11880,#11881,#11882,
#11883,#11884,#11885,#11886,#11887,#11888,#11889,#11890,#11891,#11892,#11893,
#11894,#11895,#11896,#11897,#11898,#11899,#11900,#11901,#11902,#11903,#11904,
#11905,#11906,#11907,#11908,#11909,#11910,#11911,#11912,#11913,#11914,#11915,
#11916,#11917,#11918,#11919,#11920,#11921,#11922,#11923,#11924,#11925,#11926,
#11927,#11928,#11929,#11930,#11931,#11932,#11933,#11934,#11935,#11936,#11937,
#11938,#11939,#11940,#11941,#11942,#11943,#11944,#11945,#11946,#11947,#11948,
#11949,#11950,#11951,#11952,#11953,#11954,#11955,#11956,#11957,#11958,#11959,
#11960,#11961,#11962,#11963,#11964,#11965,#11966,#11967,#11968,#11969,#11970,
#11971,#11972,#11973,#11974,#11975,#11976));
#12318=CLOSED_SHELL('',(#11977,#11978,#11979,#11980,#11981,#11982,#11983,
#11984,#11985,#11986,#11987,#11988,#11989,#11990,#11991,#11992,#11993,#11994,
#11995,#11996,#11997,#11998,#11999,#12000,#12001,#12002,#12003,#12004,#12005,
#12006,#12007,#12008,#12009,#12010,#12011,#12012,#12013,#12014,#12015,#12016,
#12017,#12018,#12019,#12020,#12021,#12022,#12023,#12024,#12025,#12026,#12027,
#12028,#12029,#12030,#12031,#12032,#12033,#12034,#12035,#12036,#12037,#12038,
#12039,#12040,#12041,#12042,#12043,#12044,#12045,#12046,#12047,#12048,#12049,
#12050,#12051,#12052,#12053,#12054,#12055,#12056,#12057,#12058,#12059,#12060,
#12061,#12062,#12063,#12064,#12065,#12066,#12067,#12068,#12069,#12070,#12071,
#12072,#12073,#12074,#12075,#12076,#12077,#12078,#12079,#12080,#12081,#12082,
#12083,#12084,#12085,#12086,#12087,#12088,#12089,#12090,#12091,#12092,#12093,
#12094,#12095,#12096,#12097,#12098,#12099,#12100,#12101,#12102,#12103,#12104,
#12105,#12106,#12107,#12108,#12109,#12110,#12111,#12112,#12113,#12114,#12115,
#12116,#12117,#12118,#12119,#12120,#12121,#12122,#12123,#12124,#12125,#12126,
#12127,#12128,#12129,#12130,#12131,#12132,#12133,#12134,#12135,#12136,#12137,
#12138,#12139,#12140,#12141,#12142,#12143,#12144,#12145,#12146,#12147,#12148,
#12149,#12150,#12151,#12152,#12153,#12154,#12155,#12156,#12157,#12158,#12159,
#12160,#12161,#12162,#12163,#12164,#12165,#12166,#12167,#12168,#12169,#12170,
#12171,#12172,#12173,#12174,#12175,#12176,#12177,#12178,#12179,#12180,#12181,
#12182,#12183,#12184,#12185,#12186,#12187,#12188,#12189,#12190,#12191,#12192,
#12193,#12194,#12195,#12196,#12197,#12198,#12199,#12200,#12201,#12202,#12203,
#12204,#12205,#12206,#12207,#12208,#12209,#12210,#12211,#12212,#12213,#12214,
#12215,#12216,#12217,#12218,#12219,#12220,#12221,#12222,#12223,#12224,#12225,
#12226,#12227,#12228,#12229,#12230,#12231,#12232,#12233,#12234,#12235,#12236,
#12237,#12238,#12239,#12240,#12241,#12242,#12243,#12244,#12245,#12246,#12247,
#12248,#12249,#12250,#12251,#12252,#12253,#12254,#12255,#12256,#12257,#12258,
#12259,#12260,#12261,#12262,#12263,#12264));
#12319=CLOSED_SHELL('',(#12265,#12266,#12267,#12268,#12269,#12270,#12271,
#12272,#12273,#12274,#12275,#12276,#12277,#12278,#12279,#12280,#12281,#12282,
#12283,#12284,#12285,#12286,#12287));
#12320=CLOSED_SHELL('',(#12288,#12289,#12290,#12291,#12292,#12293,#12294,
#12295,#12296,#12297,#12298,#12299,#12300,#12301,#12302,#12303,#12304,#12305,
#12306,#12307,#12308,#12309,#12310,#12311,#12312,#12313,#12314,#12315,#12316));
#12321=DERIVED_UNIT_ELEMENT(#12323,1.);
#12322=DERIVED_UNIT_ELEMENT(#20614,-3.);
#12323=(
MASS_UNIT()
NAMED_UNIT(*)
SI_UNIT(.KILO.,.GRAM.)
);
#12324=DERIVED_UNIT((#12321,#12322));
#12325=MEASURE_REPRESENTATION_ITEM('density measure',
POSITIVE_RATIO_MEASURE(7850.),#12324);
#12326=PROPERTY_DEFINITION_REPRESENTATION(#12331,#12328);
#12327=PROPERTY_DEFINITION_REPRESENTATION(#12332,#12329);
#12328=REPRESENTATION('material name',(#12330),#20611);
#12329=REPRESENTATION('density',(#12325),#20611);
#12330=DESCRIPTIVE_REPRESENTATION_ITEM('Steel','Steel');
#12331=PROPERTY_DEFINITION('material property','material name',#20621);
#12332=PROPERTY_DEFINITION('material property','density of part',#20621);
#12333=AXIS2_PLACEMENT_3D('',#17022,#13480,#13481);
#12334=AXIS2_PLACEMENT_3D('',#17023,#13482,#13483);
#12335=AXIS2_PLACEMENT_3D('',#17032,#13488,#13489);
#12336=AXIS2_PLACEMENT_3D('',#17034,#13490,#13491);
#12337=AXIS2_PLACEMENT_3D('',#17036,#13492,#13493);
#12338=AXIS2_PLACEMENT_3D('',#17038,#13495,#13496);
#12339=AXIS2_PLACEMENT_3D('',#17044,#13500,#13501);
#12340=AXIS2_PLACEMENT_3D('',#17046,#13502,#13503);
#12341=AXIS2_PLACEMENT_3D('',#17048,#13504,#13505);
#12342=AXIS2_PLACEMENT_3D('',#17050,#13507,#13508);
#12343=AXIS2_PLACEMENT_3D('',#17056,#13512,#13513);
#12344=AXIS2_PLACEMENT_3D('',#17058,#13514,#13515);
#12345=AXIS2_PLACEMENT_3D('',#17060,#13516,#13517);
#12346=AXIS2_PLACEMENT_3D('',#17062,#13519,#13520);
#12347=AXIS2_PLACEMENT_3D('',#17068,#13524,#13525);
#12348=AXIS2_PLACEMENT_3D('',#17069,#13526,#13527);
#12349=AXIS2_PLACEMENT_3D('',#17070,#13528,#13529);
#12350=AXIS2_PLACEMENT_3D('',#17071,#13530,#13531);
#12351=AXIS2_PLACEMENT_3D('',#17080,#13536,#13537);
#12352=AXIS2_PLACEMENT_3D('',#17082,#13538,#13539);
#12353=AXIS2_PLACEMENT_3D('',#17084,#13540,#13541);
#12354=AXIS2_PLACEMENT_3D('',#17086,#13543,#13544);
#12355=AXIS2_PLACEMENT_3D('',#17092,#13548,#13549);
#12356=AXIS2_PLACEMENT_3D('',#17094,#13550,#13551);
#12357=AXIS2_PLACEMENT_3D('',#17096,#13552,#13553);
#12358=AXIS2_PLACEMENT_3D('',#17098,#13555,#13556);
#12359=AXIS2_PLACEMENT_3D('',#17104,#13560,#13561);
#12360=AXIS2_PLACEMENT_3D('',#17106,#13562,#13563);
#12361=AXIS2_PLACEMENT_3D('',#17108,#13564,#13565);
#12362=AXIS2_PLACEMENT_3D('',#17110,#13567,#13568);
#12363=AXIS2_PLACEMENT_3D('',#17116,#13572,#13573);
#12364=AXIS2_PLACEMENT_3D('',#17117,#13574,#13575);
#12365=AXIS2_PLACEMENT_3D('',#17118,#13576,#13577);
#12366=AXIS2_PLACEMENT_3D('',#17119,#13578,#13579);
#12367=AXIS2_PLACEMENT_3D('',#17128,#13584,#13585);
#12368=AXIS2_PLACEMENT_3D('',#17130,#13586,#13587);
#12369=AXIS2_PLACEMENT_3D('',#17132,#13588,#13589);
#12370=AXIS2_PLACEMENT_3D('',#17134,#13591,#13592);
#12371=AXIS2_PLACEMENT_3D('',#17140,#13596,#13597);
#12372=AXIS2_PLACEMENT_3D('',#17142,#13598,#13599);
#12373=AXIS2_PLACEMENT_3D('',#17144,#13600,#13601);
#12374=AXIS2_PLACEMENT_3D('',#17146,#13603,#13604);
#12375=AXIS2_PLACEMENT_3D('',#17152,#13608,#13609);
#12376=AXIS2_PLACEMENT_3D('',#17154,#13610,#13611);
#12377=AXIS2_PLACEMENT_3D('',#17156,#13612,#13613);
#12378=AXIS2_PLACEMENT_3D('',#17158,#13615,#13616);
#12379=AXIS2_PLACEMENT_3D('',#17164,#13620,#13621);
#12380=AXIS2_PLACEMENT_3D('',#17165,#13622,#13623);
#12381=AXIS2_PLACEMENT_3D('',#17166,#13624,#13625);
#12382=AXIS2_PLACEMENT_3D('',#17167,#13626,#13627);
#12383=AXIS2_PLACEMENT_3D('',#17176,#13632,#13633);
#12384=AXIS2_PLACEMENT_3D('',#17178,#13634,#13635);
#12385=AXIS2_PLACEMENT_3D('',#17180,#13636,#13637);
#12386=AXIS2_PLACEMENT_3D('',#17182,#13639,#13640);
#12387=AXIS2_PLACEMENT_3D('',#17188,#13644,#13645);
#12388=AXIS2_PLACEMENT_3D('',#17190,#13646,#13647);
#12389=AXIS2_PLACEMENT_3D('',#17192,#13648,#13649);
#12390=AXIS2_PLACEMENT_3D('',#17194,#13651,#13652);
#12391=AXIS2_PLACEMENT_3D('',#17200,#13656,#13657);
#12392=AXIS2_PLACEMENT_3D('',#17202,#13658,#13659);
#12393=AXIS2_PLACEMENT_3D('',#17204,#13660,#13661);
#12394=AXIS2_PLACEMENT_3D('',#17206,#13663,#13664);
#12395=AXIS2_PLACEMENT_3D('',#17212,#13668,#13669);
#12396=AXIS2_PLACEMENT_3D('',#17213,#13670,#13671);
#12397=AXIS2_PLACEMENT_3D('',#17214,#13672,#13673);
#12398=AXIS2_PLACEMENT_3D('',#17215,#13674,#13675);
#12399=AXIS2_PLACEMENT_3D('',#17224,#13680,#13681);
#12400=AXIS2_PLACEMENT_3D('',#17226,#13682,#13683);
#12401=AXIS2_PLACEMENT_3D('',#17228,#13684,#13685);
#12402=AXIS2_PLACEMENT_3D('',#17230,#13687,#13688);
#12403=AXIS2_PLACEMENT_3D('',#17236,#13692,#13693);
#12404=AXIS2_PLACEMENT_3D('',#17238,#13694,#13695);
#12405=AXIS2_PLACEMENT_3D('',#17240,#13696,#13697);
#12406=AXIS2_PLACEMENT_3D('',#17242,#13699,#13700);
#12407=AXIS2_PLACEMENT_3D('',#17248,#13704,#13705);
#12408=AXIS2_PLACEMENT_3D('',#17250,#13706,#13707);
#12409=AXIS2_PLACEMENT_3D('',#17252,#13708,#13709);
#12410=AXIS2_PLACEMENT_3D('',#17254,#13711,#13712);
#12411=AXIS2_PLACEMENT_3D('',#17260,#13716,#13717);
#12412=AXIS2_PLACEMENT_3D('',#17261,#13718,#13719);
#12413=AXIS2_PLACEMENT_3D('',#17262,#13720,#13721);
#12414=AXIS2_PLACEMENT_3D('',#17263,#13722,#13723);
#12415=AXIS2_PLACEMENT_3D('',#17272,#13728,#13729);
#12416=AXIS2_PLACEMENT_3D('',#17274,#13730,#13731);
#12417=AXIS2_PLACEMENT_3D('',#17276,#13732,#13733);
#12418=AXIS2_PLACEMENT_3D('',#17278,#13735,#13736);
#12419=AXIS2_PLACEMENT_3D('',#17284,#13740,#13741);
#12420=AXIS2_PLACEMENT_3D('',#17286,#13742,#13743);
#12421=AXIS2_PLACEMENT_3D('',#17288,#13744,#13745);
#12422=AXIS2_PLACEMENT_3D('',#17290,#13747,#13748);
#12423=AXIS2_PLACEMENT_3D('',#17296,#13752,#13753);
#12424=AXIS2_PLACEMENT_3D('',#17298,#13754,#13755);
#12425=AXIS2_PLACEMENT_3D('',#17300,#13756,#13757);
#12426=AXIS2_PLACEMENT_3D('',#17302,#13759,#13760);
#12427=AXIS2_PLACEMENT_3D('',#17308,#13764,#13765);
#12428=AXIS2_PLACEMENT_3D('',#17309,#13766,#13767);
#12429=AXIS2_PLACEMENT_3D('',#17310,#13768,#13769);
#12430=AXIS2_PLACEMENT_3D('',#17311,#13770,#13771);
#12431=AXIS2_PLACEMENT_3D('',#17320,#13776,#13777);
#12432=AXIS2_PLACEMENT_3D('',#17322,#13778,#13779);
#12433=AXIS2_PLACEMENT_3D('',#17324,#13780,#13781);
#12434=AXIS2_PLACEMENT_3D('',#17326,#13783,#13784);
#12435=AXIS2_PLACEMENT_3D('',#17332,#13788,#13789);
#12436=AXIS2_PLACEMENT_3D('',#17334,#13790,#13791);
#12437=AXIS2_PLACEMENT_3D('',#17336,#13792,#13793);
#12438=AXIS2_PLACEMENT_3D('',#17338,#13795,#13796);
#12439=AXIS2_PLACEMENT_3D('',#17344,#13800,#13801);
#12440=AXIS2_PLACEMENT_3D('',#17346,#13802,#13803);
#12441=AXIS2_PLACEMENT_3D('',#17348,#13804,#13805);
#12442=AXIS2_PLACEMENT_3D('',#17350,#13807,#13808);
#12443=AXIS2_PLACEMENT_3D('',#17356,#13812,#13813);
#12444=AXIS2_PLACEMENT_3D('',#17357,#13814,#13815);
#12445=AXIS2_PLACEMENT_3D('',#17358,#13816,#13817);
#12446=AXIS2_PLACEMENT_3D('',#17359,#13818,#13819);
#12447=AXIS2_PLACEMENT_3D('',#17368,#13824,#13825);
#12448=AXIS2_PLACEMENT_3D('',#17370,#13826,#13827);
#12449=AXIS2_PLACEMENT_3D('',#17372,#13828,#13829);
#12450=AXIS2_PLACEMENT_3D('',#17374,#13831,#13832);
#12451=AXIS2_PLACEMENT_3D('',#17380,#13836,#13837);
#12452=AXIS2_PLACEMENT_3D('',#17382,#13838,#13839);
#12453=AXIS2_PLACEMENT_3D('',#17384,#13840,#13841);
#12454=AXIS2_PLACEMENT_3D('',#17386,#13843,#13844);
#12455=AXIS2_PLACEMENT_3D('',#17392,#13848,#13849);
#12456=AXIS2_PLACEMENT_3D('',#17394,#13850,#13851);
#12457=AXIS2_PLACEMENT_3D('',#17396,#13852,#13853);
#12458=AXIS2_PLACEMENT_3D('',#17398,#13855,#13856);
#12459=AXIS2_PLACEMENT_3D('',#17404,#13860,#13861);
#12460=AXIS2_PLACEMENT_3D('',#17405,#13862,#13863);
#12461=AXIS2_PLACEMENT_3D('',#17406,#13864,#13865);
#12462=AXIS2_PLACEMENT_3D('',#17407,#13866,#13867);
#12463=AXIS2_PLACEMENT_3D('',#17416,#13872,#13873);
#12464=AXIS2_PLACEMENT_3D('',#17418,#13874,#13875);
#12465=AXIS2_PLACEMENT_3D('',#17420,#13876,#13877);
#12466=AXIS2_PLACEMENT_3D('',#17422,#13879,#13880);
#12467=AXIS2_PLACEMENT_3D('',#17428,#13884,#13885);
#12468=AXIS2_PLACEMENT_3D('',#17430,#13886,#13887);
#12469=AXIS2_PLACEMENT_3D('',#17432,#13888,#13889);
#12470=AXIS2_PLACEMENT_3D('',#17434,#13891,#13892);
#12471=AXIS2_PLACEMENT_3D('',#17440,#13896,#13897);
#12472=AXIS2_PLACEMENT_3D('',#17442,#13898,#13899);
#12473=AXIS2_PLACEMENT_3D('',#17444,#13900,#13901);
#12474=AXIS2_PLACEMENT_3D('',#17446,#13903,#13904);
#12475=AXIS2_PLACEMENT_3D('',#17452,#13908,#13909);
#12476=AXIS2_PLACEMENT_3D('',#17453,#13910,#13911);
#12477=AXIS2_PLACEMENT_3D('',#17454,#13912,#13913);
#12478=AXIS2_PLACEMENT_3D('',#17455,#13914,#13915);
#12479=AXIS2_PLACEMENT_3D('',#17464,#13920,#13921);
#12480=AXIS2_PLACEMENT_3D('',#17466,#13922,#13923);
#12481=AXIS2_PLACEMENT_3D('',#17468,#13924,#13925);
#12482=AXIS2_PLACEMENT_3D('',#17470,#13927,#13928);
#12483=AXIS2_PLACEMENT_3D('',#17476,#13932,#13933);
#12484=AXIS2_PLACEMENT_3D('',#17478,#13934,#13935);
#12485=AXIS2_PLACEMENT_3D('',#17480,#13936,#13937);
#12486=AXIS2_PLACEMENT_3D('',#17482,#13939,#13940);
#12487=AXIS2_PLACEMENT_3D('',#17488,#13944,#13945);
#12488=AXIS2_PLACEMENT_3D('',#17490,#13946,#13947);
#12489=AXIS2_PLACEMENT_3D('',#17492,#13948,#13949);
#12490=AXIS2_PLACEMENT_3D('',#17494,#13951,#13952);
#12491=AXIS2_PLACEMENT_3D('',#17500,#13956,#13957);
#12492=AXIS2_PLACEMENT_3D('',#17501,#13958,#13959);
#12493=AXIS2_PLACEMENT_3D('',#17502,#13960,#13961);
#12494=AXIS2_PLACEMENT_3D('',#17503,#13962,#13963);
#12495=AXIS2_PLACEMENT_3D('',#17512,#13968,#13969);
#12496=AXIS2_PLACEMENT_3D('',#17514,#13970,#13971);
#12497=AXIS2_PLACEMENT_3D('',#17516,#13972,#13973);
#12498=AXIS2_PLACEMENT_3D('',#17518,#13975,#13976);
#12499=AXIS2_PLACEMENT_3D('',#17524,#13980,#13981);
#12500=AXIS2_PLACEMENT_3D('',#17526,#13982,#13983);
#12501=AXIS2_PLACEMENT_3D('',#17528,#13984,#13985);
#12502=AXIS2_PLACEMENT_3D('',#17530,#13987,#13988);
#12503=AXIS2_PLACEMENT_3D('',#17536,#13992,#13993);
#12504=AXIS2_PLACEMENT_3D('',#17538,#13994,#13995);
#12505=AXIS2_PLACEMENT_3D('',#17540,#13996,#13997);
#12506=AXIS2_PLACEMENT_3D('',#17542,#13999,#14000);
#12507=AXIS2_PLACEMENT_3D('',#17548,#14004,#14005);
#12508=AXIS2_PLACEMENT_3D('',#17549,#14006,#14007);
#12509=AXIS2_PLACEMENT_3D('',#17550,#14008,#14009);
#12510=AXIS2_PLACEMENT_3D('',#17551,#14010,#14011);
#12511=AXIS2_PLACEMENT_3D('',#17560,#14016,#14017);
#12512=AXIS2_PLACEMENT_3D('',#17562,#14018,#14019);
#12513=AXIS2_PLACEMENT_3D('',#17564,#14020,#14021);
#12514=AXIS2_PLACEMENT_3D('',#17566,#14023,#14024);
#12515=AXIS2_PLACEMENT_3D('',#17572,#14028,#14029);
#12516=AXIS2_PLACEMENT_3D('',#17574,#14030,#14031);
#12517=AXIS2_PLACEMENT_3D('',#17576,#14032,#14033);
#12518=AXIS2_PLACEMENT_3D('',#17578,#14035,#14036);
#12519=AXIS2_PLACEMENT_3D('',#17584,#14040,#14041);
#12520=AXIS2_PLACEMENT_3D('',#17586,#14042,#14043);
#12521=AXIS2_PLACEMENT_3D('',#17588,#14044,#14045);
#12522=AXIS2_PLACEMENT_3D('',#17590,#14047,#14048);
#12523=AXIS2_PLACEMENT_3D('',#17596,#14052,#14053);
#12524=AXIS2_PLACEMENT_3D('',#17597,#14054,#14055);
#12525=AXIS2_PLACEMENT_3D('',#17598,#14056,#14057);
#12526=AXIS2_PLACEMENT_3D('',#17599,#14058,#14059);
#12527=AXIS2_PLACEMENT_3D('',#17608,#14064,#14065);
#12528=AXIS2_PLACEMENT_3D('',#17610,#14066,#14067);
#12529=AXIS2_PLACEMENT_3D('',#17612,#14068,#14069);
#12530=AXIS2_PLACEMENT_3D('',#17614,#14071,#14072);
#12531=AXIS2_PLACEMENT_3D('',#17620,#14076,#14077);
#12532=AXIS2_PLACEMENT_3D('',#17622,#14078,#14079);
#12533=AXIS2_PLACEMENT_3D('',#17624,#14080,#14081);
#12534=AXIS2_PLACEMENT_3D('',#17626,#14083,#14084);
#12535=AXIS2_PLACEMENT_3D('',#17632,#14088,#14089);
#12536=AXIS2_PLACEMENT_3D('',#17634,#14090,#14091);
#12537=AXIS2_PLACEMENT_3D('',#17636,#14092,#14093);
#12538=AXIS2_PLACEMENT_3D('',#17638,#14095,#14096);
#12539=AXIS2_PLACEMENT_3D('',#17644,#14100,#14101);
#12540=AXIS2_PLACEMENT_3D('',#17645,#14102,#14103);
#12541=AXIS2_PLACEMENT_3D('',#17646,#14104,#14105);
#12542=AXIS2_PLACEMENT_3D('',#17647,#14106,#14107);
#12543=AXIS2_PLACEMENT_3D('',#17656,#14112,#14113);
#12544=AXIS2_PLACEMENT_3D('',#17658,#14114,#14115);
#12545=AXIS2_PLACEMENT_3D('',#17660,#14116,#14117);
#12546=AXIS2_PLACEMENT_3D('',#17662,#14119,#14120);
#12547=AXIS2_PLACEMENT_3D('',#17668,#14124,#14125);
#12548=AXIS2_PLACEMENT_3D('',#17670,#14126,#14127);
#12549=AXIS2_PLACEMENT_3D('',#17672,#14128,#14129);
#12550=AXIS2_PLACEMENT_3D('',#17674,#14131,#14132);
#12551=AXIS2_PLACEMENT_3D('',#17680,#14136,#14137);
#12552=AXIS2_PLACEMENT_3D('',#17682,#14138,#14139);
#12553=AXIS2_PLACEMENT_3D('',#17684,#14140,#14141);
#12554=AXIS2_PLACEMENT_3D('',#17686,#14143,#14144);
#12555=AXIS2_PLACEMENT_3D('',#17692,#14148,#14149);
#12556=AXIS2_PLACEMENT_3D('',#17693,#14150,#14151);
#12557=AXIS2_PLACEMENT_3D('',#17694,#14152,#14153);
#12558=AXIS2_PLACEMENT_3D('',#17695,#14154,#14155);
#12559=AXIS2_PLACEMENT_3D('',#17704,#14160,#14161);
#12560=AXIS2_PLACEMENT_3D('',#17706,#14162,#14163);
#12561=AXIS2_PLACEMENT_3D('',#17708,#14164,#14165);
#12562=AXIS2_PLACEMENT_3D('',#17710,#14167,#14168);
#12563=AXIS2_PLACEMENT_3D('',#17716,#14172,#14173);
#12564=AXIS2_PLACEMENT_3D('',#17718,#14174,#14175);
#12565=AXIS2_PLACEMENT_3D('',#17720,#14176,#14177);
#12566=AXIS2_PLACEMENT_3D('',#17722,#14179,#14180);
#12567=AXIS2_PLACEMENT_3D('',#17728,#14184,#14185);
#12568=AXIS2_PLACEMENT_3D('',#17730,#14186,#14187);
#12569=AXIS2_PLACEMENT_3D('',#17732,#14188,#14189);
#12570=AXIS2_PLACEMENT_3D('',#17734,#14191,#14192);
#12571=AXIS2_PLACEMENT_3D('',#17740,#14196,#14197);
#12572=AXIS2_PLACEMENT_3D('',#17741,#14198,#14199);
#12573=AXIS2_PLACEMENT_3D('',#17742,#14200,#14201);
#12574=AXIS2_PLACEMENT_3D('',#17743,#14202,#14203);
#12575=AXIS2_PLACEMENT_3D('',#17752,#14208,#14209);
#12576=AXIS2_PLACEMENT_3D('',#17754,#14210,#14211);
#12577=AXIS2_PLACEMENT_3D('',#17756,#14212,#14213);
#12578=AXIS2_PLACEMENT_3D('',#17758,#14215,#14216);
#12579=AXIS2_PLACEMENT_3D('',#17764,#14220,#14221);
#12580=AXIS2_PLACEMENT_3D('',#17766,#14222,#14223);
#12581=AXIS2_PLACEMENT_3D('',#17768,#14224,#14225);
#12582=AXIS2_PLACEMENT_3D('',#17770,#14227,#14228);
#12583=AXIS2_PLACEMENT_3D('',#17776,#14232,#14233);
#12584=AXIS2_PLACEMENT_3D('',#17778,#14234,#14235);
#12585=AXIS2_PLACEMENT_3D('',#17780,#14236,#14237);
#12586=AXIS2_PLACEMENT_3D('',#17782,#14239,#14240);
#12587=AXIS2_PLACEMENT_3D('',#17788,#14244,#14245);
#12588=AXIS2_PLACEMENT_3D('',#17789,#14246,#14247);
#12589=AXIS2_PLACEMENT_3D('',#17790,#14248,#14249);
#12590=AXIS2_PLACEMENT_3D('',#17791,#14250,#14251);
#12591=AXIS2_PLACEMENT_3D('',#17800,#14256,#14257);
#12592=AXIS2_PLACEMENT_3D('',#17802,#14258,#14259);
#12593=AXIS2_PLACEMENT_3D('',#17804,#14260,#14261);
#12594=AXIS2_PLACEMENT_3D('',#17806,#14263,#14264);
#12595=AXIS2_PLACEMENT_3D('',#17812,#14268,#14269);
#12596=AXIS2_PLACEMENT_3D('',#17814,#14270,#14271);
#12597=AXIS2_PLACEMENT_3D('',#17816,#14272,#14273);
#12598=AXIS2_PLACEMENT_3D('',#17818,#14275,#14276);
#12599=AXIS2_PLACEMENT_3D('',#17824,#14280,#14281);
#12600=AXIS2_PLACEMENT_3D('',#17826,#14282,#14283);
#12601=AXIS2_PLACEMENT_3D('',#17828,#14284,#14285);
#12602=AXIS2_PLACEMENT_3D('',#17830,#14287,#14288);
#12603=AXIS2_PLACEMENT_3D('',#17836,#14292,#14293);
#12604=AXIS2_PLACEMENT_3D('',#17837,#14294,#14295);
#12605=AXIS2_PLACEMENT_3D('',#17838,#14296,#14297);
#12606=AXIS2_PLACEMENT_3D('',#17839,#14298,#14299);
#12607=AXIS2_PLACEMENT_3D('',#17848,#14304,#14305);
#12608=AXIS2_PLACEMENT_3D('',#17850,#14306,#14307);
#12609=AXIS2_PLACEMENT_3D('',#17852,#14308,#14309);
#12610=AXIS2_PLACEMENT_3D('',#17854,#14311,#14312);
#12611=AXIS2_PLACEMENT_3D('',#17860,#14316,#14317);
#12612=AXIS2_PLACEMENT_3D('',#17862,#14318,#14319);
#12613=AXIS2_PLACEMENT_3D('',#17864,#14320,#14321);
#12614=AXIS2_PLACEMENT_3D('',#17866,#14323,#14324);
#12615=AXIS2_PLACEMENT_3D('',#17872,#14328,#14329);
#12616=AXIS2_PLACEMENT_3D('',#17874,#14330,#14331);
#12617=AXIS2_PLACEMENT_3D('',#17876,#14332,#14333);
#12618=AXIS2_PLACEMENT_3D('',#17878,#14335,#14336);
#12619=AXIS2_PLACEMENT_3D('',#17884,#14340,#14341);
#12620=AXIS2_PLACEMENT_3D('',#17885,#14342,#14343);
#12621=AXIS2_PLACEMENT_3D('',#17886,#14344,#14345);
#12622=AXIS2_PLACEMENT_3D('',#17887,#14346,#14347);
#12623=AXIS2_PLACEMENT_3D('',#17896,#14352,#14353);
#12624=AXIS2_PLACEMENT_3D('',#17898,#14354,#14355);
#12625=AXIS2_PLACEMENT_3D('',#17900,#14356,#14357);
#12626=AXIS2_PLACEMENT_3D('',#17902,#14359,#14360);
#12627=AXIS2_PLACEMENT_3D('',#17908,#14364,#14365);
#12628=AXIS2_PLACEMENT_3D('',#17910,#14366,#14367);
#12629=AXIS2_PLACEMENT_3D('',#17912,#14368,#14369);
#12630=AXIS2_PLACEMENT_3D('',#17914,#14371,#14372);
#12631=AXIS2_PLACEMENT_3D('',#17920,#14376,#14377);
#12632=AXIS2_PLACEMENT_3D('',#17922,#14378,#14379);
#12633=AXIS2_PLACEMENT_3D('',#17924,#14380,#14381);
#12634=AXIS2_PLACEMENT_3D('',#17926,#14383,#14384);
#12635=AXIS2_PLACEMENT_3D('',#17932,#14388,#14389);
#12636=AXIS2_PLACEMENT_3D('',#17933,#14390,#14391);
#12637=AXIS2_PLACEMENT_3D('',#17934,#14392,#14393);
#12638=AXIS2_PLACEMENT_3D('',#17935,#14394,#14395);
#12639=AXIS2_PLACEMENT_3D('',#17944,#14400,#14401);
#12640=AXIS2_PLACEMENT_3D('',#17946,#14402,#14403);
#12641=AXIS2_PLACEMENT_3D('',#17948,#14404,#14405);
#12642=AXIS2_PLACEMENT_3D('',#17950,#14407,#14408);
#12643=AXIS2_PLACEMENT_3D('',#17956,#14412,#14413);
#12644=AXIS2_PLACEMENT_3D('',#17958,#14414,#14415);
#12645=AXIS2_PLACEMENT_3D('',#17960,#14416,#14417);
#12646=AXIS2_PLACEMENT_3D('',#17962,#14419,#14420);
#12647=AXIS2_PLACEMENT_3D('',#17968,#14424,#14425);
#12648=AXIS2_PLACEMENT_3D('',#17970,#14426,#14427);
#12649=AXIS2_PLACEMENT_3D('',#17972,#14428,#14429);
#12650=AXIS2_PLACEMENT_3D('',#17974,#14431,#14432);
#12651=AXIS2_PLACEMENT_3D('',#17980,#14436,#14437);
#12652=AXIS2_PLACEMENT_3D('',#17981,#14438,#14439);
#12653=AXIS2_PLACEMENT_3D('',#17982,#14440,#14441);
#12654=AXIS2_PLACEMENT_3D('',#17983,#14442,#14443);
#12655=AXIS2_PLACEMENT_3D('',#17992,#14448,#14449);
#12656=AXIS2_PLACEMENT_3D('',#17994,#14450,#14451);
#12657=AXIS2_PLACEMENT_3D('',#17996,#14452,#14453);
#12658=AXIS2_PLACEMENT_3D('',#17998,#14455,#14456);
#12659=AXIS2_PLACEMENT_3D('',#18004,#14460,#14461);
#12660=AXIS2_PLACEMENT_3D('',#18006,#14462,#14463);
#12661=AXIS2_PLACEMENT_3D('',#18008,#14464,#14465);
#12662=AXIS2_PLACEMENT_3D('',#18010,#14467,#14468);
#12663=AXIS2_PLACEMENT_3D('',#18016,#14472,#14473);
#12664=AXIS2_PLACEMENT_3D('',#18018,#14474,#14475);
#12665=AXIS2_PLACEMENT_3D('',#18020,#14476,#14477);
#12666=AXIS2_PLACEMENT_3D('',#18022,#14479,#14480);
#12667=AXIS2_PLACEMENT_3D('',#18028,#14484,#14485);
#12668=AXIS2_PLACEMENT_3D('',#18029,#14486,#14487);
#12669=AXIS2_PLACEMENT_3D('',#18030,#14488,#14489);
#12670=AXIS2_PLACEMENT_3D('',#18031,#14490,#14491);
#12671=AXIS2_PLACEMENT_3D('',#18040,#14496,#14497);
#12672=AXIS2_PLACEMENT_3D('',#18042,#14498,#14499);
#12673=AXIS2_PLACEMENT_3D('',#18044,#14500,#14501);
#12674=AXIS2_PLACEMENT_3D('',#18046,#14503,#14504);
#12675=AXIS2_PLACEMENT_3D('',#18052,#14508,#14509);
#12676=AXIS2_PLACEMENT_3D('',#18054,#14510,#14511);
#12677=AXIS2_PLACEMENT_3D('',#18056,#14512,#14513);
#12678=AXIS2_PLACEMENT_3D('',#18058,#14515,#14516);
#12679=AXIS2_PLACEMENT_3D('',#18064,#14520,#14521);
#12680=AXIS2_PLACEMENT_3D('',#18066,#14522,#14523);
#12681=AXIS2_PLACEMENT_3D('',#18068,#14524,#14525);
#12682=AXIS2_PLACEMENT_3D('',#18070,#14527,#14528);
#12683=AXIS2_PLACEMENT_3D('',#18076,#14532,#14533);
#12684=AXIS2_PLACEMENT_3D('',#18077,#14534,#14535);
#12685=AXIS2_PLACEMENT_3D('',#18078,#14536,#14537);
#12686=AXIS2_PLACEMENT_3D('',#18079,#14538,#14539);
#12687=AXIS2_PLACEMENT_3D('',#18088,#14544,#14545);
#12688=AXIS2_PLACEMENT_3D('',#18090,#14546,#14547);
#12689=AXIS2_PLACEMENT_3D('',#18092,#14548,#14549);
#12690=AXIS2_PLACEMENT_3D('',#18094,#14551,#14552);
#12691=AXIS2_PLACEMENT_3D('',#18100,#14556,#14557);
#12692=AXIS2_PLACEMENT_3D('',#18102,#14558,#14559);
#12693=AXIS2_PLACEMENT_3D('',#18104,#14560,#14561);
#12694=AXIS2_PLACEMENT_3D('',#18106,#14563,#14564);
#12695=AXIS2_PLACEMENT_3D('',#18112,#14568,#14569);
#12696=AXIS2_PLACEMENT_3D('',#18114,#14570,#14571);
#12697=AXIS2_PLACEMENT_3D('',#18116,#14572,#14573);
#12698=AXIS2_PLACEMENT_3D('',#18118,#14575,#14576);
#12699=AXIS2_PLACEMENT_3D('',#18124,#14580,#14581);
#12700=AXIS2_PLACEMENT_3D('',#18125,#14582,#14583);
#12701=AXIS2_PLACEMENT_3D('',#18126,#14584,#14585);
#12702=AXIS2_PLACEMENT_3D('',#18127,#14586,#14587);
#12703=AXIS2_PLACEMENT_3D('',#18136,#14592,#14593);
#12704=AXIS2_PLACEMENT_3D('',#18138,#14594,#14595);
#12705=AXIS2_PLACEMENT_3D('',#18140,#14596,#14597);
#12706=AXIS2_PLACEMENT_3D('',#18142,#14599,#14600);
#12707=AXIS2_PLACEMENT_3D('',#18148,#14604,#14605);
#12708=AXIS2_PLACEMENT_3D('',#18150,#14606,#14607);
#12709=AXIS2_PLACEMENT_3D('',#18152,#14608,#14609);
#12710=AXIS2_PLACEMENT_3D('',#18154,#14611,#14612);
#12711=AXIS2_PLACEMENT_3D('',#18160,#14616,#14617);
#12712=AXIS2_PLACEMENT_3D('',#18162,#14618,#14619);
#12713=AXIS2_PLACEMENT_3D('',#18164,#14620,#14621);
#12714=AXIS2_PLACEMENT_3D('',#18166,#14623,#14624);
#12715=AXIS2_PLACEMENT_3D('',#18172,#14628,#14629);
#12716=AXIS2_PLACEMENT_3D('',#18173,#14630,#14631);
#12717=AXIS2_PLACEMENT_3D('',#18174,#14632,#14633);
#12718=AXIS2_PLACEMENT_3D('',#18175,#14634,#14635);
#12719=AXIS2_PLACEMENT_3D('',#18184,#14640,#14641);
#12720=AXIS2_PLACEMENT_3D('',#18186,#14642,#14643);
#12721=AXIS2_PLACEMENT_3D('',#18188,#14644,#14645);
#12722=AXIS2_PLACEMENT_3D('',#18190,#14647,#14648);
#12723=AXIS2_PLACEMENT_3D('',#18196,#14652,#14653);
#12724=AXIS2_PLACEMENT_3D('',#18198,#14654,#14655);
#12725=AXIS2_PLACEMENT_3D('',#18200,#14656,#14657);
#12726=AXIS2_PLACEMENT_3D('',#18202,#14659,#14660);
#12727=AXIS2_PLACEMENT_3D('',#18208,#14664,#14665);
#12728=AXIS2_PLACEMENT_3D('',#18210,#14666,#14667);
#12729=AXIS2_PLACEMENT_3D('',#18212,#14668,#14669);
#12730=AXIS2_PLACEMENT_3D('',#18214,#14671,#14672);
#12731=AXIS2_PLACEMENT_3D('',#18220,#14676,#14677);
#12732=AXIS2_PLACEMENT_3D('',#18221,#14678,#14679);
#12733=AXIS2_PLACEMENT_3D('',#18222,#14680,#14681);
#12734=AXIS2_PLACEMENT_3D('',#18223,#14682,#14683);
#12735=AXIS2_PLACEMENT_3D('',#18232,#14688,#14689);
#12736=AXIS2_PLACEMENT_3D('',#18234,#14690,#14691);
#12737=AXIS2_PLACEMENT_3D('',#18236,#14692,#14693);
#12738=AXIS2_PLACEMENT_3D('',#18238,#14695,#14696);
#12739=AXIS2_PLACEMENT_3D('',#18244,#14700,#14701);
#12740=AXIS2_PLACEMENT_3D('',#18246,#14702,#14703);
#12741=AXIS2_PLACEMENT_3D('',#18248,#14704,#14705);
#12742=AXIS2_PLACEMENT_3D('',#18250,#14707,#14708);
#12743=AXIS2_PLACEMENT_3D('',#18256,#14712,#14713);
#12744=AXIS2_PLACEMENT_3D('',#18258,#14714,#14715);
#12745=AXIS2_PLACEMENT_3D('',#18260,#14716,#14717);
#12746=AXIS2_PLACEMENT_3D('',#18262,#14719,#14720);
#12747=AXIS2_PLACEMENT_3D('',#18268,#14724,#14725);
#12748=AXIS2_PLACEMENT_3D('',#18269,#14726,#14727);
#12749=AXIS2_PLACEMENT_3D('',#18270,#14728,#14729);
#12750=AXIS2_PLACEMENT_3D('',#18271,#14730,#14731);
#12751=AXIS2_PLACEMENT_3D('',#18280,#14736,#14737);
#12752=AXIS2_PLACEMENT_3D('',#18282,#14738,#14739);
#12753=AXIS2_PLACEMENT_3D('',#18284,#14740,#14741);
#12754=AXIS2_PLACEMENT_3D('',#18286,#14743,#14744);
#12755=AXIS2_PLACEMENT_3D('',#18292,#14748,#14749);
#12756=AXIS2_PLACEMENT_3D('',#18294,#14750,#14751);
#12757=AXIS2_PLACEMENT_3D('',#18296,#14752,#14753);
#12758=AXIS2_PLACEMENT_3D('',#18298,#14755,#14756);
#12759=AXIS2_PLACEMENT_3D('',#18304,#14760,#14761);
#12760=AXIS2_PLACEMENT_3D('',#18306,#14762,#14763);
#12761=AXIS2_PLACEMENT_3D('',#18308,#14764,#14765);
#12762=AXIS2_PLACEMENT_3D('',#18310,#14767,#14768);
#12763=AXIS2_PLACEMENT_3D('',#18316,#14772,#14773);
#12764=AXIS2_PLACEMENT_3D('',#18317,#14774,#14775);
#12765=AXIS2_PLACEMENT_3D('',#18318,#14776,#14777);
#12766=AXIS2_PLACEMENT_3D('',#18319,#14778,#14779);
#12767=AXIS2_PLACEMENT_3D('',#18328,#14784,#14785);
#12768=AXIS2_PLACEMENT_3D('',#18330,#14786,#14787);
#12769=AXIS2_PLACEMENT_3D('',#18332,#14788,#14789);
#12770=AXIS2_PLACEMENT_3D('',#18334,#14791,#14792);
#12771=AXIS2_PLACEMENT_3D('',#18340,#14796,#14797);
#12772=AXIS2_PLACEMENT_3D('',#18342,#14798,#14799);
#12773=AXIS2_PLACEMENT_3D('',#18344,#14800,#14801);
#12774=AXIS2_PLACEMENT_3D('',#18346,#14803,#14804);
#12775=AXIS2_PLACEMENT_3D('',#18352,#14808,#14809);
#12776=AXIS2_PLACEMENT_3D('',#18354,#14810,#14811);
#12777=AXIS2_PLACEMENT_3D('',#18356,#14812,#14813);
#12778=AXIS2_PLACEMENT_3D('',#18358,#14815,#14816);
#12779=AXIS2_PLACEMENT_3D('',#18364,#14820,#14821);
#12780=AXIS2_PLACEMENT_3D('',#18365,#14822,#14823);
#12781=AXIS2_PLACEMENT_3D('',#18366,#14824,#14825);
#12782=AXIS2_PLACEMENT_3D('',#18367,#14826,#14827);
#12783=AXIS2_PLACEMENT_3D('',#18376,#14832,#14833);
#12784=AXIS2_PLACEMENT_3D('',#18378,#14834,#14835);
#12785=AXIS2_PLACEMENT_3D('',#18380,#14836,#14837);
#12786=AXIS2_PLACEMENT_3D('',#18382,#14839,#14840);
#12787=AXIS2_PLACEMENT_3D('',#18388,#14844,#14845);
#12788=AXIS2_PLACEMENT_3D('',#18390,#14846,#14847);
#12789=AXIS2_PLACEMENT_3D('',#18392,#14848,#14849);
#12790=AXIS2_PLACEMENT_3D('',#18394,#14851,#14852);
#12791=AXIS2_PLACEMENT_3D('',#18400,#14856,#14857);
#12792=AXIS2_PLACEMENT_3D('',#18402,#14858,#14859);
#12793=AXIS2_PLACEMENT_3D('',#18404,#14860,#14861);
#12794=AXIS2_PLACEMENT_3D('',#18406,#14863,#14864);
#12795=AXIS2_PLACEMENT_3D('',#18412,#14868,#14869);
#12796=AXIS2_PLACEMENT_3D('',#18413,#14870,#14871);
#12797=AXIS2_PLACEMENT_3D('',#18414,#14872,#14873);
#12798=AXIS2_PLACEMENT_3D('',#18415,#14874,#14875);
#12799=AXIS2_PLACEMENT_3D('',#18424,#14880,#14881);
#12800=AXIS2_PLACEMENT_3D('',#18426,#14882,#14883);
#12801=AXIS2_PLACEMENT_3D('',#18428,#14884,#14885);
#12802=AXIS2_PLACEMENT_3D('',#18430,#14887,#14888);
#12803=AXIS2_PLACEMENT_3D('',#18436,#14892,#14893);
#12804=AXIS2_PLACEMENT_3D('',#18438,#14894,#14895);
#12805=AXIS2_PLACEMENT_3D('',#18440,#14896,#14897);
#12806=AXIS2_PLACEMENT_3D('',#18442,#14899,#14900);
#12807=AXIS2_PLACEMENT_3D('',#18448,#14904,#14905);
#12808=AXIS2_PLACEMENT_3D('',#18450,#14906,#14907);
#12809=AXIS2_PLACEMENT_3D('',#18452,#14908,#14909);
#12810=AXIS2_PLACEMENT_3D('',#18454,#14911,#14912);
#12811=AXIS2_PLACEMENT_3D('',#18460,#14916,#14917);
#12812=AXIS2_PLACEMENT_3D('',#18461,#14918,#14919);
#12813=AXIS2_PLACEMENT_3D('',#18462,#14920,#14921);
#12814=AXIS2_PLACEMENT_3D('',#18463,#14922,#14923);
#12815=AXIS2_PLACEMENT_3D('',#18472,#14928,#14929);
#12816=AXIS2_PLACEMENT_3D('',#18474,#14930,#14931);
#12817=AXIS2_PLACEMENT_3D('',#18476,#14932,#14933);
#12818=AXIS2_PLACEMENT_3D('',#18478,#14935,#14936);
#12819=AXIS2_PLACEMENT_3D('',#18484,#14940,#14941);
#12820=AXIS2_PLACEMENT_3D('',#18486,#14942,#14943);
#12821=AXIS2_PLACEMENT_3D('',#18488,#14944,#14945);
#12822=AXIS2_PLACEMENT_3D('',#18490,#14947,#14948);
#12823=AXIS2_PLACEMENT_3D('',#18496,#14952,#14953);
#12824=AXIS2_PLACEMENT_3D('',#18498,#14954,#14955);
#12825=AXIS2_PLACEMENT_3D('',#18500,#14956,#14957);
#12826=AXIS2_PLACEMENT_3D('',#18502,#14959,#14960);
#12827=AXIS2_PLACEMENT_3D('',#18508,#14964,#14965);
#12828=AXIS2_PLACEMENT_3D('',#18509,#14966,#14967);
#12829=AXIS2_PLACEMENT_3D('',#18510,#14968,#14969);
#12830=AXIS2_PLACEMENT_3D('',#18511,#14970,#14971);
#12831=AXIS2_PLACEMENT_3D('',#18520,#14976,#14977);
#12832=AXIS2_PLACEMENT_3D('',#18522,#14978,#14979);
#12833=AXIS2_PLACEMENT_3D('',#18524,#14980,#14981);
#12834=AXIS2_PLACEMENT_3D('',#18526,#14983,#14984);
#12835=AXIS2_PLACEMENT_3D('',#18532,#14988,#14989);
#12836=AXIS2_PLACEMENT_3D('',#18534,#14990,#14991);
#12837=AXIS2_PLACEMENT_3D('',#18536,#14992,#14993);
#12838=AXIS2_PLACEMENT_3D('',#18538,#14995,#14996);
#12839=AXIS2_PLACEMENT_3D('',#18544,#15000,#15001);
#12840=AXIS2_PLACEMENT_3D('',#18546,#15002,#15003);
#12841=AXIS2_PLACEMENT_3D('',#18548,#15004,#15005);
#12842=AXIS2_PLACEMENT_3D('',#18550,#15007,#15008);
#12843=AXIS2_PLACEMENT_3D('',#18556,#15012,#15013);
#12844=AXIS2_PLACEMENT_3D('',#18557,#15014,#15015);
#12845=AXIS2_PLACEMENT_3D('',#18558,#15016,#15017);
#12846=AXIS2_PLACEMENT_3D('',#18559,#15018,#15019);
#12847=AXIS2_PLACEMENT_3D('',#18568,#15024,#15025);
#12848=AXIS2_PLACEMENT_3D('',#18574,#15029,#15030);
#12849=AXIS2_PLACEMENT_3D('',#18580,#15034,#15035);
#12850=AXIS2_PLACEMENT_3D('',#18586,#15039,#15040);
#12851=AXIS2_PLACEMENT_3D('',#18592,#15044,#15045);
#12852=AXIS2_PLACEMENT_3D('',#18598,#15049,#15050);
#12853=AXIS2_PLACEMENT_3D('',#18604,#15054,#15055);
#12854=AXIS2_PLACEMENT_3D('',#18607,#15058,#15059);
#12855=AXIS2_PLACEMENT_3D('',#18608,#15060,#15061);
#12856=AXIS2_PLACEMENT_3D('',#18609,#15062,#15063);
#12857=AXIS2_PLACEMENT_3D('',#18618,#15068,#15069);
#12858=AXIS2_PLACEMENT_3D('',#18620,#15070,#15071);
#12859=AXIS2_PLACEMENT_3D('',#18622,#15072,#15073);
#12860=AXIS2_PLACEMENT_3D('',#18624,#15075,#15076);
#12861=AXIS2_PLACEMENT_3D('',#18630,#15080,#15081);
#12862=AXIS2_PLACEMENT_3D('',#18632,#15082,#15083);
#12863=AXIS2_PLACEMENT_3D('',#18634,#15084,#15085);
#12864=AXIS2_PLACEMENT_3D('',#18636,#15087,#15088);
#12865=AXIS2_PLACEMENT_3D('',#18642,#15092,#15093);
#12866=AXIS2_PLACEMENT_3D('',#18644,#15094,#15095);
#12867=AXIS2_PLACEMENT_3D('',#18646,#15096,#15097);
#12868=AXIS2_PLACEMENT_3D('',#18648,#15099,#15100);
#12869=AXIS2_PLACEMENT_3D('',#18654,#15104,#15105);
#12870=AXIS2_PLACEMENT_3D('',#18655,#15106,#15107);
#12871=AXIS2_PLACEMENT_3D('',#18656,#15108,#15109);
#12872=AXIS2_PLACEMENT_3D('',#18657,#15110,#15111);
#12873=AXIS2_PLACEMENT_3D('',#18666,#15116,#15117);
#12874=AXIS2_PLACEMENT_3D('',#18668,#15118,#15119);
#12875=AXIS2_PLACEMENT_3D('',#18670,#15120,#15121);
#12876=AXIS2_PLACEMENT_3D('',#18672,#15123,#15124);
#12877=AXIS2_PLACEMENT_3D('',#18678,#15128,#15129);
#12878=AXIS2_PLACEMENT_3D('',#18680,#15130,#15131);
#12879=AXIS2_PLACEMENT_3D('',#18682,#15132,#15133);
#12880=AXIS2_PLACEMENT_3D('',#18684,#15135,#15136);
#12881=AXIS2_PLACEMENT_3D('',#18690,#15140,#15141);
#12882=AXIS2_PLACEMENT_3D('',#18692,#15142,#15143);
#12883=AXIS2_PLACEMENT_3D('',#18694,#15144,#15145);
#12884=AXIS2_PLACEMENT_3D('',#18696,#15147,#15148);
#12885=AXIS2_PLACEMENT_3D('',#18702,#15152,#15153);
#12886=AXIS2_PLACEMENT_3D('',#18703,#15154,#15155);
#12887=AXIS2_PLACEMENT_3D('',#18704,#15156,#15157);
#12888=AXIS2_PLACEMENT_3D('',#18705,#15158,#15159);
#12889=AXIS2_PLACEMENT_3D('',#18714,#15164,#15165);
#12890=AXIS2_PLACEMENT_3D('',#18716,#15166,#15167);
#12891=AXIS2_PLACEMENT_3D('',#18718,#15168,#15169);
#12892=AXIS2_PLACEMENT_3D('',#18720,#15171,#15172);
#12893=AXIS2_PLACEMENT_3D('',#18726,#15176,#15177);
#12894=AXIS2_PLACEMENT_3D('',#18728,#15178,#15179);
#12895=AXIS2_PLACEMENT_3D('',#18730,#15180,#15181);
#12896=AXIS2_PLACEMENT_3D('',#18732,#15183,#15184);
#12897=AXIS2_PLACEMENT_3D('',#18738,#15188,#15189);
#12898=AXIS2_PLACEMENT_3D('',#18740,#15190,#15191);
#12899=AXIS2_PLACEMENT_3D('',#18742,#15192,#15193);
#12900=AXIS2_PLACEMENT_3D('',#18744,#15195,#15196);
#12901=AXIS2_PLACEMENT_3D('',#18750,#15200,#15201);
#12902=AXIS2_PLACEMENT_3D('',#18751,#15202,#15203);
#12903=AXIS2_PLACEMENT_3D('',#18752,#15204,#15205);
#12904=AXIS2_PLACEMENT_3D('',#18753,#15206,#15207);
#12905=AXIS2_PLACEMENT_3D('',#18762,#15212,#15213);
#12906=AXIS2_PLACEMENT_3D('',#18764,#15214,#15215);
#12907=AXIS2_PLACEMENT_3D('',#18766,#15216,#15217);
#12908=AXIS2_PLACEMENT_3D('',#18768,#15219,#15220);
#12909=AXIS2_PLACEMENT_3D('',#18774,#15224,#15225);
#12910=AXIS2_PLACEMENT_3D('',#18776,#15226,#15227);
#12911=AXIS2_PLACEMENT_3D('',#18778,#15228,#15229);
#12912=AXIS2_PLACEMENT_3D('',#18780,#15231,#15232);
#12913=AXIS2_PLACEMENT_3D('',#18786,#15236,#15237);
#12914=AXIS2_PLACEMENT_3D('',#18788,#15238,#15239);
#12915=AXIS2_PLACEMENT_3D('',#18790,#15240,#15241);
#12916=AXIS2_PLACEMENT_3D('',#18792,#15243,#15244);
#12917=AXIS2_PLACEMENT_3D('',#18798,#15248,#15249);
#12918=AXIS2_PLACEMENT_3D('',#18799,#15250,#15251);
#12919=AXIS2_PLACEMENT_3D('',#18800,#15252,#15253);
#12920=AXIS2_PLACEMENT_3D('',#18801,#15254,#15255);
#12921=AXIS2_PLACEMENT_3D('',#18810,#15260,#15261);
#12922=AXIS2_PLACEMENT_3D('',#18812,#15262,#15263);
#12923=AXIS2_PLACEMENT_3D('',#18814,#15264,#15265);
#12924=AXIS2_PLACEMENT_3D('',#18816,#15267,#15268);
#12925=AXIS2_PLACEMENT_3D('',#18822,#15272,#15273);
#12926=AXIS2_PLACEMENT_3D('',#18824,#15274,#15275);
#12927=AXIS2_PLACEMENT_3D('',#18826,#15276,#15277);
#12928=AXIS2_PLACEMENT_3D('',#18828,#15279,#15280);
#12929=AXIS2_PLACEMENT_3D('',#18834,#15284,#15285);
#12930=AXIS2_PLACEMENT_3D('',#18836,#15286,#15287);
#12931=AXIS2_PLACEMENT_3D('',#18838,#15288,#15289);
#12932=AXIS2_PLACEMENT_3D('',#18840,#15291,#15292);
#12933=AXIS2_PLACEMENT_3D('',#18846,#15296,#15297);
#12934=AXIS2_PLACEMENT_3D('',#18847,#15298,#15299);
#12935=AXIS2_PLACEMENT_3D('',#18848,#15300,#15301);
#12936=AXIS2_PLACEMENT_3D('',#18849,#15302,#15303);
#12937=AXIS2_PLACEMENT_3D('',#18858,#15308,#15309);
#12938=AXIS2_PLACEMENT_3D('',#18860,#15310,#15311);
#12939=AXIS2_PLACEMENT_3D('',#18862,#15312,#15313);
#12940=AXIS2_PLACEMENT_3D('',#18864,#15315,#15316);
#12941=AXIS2_PLACEMENT_3D('',#18870,#15320,#15321);
#12942=AXIS2_PLACEMENT_3D('',#18872,#15322,#15323);
#12943=AXIS2_PLACEMENT_3D('',#18874,#15324,#15325);
#12944=AXIS2_PLACEMENT_3D('',#18876,#15327,#15328);
#12945=AXIS2_PLACEMENT_3D('',#18882,#15332,#15333);
#12946=AXIS2_PLACEMENT_3D('',#18884,#15334,#15335);
#12947=AXIS2_PLACEMENT_3D('',#18886,#15336,#15337);
#12948=AXIS2_PLACEMENT_3D('',#18888,#15339,#15340);
#12949=AXIS2_PLACEMENT_3D('',#18894,#15344,#15345);
#12950=AXIS2_PLACEMENT_3D('',#18895,#15346,#15347);
#12951=AXIS2_PLACEMENT_3D('',#18896,#15348,#15349);
#12952=AXIS2_PLACEMENT_3D('',#18897,#15350,#15351);
#12953=AXIS2_PLACEMENT_3D('',#18906,#15356,#15357);
#12954=AXIS2_PLACEMENT_3D('',#18908,#15358,#15359);
#12955=AXIS2_PLACEMENT_3D('',#18910,#15360,#15361);
#12956=AXIS2_PLACEMENT_3D('',#18912,#15363,#15364);
#12957=AXIS2_PLACEMENT_3D('',#18918,#15368,#15369);
#12958=AXIS2_PLACEMENT_3D('',#18920,#15370,#15371);
#12959=AXIS2_PLACEMENT_3D('',#18922,#15372,#15373);
#12960=AXIS2_PLACEMENT_3D('',#18924,#15375,#15376);
#12961=AXIS2_PLACEMENT_3D('',#18930,#15380,#15381);
#12962=AXIS2_PLACEMENT_3D('',#18932,#15382,#15383);
#12963=AXIS2_PLACEMENT_3D('',#18934,#15384,#15385);
#12964=AXIS2_PLACEMENT_3D('',#18936,#15387,#15388);
#12965=AXIS2_PLACEMENT_3D('',#18942,#15392,#15393);
#12966=AXIS2_PLACEMENT_3D('',#18943,#15394,#15395);
#12967=AXIS2_PLACEMENT_3D('',#18944,#15396,#15397);
#12968=AXIS2_PLACEMENT_3D('',#18945,#15398,#15399);
#12969=AXIS2_PLACEMENT_3D('',#18954,#15404,#15405);
#12970=AXIS2_PLACEMENT_3D('',#18956,#15406,#15407);
#12971=AXIS2_PLACEMENT_3D('',#18958,#15408,#15409);
#12972=AXIS2_PLACEMENT_3D('',#18960,#15411,#15412);
#12973=AXIS2_PLACEMENT_3D('',#18966,#15416,#15417);
#12974=AXIS2_PLACEMENT_3D('',#18968,#15418,#15419);
#12975=AXIS2_PLACEMENT_3D('',#18970,#15420,#15421);
#12976=AXIS2_PLACEMENT_3D('',#18972,#15423,#15424);
#12977=AXIS2_PLACEMENT_3D('',#18978,#15428,#15429);
#12978=AXIS2_PLACEMENT_3D('',#18980,#15430,#15431);
#12979=AXIS2_PLACEMENT_3D('',#18982,#15432,#15433);
#12980=AXIS2_PLACEMENT_3D('',#18984,#15435,#15436);
#12981=AXIS2_PLACEMENT_3D('',#18990,#15440,#15441);
#12982=AXIS2_PLACEMENT_3D('',#18991,#15442,#15443);
#12983=AXIS2_PLACEMENT_3D('',#18992,#15444,#15445);
#12984=AXIS2_PLACEMENT_3D('',#18993,#15446,#15447);
#12985=AXIS2_PLACEMENT_3D('',#19002,#15452,#15453);
#12986=AXIS2_PLACEMENT_3D('',#19004,#15454,#15455);
#12987=AXIS2_PLACEMENT_3D('',#19006,#15456,#15457);
#12988=AXIS2_PLACEMENT_3D('',#19008,#15459,#15460);
#12989=AXIS2_PLACEMENT_3D('',#19014,#15464,#15465);
#12990=AXIS2_PLACEMENT_3D('',#19016,#15466,#15467);
#12991=AXIS2_PLACEMENT_3D('',#19018,#15468,#15469);
#12992=AXIS2_PLACEMENT_3D('',#19020,#15471,#15472);
#12993=AXIS2_PLACEMENT_3D('',#19026,#15476,#15477);
#12994=AXIS2_PLACEMENT_3D('',#19028,#15478,#15479);
#12995=AXIS2_PLACEMENT_3D('',#19030,#15480,#15481);
#12996=AXIS2_PLACEMENT_3D('',#19032,#15483,#15484);
#12997=AXIS2_PLACEMENT_3D('',#19038,#15488,#15489);
#12998=AXIS2_PLACEMENT_3D('',#19039,#15490,#15491);
#12999=AXIS2_PLACEMENT_3D('',#19040,#15492,#15493);
#13000=AXIS2_PLACEMENT_3D('',#19041,#15494,#15495);
#13001=AXIS2_PLACEMENT_3D('',#19050,#15500,#15501);
#13002=AXIS2_PLACEMENT_3D('',#19052,#15502,#15503);
#13003=AXIS2_PLACEMENT_3D('',#19054,#15504,#15505);
#13004=AXIS2_PLACEMENT_3D('',#19056,#15507,#15508);
#13005=AXIS2_PLACEMENT_3D('',#19062,#15512,#15513);
#13006=AXIS2_PLACEMENT_3D('',#19064,#15514,#15515);
#13007=AXIS2_PLACEMENT_3D('',#19066,#15516,#15517);
#13008=AXIS2_PLACEMENT_3D('',#19068,#15519,#15520);
#13009=AXIS2_PLACEMENT_3D('',#19074,#15524,#15525);
#13010=AXIS2_PLACEMENT_3D('',#19076,#15526,#15527);
#13011=AXIS2_PLACEMENT_3D('',#19078,#15528,#15529);
#13012=AXIS2_PLACEMENT_3D('',#19080,#15531,#15532);
#13013=AXIS2_PLACEMENT_3D('',#19086,#15536,#15537);
#13014=AXIS2_PLACEMENT_3D('',#19087,#15538,#15539);
#13015=AXIS2_PLACEMENT_3D('',#19088,#15540,#15541);
#13016=AXIS2_PLACEMENT_3D('',#19089,#15542,#15543);
#13017=AXIS2_PLACEMENT_3D('',#19098,#15548,#15549);
#13018=AXIS2_PLACEMENT_3D('',#19100,#15550,#15551);
#13019=AXIS2_PLACEMENT_3D('',#19102,#15552,#15553);
#13020=AXIS2_PLACEMENT_3D('',#19104,#15555,#15556);
#13021=AXIS2_PLACEMENT_3D('',#19110,#15560,#15561);
#13022=AXIS2_PLACEMENT_3D('',#19112,#15562,#15563);
#13023=AXIS2_PLACEMENT_3D('',#19114,#15564,#15565);
#13024=AXIS2_PLACEMENT_3D('',#19116,#15567,#15568);
#13025=AXIS2_PLACEMENT_3D('',#19122,#15572,#15573);
#13026=AXIS2_PLACEMENT_3D('',#19124,#15574,#15575);
#13027=AXIS2_PLACEMENT_3D('',#19126,#15576,#15577);
#13028=AXIS2_PLACEMENT_3D('',#19128,#15579,#15580);
#13029=AXIS2_PLACEMENT_3D('',#19134,#15584,#15585);
#13030=AXIS2_PLACEMENT_3D('',#19135,#15586,#15587);
#13031=AXIS2_PLACEMENT_3D('',#19136,#15588,#15589);
#13032=AXIS2_PLACEMENT_3D('',#19137,#15590,#15591);
#13033=AXIS2_PLACEMENT_3D('',#19146,#15596,#15597);
#13034=AXIS2_PLACEMENT_3D('',#19148,#15598,#15599);
#13035=AXIS2_PLACEMENT_3D('',#19150,#15600,#15601);
#13036=AXIS2_PLACEMENT_3D('',#19152,#15603,#15604);
#13037=AXIS2_PLACEMENT_3D('',#19158,#15608,#15609);
#13038=AXIS2_PLACEMENT_3D('',#19160,#15610,#15611);
#13039=AXIS2_PLACEMENT_3D('',#19162,#15612,#15613);
#13040=AXIS2_PLACEMENT_3D('',#19164,#15615,#15616);
#13041=AXIS2_PLACEMENT_3D('',#19170,#15620,#15621);
#13042=AXIS2_PLACEMENT_3D('',#19172,#15622,#15623);
#13043=AXIS2_PLACEMENT_3D('',#19174,#15624,#15625);
#13044=AXIS2_PLACEMENT_3D('',#19176,#15627,#15628);
#13045=AXIS2_PLACEMENT_3D('',#19182,#15632,#15633);
#13046=AXIS2_PLACEMENT_3D('',#19183,#15634,#15635);
#13047=AXIS2_PLACEMENT_3D('',#19184,#15636,#15637);
#13048=AXIS2_PLACEMENT_3D('',#19185,#15638,#15639);
#13049=AXIS2_PLACEMENT_3D('',#19194,#15644,#15645);
#13050=AXIS2_PLACEMENT_3D('',#19196,#15646,#15647);
#13051=AXIS2_PLACEMENT_3D('',#19198,#15648,#15649);
#13052=AXIS2_PLACEMENT_3D('',#19200,#15651,#15652);
#13053=AXIS2_PLACEMENT_3D('',#19206,#15656,#15657);
#13054=AXIS2_PLACEMENT_3D('',#19208,#15658,#15659);
#13055=AXIS2_PLACEMENT_3D('',#19210,#15660,#15661);
#13056=AXIS2_PLACEMENT_3D('',#19212,#15663,#15664);
#13057=AXIS2_PLACEMENT_3D('',#19218,#15668,#15669);
#13058=AXIS2_PLACEMENT_3D('',#19220,#15670,#15671);
#13059=AXIS2_PLACEMENT_3D('',#19222,#15672,#15673);
#13060=AXIS2_PLACEMENT_3D('',#19224,#15675,#15676);
#13061=AXIS2_PLACEMENT_3D('',#19230,#15680,#15681);
#13062=AXIS2_PLACEMENT_3D('',#19231,#15682,#15683);
#13063=AXIS2_PLACEMENT_3D('',#19232,#15684,#15685);
#13064=AXIS2_PLACEMENT_3D('',#19233,#15686,#15687);
#13065=AXIS2_PLACEMENT_3D('',#19242,#15692,#15693);
#13066=AXIS2_PLACEMENT_3D('',#19244,#15694,#15695);
#13067=AXIS2_PLACEMENT_3D('',#19246,#15696,#15697);
#13068=AXIS2_PLACEMENT_3D('',#19248,#15699,#15700);
#13069=AXIS2_PLACEMENT_3D('',#19254,#15704,#15705);
#13070=AXIS2_PLACEMENT_3D('',#19256,#15706,#15707);
#13071=AXIS2_PLACEMENT_3D('',#19258,#15708,#15709);
#13072=AXIS2_PLACEMENT_3D('',#19260,#15711,#15712);
#13073=AXIS2_PLACEMENT_3D('',#19266,#15716,#15717);
#13074=AXIS2_PLACEMENT_3D('',#19268,#15718,#15719);
#13075=AXIS2_PLACEMENT_3D('',#19270,#15720,#15721);
#13076=AXIS2_PLACEMENT_3D('',#19272,#15723,#15724);
#13077=AXIS2_PLACEMENT_3D('',#19278,#15728,#15729);
#13078=AXIS2_PLACEMENT_3D('',#19279,#15730,#15731);
#13079=AXIS2_PLACEMENT_3D('',#19280,#15732,#15733);
#13080=AXIS2_PLACEMENT_3D('',#19281,#15734,#15735);
#13081=AXIS2_PLACEMENT_3D('',#19290,#15740,#15741);
#13082=AXIS2_PLACEMENT_3D('',#19292,#15742,#15743);
#13083=AXIS2_PLACEMENT_3D('',#19294,#15744,#15745);
#13084=AXIS2_PLACEMENT_3D('',#19296,#15747,#15748);
#13085=AXIS2_PLACEMENT_3D('',#19302,#15752,#15753);
#13086=AXIS2_PLACEMENT_3D('',#19304,#15754,#15755);
#13087=AXIS2_PLACEMENT_3D('',#19306,#15756,#15757);
#13088=AXIS2_PLACEMENT_3D('',#19308,#15759,#15760);
#13089=AXIS2_PLACEMENT_3D('',#19314,#15764,#15765);
#13090=AXIS2_PLACEMENT_3D('',#19316,#15766,#15767);
#13091=AXIS2_PLACEMENT_3D('',#19318,#15768,#15769);
#13092=AXIS2_PLACEMENT_3D('',#19320,#15771,#15772);
#13093=AXIS2_PLACEMENT_3D('',#19326,#15776,#15777);
#13094=AXIS2_PLACEMENT_3D('',#19327,#15778,#15779);
#13095=AXIS2_PLACEMENT_3D('',#19328,#15780,#15781);
#13096=AXIS2_PLACEMENT_3D('',#19329,#15782,#15783);
#13097=AXIS2_PLACEMENT_3D('',#19338,#15788,#15789);
#13098=AXIS2_PLACEMENT_3D('',#19340,#15790,#15791);
#13099=AXIS2_PLACEMENT_3D('',#19342,#15792,#15793);
#13100=AXIS2_PLACEMENT_3D('',#19344,#15795,#15796);
#13101=AXIS2_PLACEMENT_3D('',#19350,#15800,#15801);
#13102=AXIS2_PLACEMENT_3D('',#19352,#15802,#15803);
#13103=AXIS2_PLACEMENT_3D('',#19354,#15804,#15805);
#13104=AXIS2_PLACEMENT_3D('',#19356,#15807,#15808);
#13105=AXIS2_PLACEMENT_3D('',#19362,#15812,#15813);
#13106=AXIS2_PLACEMENT_3D('',#19364,#15814,#15815);
#13107=AXIS2_PLACEMENT_3D('',#19366,#15816,#15817);
#13108=AXIS2_PLACEMENT_3D('',#19368,#15819,#15820);
#13109=AXIS2_PLACEMENT_3D('',#19374,#15824,#15825);
#13110=AXIS2_PLACEMENT_3D('',#19375,#15826,#15827);
#13111=AXIS2_PLACEMENT_3D('',#19376,#15828,#15829);
#13112=AXIS2_PLACEMENT_3D('',#19377,#15830,#15831);
#13113=AXIS2_PLACEMENT_3D('',#19386,#15836,#15837);
#13114=AXIS2_PLACEMENT_3D('',#19388,#15838,#15839);
#13115=AXIS2_PLACEMENT_3D('',#19390,#15840,#15841);
#13116=AXIS2_PLACEMENT_3D('',#19392,#15843,#15844);
#13117=AXIS2_PLACEMENT_3D('',#19398,#15848,#15849);
#13118=AXIS2_PLACEMENT_3D('',#19400,#15850,#15851);
#13119=AXIS2_PLACEMENT_3D('',#19402,#15852,#15853);
#13120=AXIS2_PLACEMENT_3D('',#19404,#15855,#15856);
#13121=AXIS2_PLACEMENT_3D('',#19410,#15860,#15861);
#13122=AXIS2_PLACEMENT_3D('',#19412,#15862,#15863);
#13123=AXIS2_PLACEMENT_3D('',#19414,#15864,#15865);
#13124=AXIS2_PLACEMENT_3D('',#19416,#15867,#15868);
#13125=AXIS2_PLACEMENT_3D('',#19422,#15872,#15873);
#13126=AXIS2_PLACEMENT_3D('',#19423,#15874,#15875);
#13127=AXIS2_PLACEMENT_3D('',#19424,#15876,#15877);
#13128=AXIS2_PLACEMENT_3D('',#19425,#15878,#15879);
#13129=AXIS2_PLACEMENT_3D('',#19434,#15884,#15885);
#13130=AXIS2_PLACEMENT_3D('',#19436,#15886,#15887);
#13131=AXIS2_PLACEMENT_3D('',#19438,#15888,#15889);
#13132=AXIS2_PLACEMENT_3D('',#19440,#15891,#15892);
#13133=AXIS2_PLACEMENT_3D('',#19446,#15896,#15897);
#13134=AXIS2_PLACEMENT_3D('',#19448,#15898,#15899);
#13135=AXIS2_PLACEMENT_3D('',#19450,#15900,#15901);
#13136=AXIS2_PLACEMENT_3D('',#19452,#15903,#15904);
#13137=AXIS2_PLACEMENT_3D('',#19458,#15908,#15909);
#13138=AXIS2_PLACEMENT_3D('',#19460,#15910,#15911);
#13139=AXIS2_PLACEMENT_3D('',#19462,#15912,#15913);
#13140=AXIS2_PLACEMENT_3D('',#19464,#15915,#15916);
#13141=AXIS2_PLACEMENT_3D('',#19470,#15920,#15921);
#13142=AXIS2_PLACEMENT_3D('',#19471,#15922,#15923);
#13143=AXIS2_PLACEMENT_3D('',#19472,#15924,#15925);
#13144=AXIS2_PLACEMENT_3D('',#19473,#15926,#15927);
#13145=AXIS2_PLACEMENT_3D('',#19482,#15932,#15933);
#13146=AXIS2_PLACEMENT_3D('',#19484,#15934,#15935);
#13147=AXIS2_PLACEMENT_3D('',#19486,#15936,#15937);
#13148=AXIS2_PLACEMENT_3D('',#19488,#15939,#15940);
#13149=AXIS2_PLACEMENT_3D('',#19494,#15944,#15945);
#13150=AXIS2_PLACEMENT_3D('',#19496,#15946,#15947);
#13151=AXIS2_PLACEMENT_3D('',#19498,#15948,#15949);
#13152=AXIS2_PLACEMENT_3D('',#19500,#15951,#15952);
#13153=AXIS2_PLACEMENT_3D('',#19506,#15956,#15957);
#13154=AXIS2_PLACEMENT_3D('',#19508,#15958,#15959);
#13155=AXIS2_PLACEMENT_3D('',#19510,#15960,#15961);
#13156=AXIS2_PLACEMENT_3D('',#19512,#15963,#15964);
#13157=AXIS2_PLACEMENT_3D('',#19518,#15968,#15969);
#13158=AXIS2_PLACEMENT_3D('',#19519,#15970,#15971);
#13159=AXIS2_PLACEMENT_3D('',#19520,#15972,#15973);
#13160=AXIS2_PLACEMENT_3D('',#19521,#15974,#15975);
#13161=AXIS2_PLACEMENT_3D('',#19530,#15980,#15981);
#13162=AXIS2_PLACEMENT_3D('',#19532,#15982,#15983);
#13163=AXIS2_PLACEMENT_3D('',#19534,#15984,#15985);
#13164=AXIS2_PLACEMENT_3D('',#19536,#15987,#15988);
#13165=AXIS2_PLACEMENT_3D('',#19542,#15992,#15993);
#13166=AXIS2_PLACEMENT_3D('',#19544,#15994,#15995);
#13167=AXIS2_PLACEMENT_3D('',#19546,#15996,#15997);
#13168=AXIS2_PLACEMENT_3D('',#19548,#15999,#16000);
#13169=AXIS2_PLACEMENT_3D('',#19554,#16004,#16005);
#13170=AXIS2_PLACEMENT_3D('',#19556,#16006,#16007);
#13171=AXIS2_PLACEMENT_3D('',#19558,#16008,#16009);
#13172=AXIS2_PLACEMENT_3D('',#19560,#16011,#16012);
#13173=AXIS2_PLACEMENT_3D('',#19566,#16016,#16017);
#13174=AXIS2_PLACEMENT_3D('',#19567,#16018,#16019);
#13175=AXIS2_PLACEMENT_3D('',#19568,#16020,#16021);
#13176=AXIS2_PLACEMENT_3D('',#19569,#16022,#16023);
#13177=AXIS2_PLACEMENT_3D('',#19578,#16028,#16029);
#13178=AXIS2_PLACEMENT_3D('',#19580,#16030,#16031);
#13179=AXIS2_PLACEMENT_3D('',#19582,#16032,#16033);
#13180=AXIS2_PLACEMENT_3D('',#19584,#16035,#16036);
#13181=AXIS2_PLACEMENT_3D('',#19590,#16040,#16041);
#13182=AXIS2_PLACEMENT_3D('',#19592,#16042,#16043);
#13183=AXIS2_PLACEMENT_3D('',#19594,#16044,#16045);
#13184=AXIS2_PLACEMENT_3D('',#19596,#16047,#16048);
#13185=AXIS2_PLACEMENT_3D('',#19602,#16052,#16053);
#13186=AXIS2_PLACEMENT_3D('',#19604,#16054,#16055);
#13187=AXIS2_PLACEMENT_3D('',#19606,#16056,#16057);
#13188=AXIS2_PLACEMENT_3D('',#19608,#16059,#16060);
#13189=AXIS2_PLACEMENT_3D('',#19614,#16064,#16065);
#13190=AXIS2_PLACEMENT_3D('',#19615,#16066,#16067);
#13191=AXIS2_PLACEMENT_3D('',#19616,#16068,#16069);
#13192=AXIS2_PLACEMENT_3D('',#19617,#16070,#16071);
#13193=AXIS2_PLACEMENT_3D('',#19626,#16076,#16077);
#13194=AXIS2_PLACEMENT_3D('',#19628,#16078,#16079);
#13195=AXIS2_PLACEMENT_3D('',#19630,#16080,#16081);
#13196=AXIS2_PLACEMENT_3D('',#19632,#16083,#16084);
#13197=AXIS2_PLACEMENT_3D('',#19638,#16088,#16089);
#13198=AXIS2_PLACEMENT_3D('',#19640,#16090,#16091);
#13199=AXIS2_PLACEMENT_3D('',#19642,#16092,#16093);
#13200=AXIS2_PLACEMENT_3D('',#19644,#16095,#16096);
#13201=AXIS2_PLACEMENT_3D('',#19650,#16100,#16101);
#13202=AXIS2_PLACEMENT_3D('',#19652,#16102,#16103);
#13203=AXIS2_PLACEMENT_3D('',#19654,#16104,#16105);
#13204=AXIS2_PLACEMENT_3D('',#19656,#16107,#16108);
#13205=AXIS2_PLACEMENT_3D('',#19662,#16112,#16113);
#13206=AXIS2_PLACEMENT_3D('',#19663,#16114,#16115);
#13207=AXIS2_PLACEMENT_3D('',#19664,#16116,#16117);
#13208=AXIS2_PLACEMENT_3D('',#19665,#16118,#16119);
#13209=AXIS2_PLACEMENT_3D('',#19674,#16124,#16125);
#13210=AXIS2_PLACEMENT_3D('',#19676,#16126,#16127);
#13211=AXIS2_PLACEMENT_3D('',#19678,#16128,#16129);
#13212=AXIS2_PLACEMENT_3D('',#19680,#16131,#16132);
#13213=AXIS2_PLACEMENT_3D('',#19686,#16136,#16137);
#13214=AXIS2_PLACEMENT_3D('',#19688,#16138,#16139);
#13215=AXIS2_PLACEMENT_3D('',#19690,#16140,#16141);
#13216=AXIS2_PLACEMENT_3D('',#19692,#16143,#16144);
#13217=AXIS2_PLACEMENT_3D('',#19698,#16148,#16149);
#13218=AXIS2_PLACEMENT_3D('',#19700,#16150,#16151);
#13219=AXIS2_PLACEMENT_3D('',#19702,#16152,#16153);
#13220=AXIS2_PLACEMENT_3D('',#19704,#16155,#16156);
#13221=AXIS2_PLACEMENT_3D('',#19710,#16160,#16161);
#13222=AXIS2_PLACEMENT_3D('',#19711,#16162,#16163);
#13223=AXIS2_PLACEMENT_3D('',#19712,#16164,#16165);
#13224=AXIS2_PLACEMENT_3D('',#19713,#16166,#16167);
#13225=AXIS2_PLACEMENT_3D('',#19722,#16172,#16173);
#13226=AXIS2_PLACEMENT_3D('',#19724,#16174,#16175);
#13227=AXIS2_PLACEMENT_3D('',#19726,#16176,#16177);
#13228=AXIS2_PLACEMENT_3D('',#19728,#16179,#16180);
#13229=AXIS2_PLACEMENT_3D('',#19734,#16184,#16185);
#13230=AXIS2_PLACEMENT_3D('',#19736,#16186,#16187);
#13231=AXIS2_PLACEMENT_3D('',#19738,#16188,#16189);
#13232=AXIS2_PLACEMENT_3D('',#19740,#16191,#16192);
#13233=AXIS2_PLACEMENT_3D('',#19746,#16196,#16197);
#13234=AXIS2_PLACEMENT_3D('',#19748,#16198,#16199);
#13235=AXIS2_PLACEMENT_3D('',#19750,#16200,#16201);
#13236=AXIS2_PLACEMENT_3D('',#19752,#16203,#16204);
#13237=AXIS2_PLACEMENT_3D('',#19758,#16208,#16209);
#13238=AXIS2_PLACEMENT_3D('',#19759,#16210,#16211);
#13239=AXIS2_PLACEMENT_3D('',#19760,#16212,#16213);
#13240=AXIS2_PLACEMENT_3D('',#19761,#16214,#16215);
#13241=AXIS2_PLACEMENT_3D('',#19770,#16220,#16221);
#13242=AXIS2_PLACEMENT_3D('',#19772,#16222,#16223);
#13243=AXIS2_PLACEMENT_3D('',#19774,#16224,#16225);
#13244=AXIS2_PLACEMENT_3D('',#19776,#16227,#16228);
#13245=AXIS2_PLACEMENT_3D('',#19782,#16232,#16233);
#13246=AXIS2_PLACEMENT_3D('',#19784,#16234,#16235);
#13247=AXIS2_PLACEMENT_3D('',#19786,#16236,#16237);
#13248=AXIS2_PLACEMENT_3D('',#19788,#16239,#16240);
#13249=AXIS2_PLACEMENT_3D('',#19794,#16244,#16245);
#13250=AXIS2_PLACEMENT_3D('',#19796,#16246,#16247);
#13251=AXIS2_PLACEMENT_3D('',#19798,#16248,#16249);
#13252=AXIS2_PLACEMENT_3D('',#19800,#16251,#16252);
#13253=AXIS2_PLACEMENT_3D('',#19806,#16256,#16257);
#13254=AXIS2_PLACEMENT_3D('',#19807,#16258,#16259);
#13255=AXIS2_PLACEMENT_3D('',#19808,#16260,#16261);
#13256=AXIS2_PLACEMENT_3D('',#19809,#16262,#16263);
#13257=AXIS2_PLACEMENT_3D('',#19818,#16268,#16269);
#13258=AXIS2_PLACEMENT_3D('',#19820,#16270,#16271);
#13259=AXIS2_PLACEMENT_3D('',#19822,#16272,#16273);
#13260=AXIS2_PLACEMENT_3D('',#19824,#16275,#16276);
#13261=AXIS2_PLACEMENT_3D('',#19830,#16280,#16281);
#13262=AXIS2_PLACEMENT_3D('',#19832,#16282,#16283);
#13263=AXIS2_PLACEMENT_3D('',#19834,#16284,#16285);
#13264=AXIS2_PLACEMENT_3D('',#19836,#16287,#16288);
#13265=AXIS2_PLACEMENT_3D('',#19842,#16292,#16293);
#13266=AXIS2_PLACEMENT_3D('',#19844,#16294,#16295);
#13267=AXIS2_PLACEMENT_3D('',#19846,#16296,#16297);
#13268=AXIS2_PLACEMENT_3D('',#19848,#16299,#16300);
#13269=AXIS2_PLACEMENT_3D('',#19854,#16304,#16305);
#13270=AXIS2_PLACEMENT_3D('',#19855,#16306,#16307);
#13271=AXIS2_PLACEMENT_3D('',#19856,#16308,#16309);
#13272=AXIS2_PLACEMENT_3D('',#19857,#16310,#16311);
#13273=AXIS2_PLACEMENT_3D('',#19866,#16316,#16317);
#13274=AXIS2_PLACEMENT_3D('',#19868,#16318,#16319);
#13275=AXIS2_PLACEMENT_3D('',#19870,#16320,#16321);
#13276=AXIS2_PLACEMENT_3D('',#19872,#16323,#16324);
#13277=AXIS2_PLACEMENT_3D('',#19878,#16328,#16329);
#13278=AXIS2_PLACEMENT_3D('',#19880,#16330,#16331);
#13279=AXIS2_PLACEMENT_3D('',#19882,#16332,#16333);
#13280=AXIS2_PLACEMENT_3D('',#19884,#16335,#16336);
#13281=AXIS2_PLACEMENT_3D('',#19890,#16340,#16341);
#13282=AXIS2_PLACEMENT_3D('',#19892,#16342,#16343);
#13283=AXIS2_PLACEMENT_3D('',#19894,#16344,#16345);
#13284=AXIS2_PLACEMENT_3D('',#19896,#16347,#16348);
#13285=AXIS2_PLACEMENT_3D('',#19902,#16352,#16353);
#13286=AXIS2_PLACEMENT_3D('',#19903,#16354,#16355);
#13287=AXIS2_PLACEMENT_3D('',#19904,#16356,#16357);
#13288=AXIS2_PLACEMENT_3D('',#19905,#16358,#16359);
#13289=AXIS2_PLACEMENT_3D('',#19914,#16364,#16365);
#13290=AXIS2_PLACEMENT_3D('',#19916,#16366,#16367);
#13291=AXIS2_PLACEMENT_3D('',#19918,#16368,#16369);
#13292=AXIS2_PLACEMENT_3D('',#19920,#16371,#16372);
#13293=AXIS2_PLACEMENT_3D('',#19926,#16376,#16377);
#13294=AXIS2_PLACEMENT_3D('',#19928,#16378,#16379);
#13295=AXIS2_PLACEMENT_3D('',#19930,#16380,#16381);
#13296=AXIS2_PLACEMENT_3D('',#19932,#16383,#16384);
#13297=AXIS2_PLACEMENT_3D('',#19938,#16388,#16389);
#13298=AXIS2_PLACEMENT_3D('',#19940,#16390,#16391);
#13299=AXIS2_PLACEMENT_3D('',#19942,#16392,#16393);
#13300=AXIS2_PLACEMENT_3D('',#19944,#16395,#16396);
#13301=AXIS2_PLACEMENT_3D('',#19950,#16400,#16401);
#13302=AXIS2_PLACEMENT_3D('',#19951,#16402,#16403);
#13303=AXIS2_PLACEMENT_3D('',#19952,#16404,#16405);
#13304=AXIS2_PLACEMENT_3D('',#19953,#16406,#16407);
#13305=AXIS2_PLACEMENT_3D('',#19962,#16412,#16413);
#13306=AXIS2_PLACEMENT_3D('',#19964,#16414,#16415);
#13307=AXIS2_PLACEMENT_3D('',#19966,#16416,#16417);
#13308=AXIS2_PLACEMENT_3D('',#19968,#16419,#16420);
#13309=AXIS2_PLACEMENT_3D('',#19974,#16424,#16425);
#13310=AXIS2_PLACEMENT_3D('',#19976,#16426,#16427);
#13311=AXIS2_PLACEMENT_3D('',#19978,#16428,#16429);
#13312=AXIS2_PLACEMENT_3D('',#19980,#16431,#16432);
#13313=AXIS2_PLACEMENT_3D('',#19986,#16436,#16437);
#13314=AXIS2_PLACEMENT_3D('',#19988,#16438,#16439);
#13315=AXIS2_PLACEMENT_3D('',#19990,#16440,#16441);
#13316=AXIS2_PLACEMENT_3D('',#19992,#16443,#16444);
#13317=AXIS2_PLACEMENT_3D('',#19998,#16448,#16449);
#13318=AXIS2_PLACEMENT_3D('',#19999,#16450,#16451);
#13319=AXIS2_PLACEMENT_3D('',#20000,#16452,#16453);
#13320=AXIS2_PLACEMENT_3D('',#20001,#16454,#16455);
#13321=AXIS2_PLACEMENT_3D('',#20010,#16460,#16461);
#13322=AXIS2_PLACEMENT_3D('',#20012,#16462,#16463);
#13323=AXIS2_PLACEMENT_3D('',#20014,#16464,#16465);
#13324=AXIS2_PLACEMENT_3D('',#20016,#16467,#16468);
#13325=AXIS2_PLACEMENT_3D('',#20022,#16472,#16473);
#13326=AXIS2_PLACEMENT_3D('',#20024,#16474,#16475);
#13327=AXIS2_PLACEMENT_3D('',#20026,#16476,#16477);
#13328=AXIS2_PLACEMENT_3D('',#20028,#16479,#16480);
#13329=AXIS2_PLACEMENT_3D('',#20034,#16484,#16485);
#13330=AXIS2_PLACEMENT_3D('',#20036,#16486,#16487);
#13331=AXIS2_PLACEMENT_3D('',#20038,#16488,#16489);
#13332=AXIS2_PLACEMENT_3D('',#20040,#16491,#16492);
#13333=AXIS2_PLACEMENT_3D('',#20046,#16496,#16497);
#13334=AXIS2_PLACEMENT_3D('',#20047,#16498,#16499);
#13335=AXIS2_PLACEMENT_3D('',#20048,#16500,#16501);
#13336=AXIS2_PLACEMENT_3D('',#20049,#16502,#16503);
#13337=AXIS2_PLACEMENT_3D('',#20058,#16508,#16509);
#13338=AXIS2_PLACEMENT_3D('',#20060,#16510,#16511);
#13339=AXIS2_PLACEMENT_3D('',#20062,#16512,#16513);
#13340=AXIS2_PLACEMENT_3D('',#20064,#16515,#16516);
#13341=AXIS2_PLACEMENT_3D('',#20070,#16520,#16521);
#13342=AXIS2_PLACEMENT_3D('',#20072,#16522,#16523);
#13343=AXIS2_PLACEMENT_3D('',#20074,#16524,#16525);
#13344=AXIS2_PLACEMENT_3D('',#20076,#16527,#16528);
#13345=AXIS2_PLACEMENT_3D('',#20082,#16532,#16533);
#13346=AXIS2_PLACEMENT_3D('',#20084,#16534,#16535);
#13347=AXIS2_PLACEMENT_3D('',#20086,#16536,#16537);
#13348=AXIS2_PLACEMENT_3D('',#20088,#16539,#16540);
#13349=AXIS2_PLACEMENT_3D('',#20094,#16544,#16545);
#13350=AXIS2_PLACEMENT_3D('',#20095,#16546,#16547);
#13351=AXIS2_PLACEMENT_3D('',#20096,#16548,#16549);
#13352=AXIS2_PLACEMENT_3D('',#20097,#16550,#16551);
#13353=AXIS2_PLACEMENT_3D('',#20106,#16556,#16557);
#13354=AXIS2_PLACEMENT_3D('',#20108,#16558,#16559);
#13355=AXIS2_PLACEMENT_3D('',#20110,#16560,#16561);
#13356=AXIS2_PLACEMENT_3D('',#20112,#16563,#16564);
#13357=AXIS2_PLACEMENT_3D('',#20118,#16568,#16569);
#13358=AXIS2_PLACEMENT_3D('',#20120,#16570,#16571);
#13359=AXIS2_PLACEMENT_3D('',#20122,#16572,#16573);
#13360=AXIS2_PLACEMENT_3D('',#20124,#16575,#16576);
#13361=AXIS2_PLACEMENT_3D('',#20130,#16580,#16581);
#13362=AXIS2_PLACEMENT_3D('',#20132,#16582,#16583);
#13363=AXIS2_PLACEMENT_3D('',#20134,#16584,#16585);
#13364=AXIS2_PLACEMENT_3D('',#20136,#16587,#16588);
#13365=AXIS2_PLACEMENT_3D('',#20142,#16592,#16593);
#13366=AXIS2_PLACEMENT_3D('',#20143,#16594,#16595);
#13367=AXIS2_PLACEMENT_3D('',#20144,#16596,#16597);
#13368=AXIS2_PLACEMENT_3D('',#20145,#16598,#16599);
#13369=AXIS2_PLACEMENT_3D('',#20154,#16604,#16605);
#13370=AXIS2_PLACEMENT_3D('',#20156,#16606,#16607);
#13371=AXIS2_PLACEMENT_3D('',#20158,#16608,#16609);
#13372=AXIS2_PLACEMENT_3D('',#20160,#16611,#16612);
#13373=AXIS2_PLACEMENT_3D('',#20166,#16616,#16617);
#13374=AXIS2_PLACEMENT_3D('',#20168,#16618,#16619);
#13375=AXIS2_PLACEMENT_3D('',#20170,#16620,#16621);
#13376=AXIS2_PLACEMENT_3D('',#20172,#16623,#16624);
#13377=AXIS2_PLACEMENT_3D('',#20178,#16628,#16629);
#13378=AXIS2_PLACEMENT_3D('',#20180,#16630,#16631);
#13379=AXIS2_PLACEMENT_3D('',#20182,#16632,#16633);
#13380=AXIS2_PLACEMENT_3D('',#20184,#16635,#16636);
#13381=AXIS2_PLACEMENT_3D('',#20190,#16640,#16641);
#13382=AXIS2_PLACEMENT_3D('',#20191,#16642,#16643);
#13383=AXIS2_PLACEMENT_3D('',#20192,#16644,#16645);
#13384=AXIS2_PLACEMENT_3D('',#20193,#16646,#16647);
#13385=AXIS2_PLACEMENT_3D('',#20202,#16652,#16653);
#13386=AXIS2_PLACEMENT_3D('',#20204,#16654,#16655);
#13387=AXIS2_PLACEMENT_3D('',#20206,#16656,#16657);
#13388=AXIS2_PLACEMENT_3D('',#20208,#16659,#16660);
#13389=AXIS2_PLACEMENT_3D('',#20214,#16664,#16665);
#13390=AXIS2_PLACEMENT_3D('',#20216,#16666,#16667);
#13391=AXIS2_PLACEMENT_3D('',#20218,#16668,#16669);
#13392=AXIS2_PLACEMENT_3D('',#20220,#16671,#16672);
#13393=AXIS2_PLACEMENT_3D('',#20226,#16676,#16677);
#13394=AXIS2_PLACEMENT_3D('',#20228,#16678,#16679);
#13395=AXIS2_PLACEMENT_3D('',#20230,#16680,#16681);
#13396=AXIS2_PLACEMENT_3D('',#20232,#16683,#16684);
#13397=AXIS2_PLACEMENT_3D('',#20238,#16688,#16689);
#13398=AXIS2_PLACEMENT_3D('',#20239,#16690,#16691);
#13399=AXIS2_PLACEMENT_3D('',#20240,#16692,#16693);
#13400=AXIS2_PLACEMENT_3D('',#20241,#16694,#16695);
#13401=AXIS2_PLACEMENT_3D('',#20250,#16700,#16701);
#13402=AXIS2_PLACEMENT_3D('',#20252,#16702,#16703);
#13403=AXIS2_PLACEMENT_3D('',#20254,#16704,#16705);
#13404=AXIS2_PLACEMENT_3D('',#20256,#16707,#16708);
#13405=AXIS2_PLACEMENT_3D('',#20262,#16712,#16713);
#13406=AXIS2_PLACEMENT_3D('',#20264,#16714,#16715);
#13407=AXIS2_PLACEMENT_3D('',#20266,#16716,#16717);
#13408=AXIS2_PLACEMENT_3D('',#20268,#16719,#16720);
#13409=AXIS2_PLACEMENT_3D('',#20274,#16724,#16725);
#13410=AXIS2_PLACEMENT_3D('',#20276,#16726,#16727);
#13411=AXIS2_PLACEMENT_3D('',#20278,#16728,#16729);
#13412=AXIS2_PLACEMENT_3D('',#20280,#16731,#16732);
#13413=AXIS2_PLACEMENT_3D('',#20286,#16736,#16737);
#13414=AXIS2_PLACEMENT_3D('',#20287,#16738,#16739);
#13415=AXIS2_PLACEMENT_3D('',#20288,#16740,#16741);
#13416=AXIS2_PLACEMENT_3D('',#20289,#16742,#16743);
#13417=AXIS2_PLACEMENT_3D('',#20298,#16748,#16749);
#13418=AXIS2_PLACEMENT_3D('',#20304,#16753,#16754);
#13419=AXIS2_PLACEMENT_3D('',#20310,#16758,#16759);
#13420=AXIS2_PLACEMENT_3D('',#20316,#16763,#16764);
#13421=AXIS2_PLACEMENT_3D('',#20322,#16768,#16769);
#13422=AXIS2_PLACEMENT_3D('',#20325,#16772,#16773);
#13423=AXIS2_PLACEMENT_3D('',#20326,#16774,#16775);
#13424=AXIS2_PLACEMENT_3D('',#20327,#16776,#16777);
#13425=AXIS2_PLACEMENT_3D('',#20340,#16784,#16785);
#13426=AXIS2_PLACEMENT_3D('',#20353,#16792,#16793);
#13427=AXIS2_PLACEMENT_3D('',#20358,#16795,#16796);
#13428=AXIS2_PLACEMENT_3D('',#20361,#16798,#16799);
#13429=AXIS2_PLACEMENT_3D('',#20362,#16800,#16801);
#13430=AXIS2_PLACEMENT_3D('',#20370,#16807,#16808);
#13431=AXIS2_PLACEMENT_3D('',#20376,#16812,#16813);
#13432=AXIS2_PLACEMENT_3D('',#20382,#16817,#16818);
#13433=AXIS2_PLACEMENT_3D('',#20384,#16820,#16821);
#13434=AXIS2_PLACEMENT_3D('',#20388,#16824,#16825);
#13435=AXIS2_PLACEMENT_3D('',#20394,#16829,#16830);
#13436=AXIS2_PLACEMENT_3D('',#20396,#16832,#16833);
#13437=AXIS2_PLACEMENT_3D('',#20412,#16842,#16843);
#13438=AXIS2_PLACEMENT_3D('',#20414,#16845,#16846);
#13439=AXIS2_PLACEMENT_3D('',#20415,#16847,#16848);
#13440=AXIS2_PLACEMENT_3D('',#20421,#16852,#16853);
#13441=AXIS2_PLACEMENT_3D('',#20425,#16856,#16857);
#13442=AXIS2_PLACEMENT_3D('',#20429,#16860,#16861);
#13443=AXIS2_PLACEMENT_3D('',#20433,#16864,#16865);
#13444=AXIS2_PLACEMENT_3D('',#20437,#16868,#16869);
#13445=AXIS2_PLACEMENT_3D('',#20439,#16871,#16872);
#13446=AXIS2_PLACEMENT_3D('',#20443,#16875,#16876);
#13447=AXIS2_PLACEMENT_3D('',#20447,#16879,#16880);
#13448=AXIS2_PLACEMENT_3D('',#20449,#16882,#16883);
#13449=AXIS2_PLACEMENT_3D('',#20450,#16884,#16885);
#13450=AXIS2_PLACEMENT_3D('',#20467,#16894,#16895);
#13451=AXIS2_PLACEMENT_3D('',#20484,#16904,#16905);
#13452=AXIS2_PLACEMENT_3D('',#20489,#16907,#16908);
#13453=AXIS2_PLACEMENT_3D('',#20492,#16910,#16911);
#13454=AXIS2_PLACEMENT_3D('',#20493,#16912,#16913);
#13455=AXIS2_PLACEMENT_3D('',#20501,#16919,#16920);
#13456=AXIS2_PLACEMENT_3D('',#20505,#16923,#16924);
#13457=AXIS2_PLACEMENT_3D('',#20509,#16927,#16928);
#13458=AXIS2_PLACEMENT_3D('',#20513,#16931,#16932);
#13459=AXIS2_PLACEMENT_3D('',#20517,#16935,#16936);
#13460=AXIS2_PLACEMENT_3D('',#20521,#16939,#16940);
#13461=AXIS2_PLACEMENT_3D('',#20525,#16943,#16944);
#13462=AXIS2_PLACEMENT_3D('',#20527,#16946,#16947);
#13463=AXIS2_PLACEMENT_3D('',#20544,#16956,#16957);
#13464=AXIS2_PLACEMENT_3D('',#20550,#16961,#16962);
#13465=AXIS2_PLACEMENT_3D('',#20554,#16965,#16966);
#13466=AXIS2_PLACEMENT_3D('',#20560,#16970,#16971);
#13467=AXIS2_PLACEMENT_3D('',#20562,#16973,#16974);
#13468=AXIS2_PLACEMENT_3D('',#20568,#16978,#16979);
#13469=AXIS2_PLACEMENT_3D('',#20572,#16982,#16983);
#13470=AXIS2_PLACEMENT_3D('',#20576,#16986,#16987);
#13471=AXIS2_PLACEMENT_3D('',#20580,#16990,#16991);
#13472=AXIS2_PLACEMENT_3D('',#20584,#16994,#16995);
#13473=AXIS2_PLACEMENT_3D('',#20588,#16998,#16999);
#13474=AXIS2_PLACEMENT_3D('',#20592,#17002,#17003);
#13475=AXIS2_PLACEMENT_3D('',#20594,#17005,#17006);
#13476=AXIS2_PLACEMENT_3D('',#20598,#17009,#17010);
#13477=AXIS2_PLACEMENT_3D('',#20602,#17013,#17014);
#13478=AXIS2_PLACEMENT_3D('',#20606,#17017,#17018);
#13479=AXIS2_PLACEMENT_3D('',#20608,#17020,#17021);
#13480=DIRECTION('axis',(0.,0.,1.));
#13481=DIRECTION('refdir',(1.,0.,0.));
#13482=DIRECTION('center_axis',(1.,0.,0.));
#13483=DIRECTION('ref_axis',(0.,1.,0.));
#13484=DIRECTION('',(0.,1.,0.));
#13485=DIRECTION('',(0.,0.,1.));
#13486=DIRECTION('',(0.,1.,0.));
#13487=DIRECTION('',(0.,0.,1.));
#13488=DIRECTION('center_axis',(0.,0.,1.));
#13489=DIRECTION('ref_axis',(-1.,0.,0.));
#13490=DIRECTION('center_axis',(0.,0.,-1.));
#13491=DIRECTION('ref_axis',(-1.,0.,0.));
#13492=DIRECTION('center_axis',(0.,0.,-1.));
#13493=DIRECTION('ref_axis',(-1.,0.,0.));
#13494=DIRECTION('',(0.,0.,1.));
#13495=DIRECTION('center_axis',(0.,1.,0.));
#13496=DIRECTION('ref_axis',(-1.,0.,0.));
#13497=DIRECTION('',(-1.,0.,0.));
#13498=DIRECTION('',(-1.,0.,0.));
#13499=DIRECTION('',(0.,0.,1.));
#13500=DIRECTION('center_axis',(0.,0.,1.));
#13501=DIRECTION('ref_axis',(0.,-1.,0.));
#13502=DIRECTION('center_axis',(0.,0.,-1.));
#13503=DIRECTION('ref_axis',(0.,-1.,0.));
#13504=DIRECTION('center_axis',(0.,0.,-1.));
#13505=DIRECTION('ref_axis',(0.,-1.,0.));
#13506=DIRECTION('',(0.,0.,1.));
#13507=DIRECTION('center_axis',(-1.,0.,0.));
#13508=DIRECTION('ref_axis',(0.,-1.,0.));
#13509=DIRECTION('',(0.,-1.,0.));
#13510=DIRECTION('',(0.,-1.,0.));
#13511=DIRECTION('',(0.,0.,1.));
#13512=DIRECTION('center_axis',(0.,0.,1.));
#13513=DIRECTION('ref_axis',(1.,0.,0.));
#13514=DIRECTION('center_axis',(0.,0.,-1.));
#13515=DIRECTION('ref_axis',(1.,0.,0.));
#13516=DIRECTION('center_axis',(0.,0.,-1.));
#13517=DIRECTION('ref_axis',(1.,0.,0.));
#13518=DIRECTION('',(0.,0.,1.));
#13519=DIRECTION('center_axis',(0.,-1.,0.));
#13520=DIRECTION('ref_axis',(1.,0.,0.));
#13521=DIRECTION('',(1.,0.,0.));
#13522=DIRECTION('',(1.,0.,0.));
#13523=DIRECTION('',(0.,0.,1.));
#13524=DIRECTION('center_axis',(0.,0.,1.));
#13525=DIRECTION('ref_axis',(0.,1.,0.));
#13526=DIRECTION('center_axis',(0.,0.,-1.));
#13527=DIRECTION('ref_axis',(0.,1.,0.));
#13528=DIRECTION('center_axis',(0.,0.,-1.));
#13529=DIRECTION('ref_axis',(0.,1.,0.));
#13530=DIRECTION('center_axis',(1.,0.,0.));
#13531=DIRECTION('ref_axis',(0.,1.,0.));
#13532=DIRECTION('',(0.,1.,0.));
#13533=DIRECTION('',(0.,0.,1.));
#13534=DIRECTION('',(0.,1.,0.));
#13535=DIRECTION('',(0.,0.,1.));
#13536=DIRECTION('center_axis',(0.,0.,1.));
#13537=DIRECTION('ref_axis',(-1.,0.,0.));
#13538=DIRECTION('center_axis',(0.,0.,-1.));
#13539=DIRECTION('ref_axis',(-1.,0.,0.));
#13540=DIRECTION('center_axis',(0.,0.,-1.));
#13541=DIRECTION('ref_axis',(-1.,0.,0.));
#13542=DIRECTION('',(0.,0.,1.));
#13543=DIRECTION('center_axis',(0.,1.,0.));
#13544=DIRECTION('ref_axis',(-1.,0.,0.));
#13545=DIRECTION('',(-1.,0.,0.));
#13546=DIRECTION('',(-1.,0.,0.));
#13547=DIRECTION('',(0.,0.,1.));
#13548=DIRECTION('center_axis',(0.,0.,1.));
#13549=DIRECTION('ref_axis',(0.,-1.,0.));
#13550=DIRECTION('center_axis',(0.,0.,-1.));
#13551=DIRECTION('ref_axis',(0.,-1.,0.));
#13552=DIRECTION('center_axis',(0.,0.,-1.));
#13553=DIRECTION('ref_axis',(0.,-1.,0.));
#13554=DIRECTION('',(0.,0.,1.));
#13555=DIRECTION('center_axis',(-1.,0.,0.));
#13556=DIRECTION('ref_axis',(0.,-1.,0.));
#13557=DIRECTION('',(0.,-1.,0.));
#13558=DIRECTION('',(0.,-1.,0.));
#13559=DIRECTION('',(0.,0.,1.));
#13560=DIRECTION('center_axis',(0.,0.,1.));
#13561=DIRECTION('ref_axis',(1.,0.,0.));
#13562=DIRECTION('center_axis',(0.,0.,-1.));
#13563=DIRECTION('ref_axis',(1.,0.,0.));
#13564=DIRECTION('center_axis',(0.,0.,-1.));
#13565=DIRECTION('ref_axis',(1.,0.,0.));
#13566=DIRECTION('',(0.,0.,1.));
#13567=DIRECTION('center_axis',(0.,-1.,0.));
#13568=DIRECTION('ref_axis',(1.,0.,0.));
#13569=DIRECTION('',(1.,0.,0.));
#13570=DIRECTION('',(1.,0.,0.));
#13571=DIRECTION('',(0.,0.,1.));
#13572=DIRECTION('center_axis',(0.,0.,1.));
#13573=DIRECTION('ref_axis',(0.,1.,0.));
#13574=DIRECTION('center_axis',(0.,0.,-1.));
#13575=DIRECTION('ref_axis',(0.,1.,0.));
#13576=DIRECTION('center_axis',(0.,0.,-1.));
#13577=DIRECTION('ref_axis',(0.,1.,0.));
#13578=DIRECTION('center_axis',(1.,0.,0.));
#13579=DIRECTION('ref_axis',(0.,1.,0.));
#13580=DIRECTION('',(0.,1.,0.));
#13581=DIRECTION('',(0.,0.,1.));
#13582=DIRECTION('',(0.,1.,0.));
#13583=DIRECTION('',(0.,0.,1.));
#13584=DIRECTION('center_axis',(0.,0.,1.));
#13585=DIRECTION('ref_axis',(-1.,0.,0.));
#13586=DIRECTION('center_axis',(0.,0.,-1.));
#13587=DIRECTION('ref_axis',(-1.,0.,0.));
#13588=DIRECTION('center_axis',(0.,0.,-1.));
#13589=DIRECTION('ref_axis',(-1.,0.,0.));
#13590=DIRECTION('',(0.,0.,1.));
#13591=DIRECTION('center_axis',(0.,1.,0.));
#13592=DIRECTION('ref_axis',(-1.,0.,0.));
#13593=DIRECTION('',(-1.,0.,0.));
#13594=DIRECTION('',(-1.,0.,0.));
#13595=DIRECTION('',(0.,0.,1.));
#13596=DIRECTION('center_axis',(0.,0.,1.));
#13597=DIRECTION('ref_axis',(0.,-1.,0.));
#13598=DIRECTION('center_axis',(0.,0.,-1.));
#13599=DIRECTION('ref_axis',(0.,-1.,0.));
#13600=DIRECTION('center_axis',(0.,0.,-1.));
#13601=DIRECTION('ref_axis',(0.,-1.,0.));
#13602=DIRECTION('',(0.,0.,1.));
#13603=DIRECTION('center_axis',(-1.,0.,0.));
#13604=DIRECTION('ref_axis',(0.,-1.,0.));
#13605=DIRECTION('',(0.,-1.,0.));
#13606=DIRECTION('',(0.,-1.,0.));
#13607=DIRECTION('',(0.,0.,1.));
#13608=DIRECTION('center_axis',(0.,0.,1.));
#13609=DIRECTION('ref_axis',(1.,0.,0.));
#13610=DIRECTION('center_axis',(0.,0.,-1.));
#13611=DIRECTION('ref_axis',(1.,0.,0.));
#13612=DIRECTION('center_axis',(0.,0.,-1.));
#13613=DIRECTION('ref_axis',(1.,0.,0.));
#13614=DIRECTION('',(0.,0.,1.));
#13615=DIRECTION('center_axis',(0.,-1.,0.));
#13616=DIRECTION('ref_axis',(1.,0.,0.));
#13617=DIRECTION('',(1.,0.,0.));
#13618=DIRECTION('',(1.,0.,0.));
#13619=DIRECTION('',(0.,0.,1.));
#13620=DIRECTION('center_axis',(0.,0.,1.));
#13621=DIRECTION('ref_axis',(0.,1.,0.));
#13622=DIRECTION('center_axis',(0.,0.,-1.));
#13623=DIRECTION('ref_axis',(0.,1.,0.));
#13624=DIRECTION('center_axis',(0.,0.,-1.));
#13625=DIRECTION('ref_axis',(0.,1.,0.));
#13626=DIRECTION('center_axis',(1.,0.,0.));
#13627=DIRECTION('ref_axis',(0.,1.,0.));
#13628=DIRECTION('',(0.,1.,0.));
#13629=DIRECTION('',(0.,0.,1.));
#13630=DIRECTION('',(0.,1.,0.));
#13631=DIRECTION('',(0.,0.,1.));
#13632=DIRECTION('center_axis',(0.,0.,1.));
#13633=DIRECTION('ref_axis',(-1.,0.,0.));
#13634=DIRECTION('center_axis',(0.,0.,-1.));
#13635=DIRECTION('ref_axis',(-1.,0.,0.));
#13636=DIRECTION('center_axis',(0.,0.,-1.));
#13637=DIRECTION('ref_axis',(-1.,0.,0.));
#13638=DIRECTION('',(0.,0.,1.));
#13639=DIRECTION('center_axis',(0.,1.,0.));
#13640=DIRECTION('ref_axis',(-1.,0.,0.));
#13641=DIRECTION('',(-1.,0.,0.));
#13642=DIRECTION('',(-1.,0.,0.));
#13643=DIRECTION('',(0.,0.,1.));
#13644=DIRECTION('center_axis',(0.,0.,1.));
#13645=DIRECTION('ref_axis',(0.,-1.,0.));
#13646=DIRECTION('center_axis',(0.,0.,-1.));
#13647=DIRECTION('ref_axis',(0.,-1.,0.));
#13648=DIRECTION('center_axis',(0.,0.,-1.));
#13649=DIRECTION('ref_axis',(0.,-1.,0.));
#13650=DIRECTION('',(0.,0.,1.));
#13651=DIRECTION('center_axis',(-1.,0.,0.));
#13652=DIRECTION('ref_axis',(0.,-1.,0.));
#13653=DIRECTION('',(0.,-1.,0.));
#13654=DIRECTION('',(0.,-1.,0.));
#13655=DIRECTION('',(0.,0.,1.));
#13656=DIRECTION('center_axis',(0.,0.,1.));
#13657=DIRECTION('ref_axis',(1.,0.,0.));
#13658=DIRECTION('center_axis',(0.,0.,-1.));
#13659=DIRECTION('ref_axis',(1.,0.,0.));
#13660=DIRECTION('center_axis',(0.,0.,-1.));
#13661=DIRECTION('ref_axis',(1.,0.,0.));
#13662=DIRECTION('',(0.,0.,1.));
#13663=DIRECTION('center_axis',(0.,-1.,0.));
#13664=DIRECTION('ref_axis',(1.,0.,0.));
#13665=DIRECTION('',(1.,0.,0.));
#13666=DIRECTION('',(1.,0.,0.));
#13667=DIRECTION('',(0.,0.,1.));
#13668=DIRECTION('center_axis',(0.,0.,1.));
#13669=DIRECTION('ref_axis',(0.,1.,0.));
#13670=DIRECTION('center_axis',(0.,0.,-1.));
#13671=DIRECTION('ref_axis',(0.,1.,0.));
#13672=DIRECTION('center_axis',(0.,0.,-1.));
#13673=DIRECTION('ref_axis',(0.,1.,0.));
#13674=DIRECTION('center_axis',(0.,-1.,0.));
#13675=DIRECTION('ref_axis',(1.,0.,0.));
#13676=DIRECTION('',(1.,0.,0.));
#13677=DIRECTION('',(0.,0.,1.));
#13678=DIRECTION('',(1.,0.,0.));
#13679=DIRECTION('',(0.,0.,1.));
#13680=DIRECTION('center_axis',(0.,0.,1.));
#13681=DIRECTION('ref_axis',(0.,1.,0.));
#13682=DIRECTION('center_axis',(0.,0.,-1.));
#13683=DIRECTION('ref_axis',(0.,1.,0.));
#13684=DIRECTION('center_axis',(0.,0.,-1.));
#13685=DIRECTION('ref_axis',(0.,1.,0.));
#13686=DIRECTION('',(0.,0.,1.));
#13687=DIRECTION('center_axis',(1.,0.,0.));
#13688=DIRECTION('ref_axis',(0.,1.,0.));
#13689=DIRECTION('',(0.,1.,0.));
#13690=DIRECTION('',(0.,1.,0.));
#13691=DIRECTION('',(0.,0.,1.));
#13692=DIRECTION('center_axis',(0.,0.,1.));
#13693=DIRECTION('ref_axis',(-1.,0.,0.));
#13694=DIRECTION('center_axis',(0.,0.,-1.));
#13695=DIRECTION('ref_axis',(-1.,0.,0.));
#13696=DIRECTION('center_axis',(0.,0.,-1.));
#13697=DIRECTION('ref_axis',(-1.,0.,0.));
#13698=DIRECTION('',(0.,0.,1.));
#13699=DIRECTION('center_axis',(0.,1.,0.));
#13700=DIRECTION('ref_axis',(-1.,0.,0.));
#13701=DIRECTION('',(-1.,0.,0.));
#13702=DIRECTION('',(-1.,0.,0.));
#13703=DIRECTION('',(0.,0.,1.));
#13704=DIRECTION('center_axis',(0.,0.,1.));
#13705=DIRECTION('ref_axis',(0.,-1.,0.));
#13706=DIRECTION('center_axis',(0.,0.,-1.));
#13707=DIRECTION('ref_axis',(0.,-1.,0.));
#13708=DIRECTION('center_axis',(0.,0.,-1.));
#13709=DIRECTION('ref_axis',(0.,-1.,0.));
#13710=DIRECTION('',(0.,0.,1.));
#13711=DIRECTION('center_axis',(-1.,0.,0.));
#13712=DIRECTION('ref_axis',(0.,-1.,0.));
#13713=DIRECTION('',(0.,-1.,0.));
#13714=DIRECTION('',(0.,-1.,0.));
#13715=DIRECTION('',(0.,0.,1.));
#13716=DIRECTION('center_axis',(0.,0.,1.));
#13717=DIRECTION('ref_axis',(1.,0.,0.));
#13718=DIRECTION('center_axis',(0.,0.,-1.));
#13719=DIRECTION('ref_axis',(1.,0.,0.));
#13720=DIRECTION('center_axis',(0.,0.,-1.));
#13721=DIRECTION('ref_axis',(1.,0.,0.));
#13722=DIRECTION('center_axis',(1.,0.,0.));
#13723=DIRECTION('ref_axis',(0.,1.,0.));
#13724=DIRECTION('',(0.,1.,0.));
#13725=DIRECTION('',(0.,0.,1.));
#13726=DIRECTION('',(0.,1.,0.));
#13727=DIRECTION('',(0.,0.,1.));
#13728=DIRECTION('center_axis',(0.,0.,1.));
#13729=DIRECTION('ref_axis',(-1.,0.,0.));
#13730=DIRECTION('center_axis',(0.,0.,-1.));
#13731=DIRECTION('ref_axis',(-1.,0.,0.));
#13732=DIRECTION('center_axis',(0.,0.,-1.));
#13733=DIRECTION('ref_axis',(-1.,0.,0.));
#13734=DIRECTION('',(0.,0.,1.));
#13735=DIRECTION('center_axis',(0.,1.,0.));
#13736=DIRECTION('ref_axis',(-1.,0.,0.));
#13737=DIRECTION('',(-1.,0.,0.));
#13738=DIRECTION('',(-1.,0.,0.));
#13739=DIRECTION('',(0.,0.,1.));
#13740=DIRECTION('center_axis',(0.,0.,1.));
#13741=DIRECTION('ref_axis',(0.,-1.,0.));
#13742=DIRECTION('center_axis',(0.,0.,-1.));
#13743=DIRECTION('ref_axis',(0.,-1.,0.));
#13744=DIRECTION('center_axis',(0.,0.,-1.));
#13745=DIRECTION('ref_axis',(0.,-1.,0.));
#13746=DIRECTION('',(0.,0.,1.));
#13747=DIRECTION('center_axis',(-1.,0.,0.));
#13748=DIRECTION('ref_axis',(0.,-1.,0.));
#13749=DIRECTION('',(0.,-1.,0.));
#13750=DIRECTION('',(0.,-1.,0.));
#13751=DIRECTION('',(0.,0.,1.));
#13752=DIRECTION('center_axis',(0.,0.,1.));
#13753=DIRECTION('ref_axis',(1.,0.,0.));
#13754=DIRECTION('center_axis',(0.,0.,-1.));
#13755=DIRECTION('ref_axis',(1.,0.,0.));
#13756=DIRECTION('center_axis',(0.,0.,-1.));
#13757=DIRECTION('ref_axis',(1.,0.,0.));
#13758=DIRECTION('',(0.,0.,1.));
#13759=DIRECTION('center_axis',(0.,-1.,0.));
#13760=DIRECTION('ref_axis',(1.,0.,0.));
#13761=DIRECTION('',(1.,0.,0.));
#13762=DIRECTION('',(1.,0.,0.));
#13763=DIRECTION('',(0.,0.,1.));
#13764=DIRECTION('center_axis',(0.,0.,1.));
#13765=DIRECTION('ref_axis',(0.,1.,0.));
#13766=DIRECTION('center_axis',(0.,0.,-1.));
#13767=DIRECTION('ref_axis',(0.,1.,0.));
#13768=DIRECTION('center_axis',(0.,0.,-1.));
#13769=DIRECTION('ref_axis',(0.,1.,0.));
#13770=DIRECTION('center_axis',(1.,0.,0.));
#13771=DIRECTION('ref_axis',(0.,1.,0.));
#13772=DIRECTION('',(0.,1.,0.));
#13773=DIRECTION('',(0.,0.,1.));
#13774=DIRECTION('',(0.,1.,0.));
#13775=DIRECTION('',(0.,0.,1.));
#13776=DIRECTION('center_axis',(0.,0.,1.));
#13777=DIRECTION('ref_axis',(-1.,0.,0.));
#13778=DIRECTION('center_axis',(0.,0.,-1.));
#13779=DIRECTION('ref_axis',(-1.,0.,0.));
#13780=DIRECTION('center_axis',(0.,0.,-1.));
#13781=DIRECTION('ref_axis',(-1.,0.,0.));
#13782=DIRECTION('',(0.,0.,1.));
#13783=DIRECTION('center_axis',(0.,1.,0.));
#13784=DIRECTION('ref_axis',(-1.,0.,0.));
#13785=DIRECTION('',(-1.,0.,0.));
#13786=DIRECTION('',(-1.,0.,0.));
#13787=DIRECTION('',(0.,0.,1.));
#13788=DIRECTION('center_axis',(0.,0.,1.));
#13789=DIRECTION('ref_axis',(0.,-1.,0.));
#13790=DIRECTION('center_axis',(0.,0.,-1.));
#13791=DIRECTION('ref_axis',(0.,-1.,0.));
#13792=DIRECTION('center_axis',(0.,0.,-1.));
#13793=DIRECTION('ref_axis',(0.,-1.,0.));
#13794=DIRECTION('',(0.,0.,1.));
#13795=DIRECTION('center_axis',(-1.,0.,0.));
#13796=DIRECTION('ref_axis',(0.,-1.,0.));
#13797=DIRECTION('',(0.,-1.,0.));
#13798=DIRECTION('',(0.,-1.,0.));
#13799=DIRECTION('',(0.,0.,1.));
#13800=DIRECTION('center_axis',(0.,0.,1.));
#13801=DIRECTION('ref_axis',(1.,0.,0.));
#13802=DIRECTION('center_axis',(0.,0.,-1.));
#13803=DIRECTION('ref_axis',(1.,0.,0.));
#13804=DIRECTION('center_axis',(0.,0.,-1.));
#13805=DIRECTION('ref_axis',(1.,0.,0.));
#13806=DIRECTION('',(0.,0.,1.));
#13807=DIRECTION('center_axis',(0.,-1.,0.));
#13808=DIRECTION('ref_axis',(1.,0.,0.));
#13809=DIRECTION('',(1.,0.,0.));
#13810=DIRECTION('',(1.,0.,0.));
#13811=DIRECTION('',(0.,0.,1.));
#13812=DIRECTION('center_axis',(0.,0.,1.));
#13813=DIRECTION('ref_axis',(0.,1.,0.));
#13814=DIRECTION('center_axis',(0.,0.,-1.));
#13815=DIRECTION('ref_axis',(0.,1.,0.));
#13816=DIRECTION('center_axis',(0.,0.,-1.));
#13817=DIRECTION('ref_axis',(0.,1.,0.));
#13818=DIRECTION('center_axis',(1.,0.,0.));
#13819=DIRECTION('ref_axis',(0.,1.,0.));
#13820=DIRECTION('',(0.,1.,0.));
#13821=DIRECTION('',(0.,0.,1.));
#13822=DIRECTION('',(0.,1.,0.));
#13823=DIRECTION('',(0.,0.,1.));
#13824=DIRECTION('center_axis',(0.,0.,1.));
#13825=DIRECTION('ref_axis',(-1.,0.,0.));
#13826=DIRECTION('center_axis',(0.,0.,-1.));
#13827=DIRECTION('ref_axis',(-1.,0.,0.));
#13828=DIRECTION('center_axis',(0.,0.,-1.));
#13829=DIRECTION('ref_axis',(-1.,0.,0.));
#13830=DIRECTION('',(0.,0.,1.));
#13831=DIRECTION('center_axis',(0.,1.,0.));
#13832=DIRECTION('ref_axis',(-1.,0.,0.));
#13833=DIRECTION('',(-1.,0.,0.));
#13834=DIRECTION('',(-1.,0.,0.));
#13835=DIRECTION('',(0.,0.,1.));
#13836=DIRECTION('center_axis',(0.,0.,1.));
#13837=DIRECTION('ref_axis',(0.,-1.,0.));
#13838=DIRECTION('center_axis',(0.,0.,-1.));
#13839=DIRECTION('ref_axis',(0.,-1.,0.));
#13840=DIRECTION('center_axis',(0.,0.,-1.));
#13841=DIRECTION('ref_axis',(0.,-1.,0.));
#13842=DIRECTION('',(0.,0.,1.));
#13843=DIRECTION('center_axis',(-1.,0.,0.));
#13844=DIRECTION('ref_axis',(0.,-1.,0.));
#13845=DIRECTION('',(0.,-1.,0.));
#13846=DIRECTION('',(0.,-1.,0.));
#13847=DIRECTION('',(0.,0.,1.));
#13848=DIRECTION('center_axis',(0.,0.,1.));
#13849=DIRECTION('ref_axis',(1.,0.,0.));
#13850=DIRECTION('center_axis',(0.,0.,-1.));
#13851=DIRECTION('ref_axis',(1.,0.,0.));
#13852=DIRECTION('center_axis',(0.,0.,-1.));
#13853=DIRECTION('ref_axis',(1.,0.,0.));
#13854=DIRECTION('',(0.,0.,1.));
#13855=DIRECTION('center_axis',(0.,-1.,0.));
#13856=DIRECTION('ref_axis',(1.,0.,0.));
#13857=DIRECTION('',(1.,0.,0.));
#13858=DIRECTION('',(1.,0.,0.));
#13859=DIRECTION('',(0.,0.,1.));
#13860=DIRECTION('center_axis',(0.,0.,1.));
#13861=DIRECTION('ref_axis',(0.,1.,0.));
#13862=DIRECTION('center_axis',(0.,0.,-1.));
#13863=DIRECTION('ref_axis',(0.,1.,0.));
#13864=DIRECTION('center_axis',(0.,0.,-1.));
#13865=DIRECTION('ref_axis',(0.,1.,0.));
#13866=DIRECTION('center_axis',(1.,0.,0.));
#13867=DIRECTION('ref_axis',(0.,1.,0.));
#13868=DIRECTION('',(0.,1.,0.));
#13869=DIRECTION('',(0.,0.,1.));
#13870=DIRECTION('',(0.,1.,0.));
#13871=DIRECTION('',(0.,0.,1.));
#13872=DIRECTION('center_axis',(0.,0.,1.));
#13873=DIRECTION('ref_axis',(-1.,0.,0.));
#13874=DIRECTION('center_axis',(0.,0.,-1.));
#13875=DIRECTION('ref_axis',(-1.,0.,0.));
#13876=DIRECTION('center_axis',(0.,0.,-1.));
#13877=DIRECTION('ref_axis',(-1.,0.,0.));
#13878=DIRECTION('',(0.,0.,1.));
#13879=DIRECTION('center_axis',(0.,1.,0.));
#13880=DIRECTION('ref_axis',(-1.,0.,0.));
#13881=DIRECTION('',(-1.,0.,0.));
#13882=DIRECTION('',(-1.,0.,0.));
#13883=DIRECTION('',(0.,0.,1.));
#13884=DIRECTION('center_axis',(0.,0.,1.));
#13885=DIRECTION('ref_axis',(0.,-1.,0.));
#13886=DIRECTION('center_axis',(0.,0.,-1.));
#13887=DIRECTION('ref_axis',(0.,-1.,0.));
#13888=DIRECTION('center_axis',(0.,0.,-1.));
#13889=DIRECTION('ref_axis',(0.,-1.,0.));
#13890=DIRECTION('',(0.,0.,1.));
#13891=DIRECTION('center_axis',(-1.,0.,0.));
#13892=DIRECTION('ref_axis',(0.,-1.,0.));
#13893=DIRECTION('',(0.,-1.,0.));
#13894=DIRECTION('',(0.,-1.,0.));
#13895=DIRECTION('',(0.,0.,1.));
#13896=DIRECTION('center_axis',(0.,0.,1.));
#13897=DIRECTION('ref_axis',(1.,0.,0.));
#13898=DIRECTION('center_axis',(0.,0.,-1.));
#13899=DIRECTION('ref_axis',(1.,0.,0.));
#13900=DIRECTION('center_axis',(0.,0.,-1.));
#13901=DIRECTION('ref_axis',(1.,0.,0.));
#13902=DIRECTION('',(0.,0.,1.));
#13903=DIRECTION('center_axis',(0.,-1.,0.));
#13904=DIRECTION('ref_axis',(1.,0.,0.));
#13905=DIRECTION('',(1.,0.,0.));
#13906=DIRECTION('',(1.,0.,0.));
#13907=DIRECTION('',(0.,0.,1.));
#13908=DIRECTION('center_axis',(0.,0.,1.));
#13909=DIRECTION('ref_axis',(0.,1.,0.));
#13910=DIRECTION('center_axis',(0.,0.,-1.));
#13911=DIRECTION('ref_axis',(0.,1.,0.));
#13912=DIRECTION('center_axis',(0.,0.,-1.));
#13913=DIRECTION('ref_axis',(0.,1.,0.));
#13914=DIRECTION('center_axis',(0.,-1.,0.));
#13915=DIRECTION('ref_axis',(1.,0.,0.));
#13916=DIRECTION('',(1.,0.,0.));
#13917=DIRECTION('',(0.,0.,1.));
#13918=DIRECTION('',(1.,0.,0.));
#13919=DIRECTION('',(0.,0.,1.));
#13920=DIRECTION('center_axis',(0.,0.,1.));
#13921=DIRECTION('ref_axis',(0.,1.,0.));
#13922=DIRECTION('center_axis',(0.,0.,-1.));
#13923=DIRECTION('ref_axis',(0.,1.,0.));
#13924=DIRECTION('center_axis',(0.,0.,-1.));
#13925=DIRECTION('ref_axis',(0.,1.,0.));
#13926=DIRECTION('',(0.,0.,1.));
#13927=DIRECTION('center_axis',(1.,0.,0.));
#13928=DIRECTION('ref_axis',(0.,1.,0.));
#13929=DIRECTION('',(0.,1.,0.));
#13930=DIRECTION('',(0.,1.,0.));
#13931=DIRECTION('',(0.,0.,1.));
#13932=DIRECTION('center_axis',(0.,0.,1.));
#13933=DIRECTION('ref_axis',(-1.,0.,0.));
#13934=DIRECTION('center_axis',(0.,0.,-1.));
#13935=DIRECTION('ref_axis',(-1.,0.,0.));
#13936=DIRECTION('center_axis',(0.,0.,-1.));
#13937=DIRECTION('ref_axis',(-1.,0.,0.));
#13938=DIRECTION('',(0.,0.,1.));
#13939=DIRECTION('center_axis',(0.,1.,0.));
#13940=DIRECTION('ref_axis',(-1.,0.,0.));
#13941=DIRECTION('',(-1.,0.,0.));
#13942=DIRECTION('',(-1.,0.,0.));
#13943=DIRECTION('',(0.,0.,1.));
#13944=DIRECTION('center_axis',(0.,0.,1.));
#13945=DIRECTION('ref_axis',(0.,-1.,0.));
#13946=DIRECTION('center_axis',(0.,0.,-1.));
#13947=DIRECTION('ref_axis',(0.,-1.,0.));
#13948=DIRECTION('center_axis',(0.,0.,-1.));
#13949=DIRECTION('ref_axis',(0.,-1.,0.));
#13950=DIRECTION('',(0.,0.,1.));
#13951=DIRECTION('center_axis',(-1.,0.,0.));
#13952=DIRECTION('ref_axis',(0.,-1.,0.));
#13953=DIRECTION('',(0.,-1.,0.));
#13954=DIRECTION('',(0.,-1.,0.));
#13955=DIRECTION('',(0.,0.,1.));
#13956=DIRECTION('center_axis',(0.,0.,1.));
#13957=DIRECTION('ref_axis',(1.,0.,0.));
#13958=DIRECTION('center_axis',(0.,0.,-1.));
#13959=DIRECTION('ref_axis',(1.,0.,0.));
#13960=DIRECTION('center_axis',(0.,0.,-1.));
#13961=DIRECTION('ref_axis',(1.,0.,0.));
#13962=DIRECTION('center_axis',(1.,0.,0.));
#13963=DIRECTION('ref_axis',(0.,1.,0.));
#13964=DIRECTION('',(0.,1.,0.));
#13965=DIRECTION('',(0.,0.,1.));
#13966=DIRECTION('',(0.,1.,0.));
#13967=DIRECTION('',(0.,0.,1.));
#13968=DIRECTION('center_axis',(0.,0.,1.));
#13969=DIRECTION('ref_axis',(-1.,0.,0.));
#13970=DIRECTION('center_axis',(0.,0.,-1.));
#13971=DIRECTION('ref_axis',(-1.,0.,0.));
#13972=DIRECTION('center_axis',(0.,0.,-1.));
#13973=DIRECTION('ref_axis',(-1.,0.,0.));
#13974=DIRECTION('',(0.,0.,1.));
#13975=DIRECTION('center_axis',(0.,1.,0.));
#13976=DIRECTION('ref_axis',(-1.,0.,0.));
#13977=DIRECTION('',(-1.,0.,0.));
#13978=DIRECTION('',(-1.,0.,0.));
#13979=DIRECTION('',(0.,0.,1.));
#13980=DIRECTION('center_axis',(0.,0.,1.));
#13981=DIRECTION('ref_axis',(0.,-1.,0.));
#13982=DIRECTION('center_axis',(0.,0.,-1.));
#13983=DIRECTION('ref_axis',(0.,-1.,0.));
#13984=DIRECTION('center_axis',(0.,0.,-1.));
#13985=DIRECTION('ref_axis',(0.,-1.,0.));
#13986=DIRECTION('',(0.,0.,1.));
#13987=DIRECTION('center_axis',(-1.,0.,0.));
#13988=DIRECTION('ref_axis',(0.,-1.,0.));
#13989=DIRECTION('',(0.,-1.,0.));
#13990=DIRECTION('',(0.,-1.,0.));
#13991=DIRECTION('',(0.,0.,1.));
#13992=DIRECTION('center_axis',(0.,0.,1.));
#13993=DIRECTION('ref_axis',(1.,0.,0.));
#13994=DIRECTION('center_axis',(0.,0.,-1.));
#13995=DIRECTION('ref_axis',(1.,0.,0.));
#13996=DIRECTION('center_axis',(0.,0.,-1.));
#13997=DIRECTION('ref_axis',(1.,0.,0.));
#13998=DIRECTION('',(0.,0.,1.));
#13999=DIRECTION('center_axis',(0.,-1.,0.));
#14000=DIRECTION('ref_axis',(1.,0.,0.));
#14001=DIRECTION('',(1.,0.,0.));
#14002=DIRECTION('',(1.,0.,0.));
#14003=DIRECTION('',(0.,0.,1.));
#14004=DIRECTION('center_axis',(0.,0.,1.));
#14005=DIRECTION('ref_axis',(0.,1.,0.));
#14006=DIRECTION('center_axis',(0.,0.,-1.));
#14007=DIRECTION('ref_axis',(0.,1.,0.));
#14008=DIRECTION('center_axis',(0.,0.,-1.));
#14009=DIRECTION('ref_axis',(0.,1.,0.));
#14010=DIRECTION('center_axis',(1.,0.,0.));
#14011=DIRECTION('ref_axis',(0.,1.,0.));
#14012=DIRECTION('',(0.,1.,0.));
#14013=DIRECTION('',(0.,0.,1.));
#14014=DIRECTION('',(0.,1.,0.));
#14015=DIRECTION('',(0.,0.,1.));
#14016=DIRECTION('center_axis',(0.,0.,1.));
#14017=DIRECTION('ref_axis',(-1.,0.,0.));
#14018=DIRECTION('center_axis',(0.,0.,-1.));
#14019=DIRECTION('ref_axis',(-1.,0.,0.));
#14020=DIRECTION('center_axis',(0.,0.,-1.));
#14021=DIRECTION('ref_axis',(-1.,0.,0.));
#14022=DIRECTION('',(0.,0.,1.));
#14023=DIRECTION('center_axis',(0.,1.,0.));
#14024=DIRECTION('ref_axis',(-1.,0.,0.));
#14025=DIRECTION('',(-1.,0.,0.));
#14026=DIRECTION('',(-1.,0.,0.));
#14027=DIRECTION('',(0.,0.,1.));
#14028=DIRECTION('center_axis',(0.,0.,1.));
#14029=DIRECTION('ref_axis',(0.,-1.,0.));
#14030=DIRECTION('center_axis',(0.,0.,-1.));
#14031=DIRECTION('ref_axis',(0.,-1.,0.));
#14032=DIRECTION('center_axis',(0.,0.,-1.));
#14033=DIRECTION('ref_axis',(0.,-1.,0.));
#14034=DIRECTION('',(0.,0.,1.));
#14035=DIRECTION('center_axis',(-1.,0.,0.));
#14036=DIRECTION('ref_axis',(0.,-1.,0.));
#14037=DIRECTION('',(0.,-1.,0.));
#14038=DIRECTION('',(0.,-1.,0.));
#14039=DIRECTION('',(0.,0.,1.));
#14040=DIRECTION('center_axis',(0.,0.,1.));
#14041=DIRECTION('ref_axis',(1.,0.,0.));
#14042=DIRECTION('center_axis',(0.,0.,-1.));
#14043=DIRECTION('ref_axis',(1.,0.,0.));
#14044=DIRECTION('center_axis',(0.,0.,-1.));
#14045=DIRECTION('ref_axis',(1.,0.,0.));
#14046=DIRECTION('',(0.,0.,1.));
#14047=DIRECTION('center_axis',(0.,-1.,0.));
#14048=DIRECTION('ref_axis',(1.,0.,0.));
#14049=DIRECTION('',(1.,0.,0.));
#14050=DIRECTION('',(1.,0.,0.));
#14051=DIRECTION('',(0.,0.,1.));
#14052=DIRECTION('center_axis',(0.,0.,1.));
#14053=DIRECTION('ref_axis',(0.,1.,0.));
#14054=DIRECTION('center_axis',(0.,0.,-1.));
#14055=DIRECTION('ref_axis',(0.,1.,0.));
#14056=DIRECTION('center_axis',(0.,0.,-1.));
#14057=DIRECTION('ref_axis',(0.,1.,0.));
#14058=DIRECTION('center_axis',(1.,0.,0.));
#14059=DIRECTION('ref_axis',(0.,1.,0.));
#14060=DIRECTION('',(0.,1.,0.));
#14061=DIRECTION('',(0.,0.,1.));
#14062=DIRECTION('',(0.,1.,0.));
#14063=DIRECTION('',(0.,0.,1.));
#14064=DIRECTION('center_axis',(0.,0.,1.));
#14065=DIRECTION('ref_axis',(-1.,0.,0.));
#14066=DIRECTION('center_axis',(0.,0.,-1.));
#14067=DIRECTION('ref_axis',(-1.,0.,0.));
#14068=DIRECTION('center_axis',(0.,0.,-1.));
#14069=DIRECTION('ref_axis',(-1.,0.,0.));
#14070=DIRECTION('',(0.,0.,1.));
#14071=DIRECTION('center_axis',(0.,1.,0.));
#14072=DIRECTION('ref_axis',(-1.,0.,0.));
#14073=DIRECTION('',(-1.,0.,0.));
#14074=DIRECTION('',(-1.,0.,0.));
#14075=DIRECTION('',(0.,0.,1.));
#14076=DIRECTION('center_axis',(0.,0.,1.));
#14077=DIRECTION('ref_axis',(0.,-1.,0.));
#14078=DIRECTION('center_axis',(0.,0.,-1.));
#14079=DIRECTION('ref_axis',(0.,-1.,0.));
#14080=DIRECTION('center_axis',(0.,0.,-1.));
#14081=DIRECTION('ref_axis',(0.,-1.,0.));
#14082=DIRECTION('',(0.,0.,1.));
#14083=DIRECTION('center_axis',(-1.,0.,0.));
#14084=DIRECTION('ref_axis',(0.,-1.,0.));
#14085=DIRECTION('',(0.,-1.,0.));
#14086=DIRECTION('',(0.,-1.,0.));
#14087=DIRECTION('',(0.,0.,1.));
#14088=DIRECTION('center_axis',(0.,0.,1.));
#14089=DIRECTION('ref_axis',(1.,0.,0.));
#14090=DIRECTION('center_axis',(0.,0.,-1.));
#14091=DIRECTION('ref_axis',(1.,0.,0.));
#14092=DIRECTION('center_axis',(0.,0.,-1.));
#14093=DIRECTION('ref_axis',(1.,0.,0.));
#14094=DIRECTION('',(0.,0.,1.));
#14095=DIRECTION('center_axis',(0.,-1.,0.));
#14096=DIRECTION('ref_axis',(1.,0.,0.));
#14097=DIRECTION('',(1.,0.,0.));
#14098=DIRECTION('',(1.,0.,0.));
#14099=DIRECTION('',(0.,0.,1.));
#14100=DIRECTION('center_axis',(0.,0.,1.));
#14101=DIRECTION('ref_axis',(0.,1.,0.));
#14102=DIRECTION('center_axis',(0.,0.,-1.));
#14103=DIRECTION('ref_axis',(0.,1.,0.));
#14104=DIRECTION('center_axis',(0.,0.,-1.));
#14105=DIRECTION('ref_axis',(0.,1.,0.));
#14106=DIRECTION('center_axis',(1.,0.,0.));
#14107=DIRECTION('ref_axis',(0.,1.,0.));
#14108=DIRECTION('',(0.,1.,0.));
#14109=DIRECTION('',(0.,0.,1.));
#14110=DIRECTION('',(0.,1.,0.));
#14111=DIRECTION('',(0.,0.,1.));
#14112=DIRECTION('center_axis',(0.,0.,1.));
#14113=DIRECTION('ref_axis',(-1.,0.,0.));
#14114=DIRECTION('center_axis',(0.,0.,-1.));
#14115=DIRECTION('ref_axis',(-1.,0.,0.));
#14116=DIRECTION('center_axis',(0.,0.,-1.));
#14117=DIRECTION('ref_axis',(-1.,0.,0.));
#14118=DIRECTION('',(0.,0.,1.));
#14119=DIRECTION('center_axis',(0.,1.,0.));
#14120=DIRECTION('ref_axis',(-1.,0.,0.));
#14121=DIRECTION('',(-1.,0.,0.));
#14122=DIRECTION('',(-1.,0.,0.));
#14123=DIRECTION('',(0.,0.,1.));
#14124=DIRECTION('center_axis',(0.,0.,1.));
#14125=DIRECTION('ref_axis',(0.,-1.,0.));
#14126=DIRECTION('center_axis',(0.,0.,-1.));
#14127=DIRECTION('ref_axis',(0.,-1.,0.));
#14128=DIRECTION('center_axis',(0.,0.,-1.));
#14129=DIRECTION('ref_axis',(0.,-1.,0.));
#14130=DIRECTION('',(0.,0.,1.));
#14131=DIRECTION('center_axis',(-1.,0.,0.));
#14132=DIRECTION('ref_axis',(0.,-1.,0.));
#14133=DIRECTION('',(0.,-1.,0.));
#14134=DIRECTION('',(0.,-1.,0.));
#14135=DIRECTION('',(0.,0.,1.));
#14136=DIRECTION('center_axis',(0.,0.,1.));
#14137=DIRECTION('ref_axis',(1.,0.,0.));
#14138=DIRECTION('center_axis',(0.,0.,-1.));
#14139=DIRECTION('ref_axis',(1.,0.,0.));
#14140=DIRECTION('center_axis',(0.,0.,-1.));
#14141=DIRECTION('ref_axis',(1.,0.,0.));
#14142=DIRECTION('',(0.,0.,1.));
#14143=DIRECTION('center_axis',(0.,-1.,0.));
#14144=DIRECTION('ref_axis',(1.,0.,0.));
#14145=DIRECTION('',(1.,0.,0.));
#14146=DIRECTION('',(1.,0.,0.));
#14147=DIRECTION('',(0.,0.,1.));
#14148=DIRECTION('center_axis',(0.,0.,1.));
#14149=DIRECTION('ref_axis',(0.,1.,0.));
#14150=DIRECTION('center_axis',(0.,0.,-1.));
#14151=DIRECTION('ref_axis',(0.,1.,0.));
#14152=DIRECTION('center_axis',(0.,0.,-1.));
#14153=DIRECTION('ref_axis',(0.,1.,0.));
#14154=DIRECTION('center_axis',(1.,0.,0.));
#14155=DIRECTION('ref_axis',(0.,1.,0.));
#14156=DIRECTION('',(0.,1.,0.));
#14157=DIRECTION('',(0.,0.,1.));
#14158=DIRECTION('',(0.,1.,0.));
#14159=DIRECTION('',(0.,0.,1.));
#14160=DIRECTION('center_axis',(0.,0.,1.));
#14161=DIRECTION('ref_axis',(-1.,0.,0.));
#14162=DIRECTION('center_axis',(0.,0.,-1.));
#14163=DIRECTION('ref_axis',(-1.,0.,0.));
#14164=DIRECTION('center_axis',(0.,0.,-1.));
#14165=DIRECTION('ref_axis',(-1.,0.,0.));
#14166=DIRECTION('',(0.,0.,1.));
#14167=DIRECTION('center_axis',(0.,1.,0.));
#14168=DIRECTION('ref_axis',(-1.,0.,0.));
#14169=DIRECTION('',(-1.,0.,0.));
#14170=DIRECTION('',(-1.,0.,0.));
#14171=DIRECTION('',(0.,0.,1.));
#14172=DIRECTION('center_axis',(0.,0.,1.));
#14173=DIRECTION('ref_axis',(0.,-1.,0.));
#14174=DIRECTION('center_axis',(0.,0.,-1.));
#14175=DIRECTION('ref_axis',(0.,-1.,0.));
#14176=DIRECTION('center_axis',(0.,0.,-1.));
#14177=DIRECTION('ref_axis',(0.,-1.,0.));
#14178=DIRECTION('',(0.,0.,1.));
#14179=DIRECTION('center_axis',(-1.,0.,0.));
#14180=DIRECTION('ref_axis',(0.,-1.,0.));
#14181=DIRECTION('',(0.,-1.,0.));
#14182=DIRECTION('',(0.,-1.,0.));
#14183=DIRECTION('',(0.,0.,1.));
#14184=DIRECTION('center_axis',(0.,0.,1.));
#14185=DIRECTION('ref_axis',(1.,0.,0.));
#14186=DIRECTION('center_axis',(0.,0.,-1.));
#14187=DIRECTION('ref_axis',(1.,0.,0.));
#14188=DIRECTION('center_axis',(0.,0.,-1.));
#14189=DIRECTION('ref_axis',(1.,0.,0.));
#14190=DIRECTION('',(0.,0.,1.));
#14191=DIRECTION('center_axis',(0.,-1.,0.));
#14192=DIRECTION('ref_axis',(1.,0.,0.));
#14193=DIRECTION('',(1.,0.,0.));
#14194=DIRECTION('',(1.,0.,0.));
#14195=DIRECTION('',(0.,0.,1.));
#14196=DIRECTION('center_axis',(0.,0.,1.));
#14197=DIRECTION('ref_axis',(0.,1.,0.));
#14198=DIRECTION('center_axis',(0.,0.,-1.));
#14199=DIRECTION('ref_axis',(0.,1.,0.));
#14200=DIRECTION('center_axis',(0.,0.,-1.));
#14201=DIRECTION('ref_axis',(0.,1.,0.));
#14202=DIRECTION('center_axis',(1.,0.,0.));
#14203=DIRECTION('ref_axis',(0.,1.,0.));
#14204=DIRECTION('',(0.,1.,0.));
#14205=DIRECTION('',(0.,0.,1.));
#14206=DIRECTION('',(0.,1.,0.));
#14207=DIRECTION('',(0.,0.,1.));
#14208=DIRECTION('center_axis',(0.,0.,1.));
#14209=DIRECTION('ref_axis',(-1.,0.,0.));
#14210=DIRECTION('center_axis',(0.,0.,-1.));
#14211=DIRECTION('ref_axis',(-1.,0.,0.));
#14212=DIRECTION('center_axis',(0.,0.,-1.));
#14213=DIRECTION('ref_axis',(-1.,0.,0.));
#14214=DIRECTION('',(0.,0.,1.));
#14215=DIRECTION('center_axis',(0.,1.,0.));
#14216=DIRECTION('ref_axis',(-1.,0.,0.));
#14217=DIRECTION('',(-1.,0.,0.));
#14218=DIRECTION('',(-1.,0.,0.));
#14219=DIRECTION('',(0.,0.,1.));
#14220=DIRECTION('center_axis',(0.,0.,1.));
#14221=DIRECTION('ref_axis',(0.,-1.,0.));
#14222=DIRECTION('center_axis',(0.,0.,-1.));
#14223=DIRECTION('ref_axis',(0.,-1.,0.));
#14224=DIRECTION('center_axis',(0.,0.,-1.));
#14225=DIRECTION('ref_axis',(0.,-1.,0.));
#14226=DIRECTION('',(0.,0.,1.));
#14227=DIRECTION('center_axis',(-1.,0.,0.));
#14228=DIRECTION('ref_axis',(0.,-1.,0.));
#14229=DIRECTION('',(0.,-1.,0.));
#14230=DIRECTION('',(0.,-1.,0.));
#14231=DIRECTION('',(0.,0.,1.));
#14232=DIRECTION('center_axis',(0.,0.,1.));
#14233=DIRECTION('ref_axis',(1.,0.,0.));
#14234=DIRECTION('center_axis',(0.,0.,-1.));
#14235=DIRECTION('ref_axis',(1.,0.,0.));
#14236=DIRECTION('center_axis',(0.,0.,-1.));
#14237=DIRECTION('ref_axis',(1.,0.,0.));
#14238=DIRECTION('',(0.,0.,1.));
#14239=DIRECTION('center_axis',(0.,-1.,0.));
#14240=DIRECTION('ref_axis',(1.,0.,0.));
#14241=DIRECTION('',(1.,0.,0.));
#14242=DIRECTION('',(1.,0.,0.));
#14243=DIRECTION('',(0.,0.,1.));
#14244=DIRECTION('center_axis',(0.,0.,1.));
#14245=DIRECTION('ref_axis',(0.,1.,0.));
#14246=DIRECTION('center_axis',(0.,0.,-1.));
#14247=DIRECTION('ref_axis',(0.,1.,0.));
#14248=DIRECTION('center_axis',(0.,0.,-1.));
#14249=DIRECTION('ref_axis',(0.,1.,0.));
#14250=DIRECTION('center_axis',(1.,0.,0.));
#14251=DIRECTION('ref_axis',(0.,1.,0.));
#14252=DIRECTION('',(0.,1.,0.));
#14253=DIRECTION('',(0.,0.,1.));
#14254=DIRECTION('',(0.,1.,0.));
#14255=DIRECTION('',(0.,0.,1.));
#14256=DIRECTION('center_axis',(0.,0.,1.));
#14257=DIRECTION('ref_axis',(-1.,0.,0.));
#14258=DIRECTION('center_axis',(0.,0.,-1.));
#14259=DIRECTION('ref_axis',(-1.,0.,0.));
#14260=DIRECTION('center_axis',(0.,0.,-1.));
#14261=DIRECTION('ref_axis',(-1.,0.,0.));
#14262=DIRECTION('',(0.,0.,1.));
#14263=DIRECTION('center_axis',(0.,1.,0.));
#14264=DIRECTION('ref_axis',(-1.,0.,0.));
#14265=DIRECTION('',(-1.,0.,0.));
#14266=DIRECTION('',(-1.,0.,0.));
#14267=DIRECTION('',(0.,0.,1.));
#14268=DIRECTION('center_axis',(0.,0.,1.));
#14269=DIRECTION('ref_axis',(0.,-1.,0.));
#14270=DIRECTION('center_axis',(0.,0.,-1.));
#14271=DIRECTION('ref_axis',(0.,-1.,0.));
#14272=DIRECTION('center_axis',(0.,0.,-1.));
#14273=DIRECTION('ref_axis',(0.,-1.,0.));
#14274=DIRECTION('',(0.,0.,1.));
#14275=DIRECTION('center_axis',(-1.,0.,0.));
#14276=DIRECTION('ref_axis',(0.,-1.,0.));
#14277=DIRECTION('',(0.,-1.,0.));
#14278=DIRECTION('',(0.,-1.,0.));
#14279=DIRECTION('',(0.,0.,1.));
#14280=DIRECTION('center_axis',(0.,0.,1.));
#14281=DIRECTION('ref_axis',(1.,0.,0.));
#14282=DIRECTION('center_axis',(0.,0.,-1.));
#14283=DIRECTION('ref_axis',(1.,0.,0.));
#14284=DIRECTION('center_axis',(0.,0.,-1.));
#14285=DIRECTION('ref_axis',(1.,0.,0.));
#14286=DIRECTION('',(0.,0.,1.));
#14287=DIRECTION('center_axis',(0.,-1.,0.));
#14288=DIRECTION('ref_axis',(1.,0.,0.));
#14289=DIRECTION('',(1.,0.,0.));
#14290=DIRECTION('',(1.,0.,0.));
#14291=DIRECTION('',(0.,0.,1.));
#14292=DIRECTION('center_axis',(0.,0.,1.));
#14293=DIRECTION('ref_axis',(0.,1.,0.));
#14294=DIRECTION('center_axis',(0.,0.,-1.));
#14295=DIRECTION('ref_axis',(0.,1.,0.));
#14296=DIRECTION('center_axis',(0.,0.,-1.));
#14297=DIRECTION('ref_axis',(0.,1.,0.));
#14298=DIRECTION('center_axis',(1.,0.,0.));
#14299=DIRECTION('ref_axis',(0.,1.,0.));
#14300=DIRECTION('',(0.,1.,0.));
#14301=DIRECTION('',(0.,0.,1.));
#14302=DIRECTION('',(0.,1.,0.));
#14303=DIRECTION('',(0.,0.,1.));
#14304=DIRECTION('center_axis',(0.,0.,1.));
#14305=DIRECTION('ref_axis',(-1.,0.,0.));
#14306=DIRECTION('center_axis',(0.,0.,-1.));
#14307=DIRECTION('ref_axis',(-1.,0.,0.));
#14308=DIRECTION('center_axis',(0.,0.,-1.));
#14309=DIRECTION('ref_axis',(-1.,0.,0.));
#14310=DIRECTION('',(0.,0.,1.));
#14311=DIRECTION('center_axis',(0.,1.,0.));
#14312=DIRECTION('ref_axis',(-1.,0.,0.));
#14313=DIRECTION('',(-1.,0.,0.));
#14314=DIRECTION('',(-1.,0.,0.));
#14315=DIRECTION('',(0.,0.,1.));
#14316=DIRECTION('center_axis',(0.,0.,1.));
#14317=DIRECTION('ref_axis',(0.,-1.,0.));
#14318=DIRECTION('center_axis',(0.,0.,-1.));
#14319=DIRECTION('ref_axis',(0.,-1.,0.));
#14320=DIRECTION('center_axis',(0.,0.,-1.));
#14321=DIRECTION('ref_axis',(0.,-1.,0.));
#14322=DIRECTION('',(0.,0.,1.));
#14323=DIRECTION('center_axis',(-1.,0.,0.));
#14324=DIRECTION('ref_axis',(0.,-1.,0.));
#14325=DIRECTION('',(0.,-1.,0.));
#14326=DIRECTION('',(0.,-1.,0.));
#14327=DIRECTION('',(0.,0.,1.));
#14328=DIRECTION('center_axis',(0.,0.,1.));
#14329=DIRECTION('ref_axis',(1.,0.,0.));
#14330=DIRECTION('center_axis',(0.,0.,-1.));
#14331=DIRECTION('ref_axis',(1.,0.,0.));
#14332=DIRECTION('center_axis',(0.,0.,-1.));
#14333=DIRECTION('ref_axis',(1.,0.,0.));
#14334=DIRECTION('',(0.,0.,1.));
#14335=DIRECTION('center_axis',(0.,-1.,0.));
#14336=DIRECTION('ref_axis',(1.,0.,0.));
#14337=DIRECTION('',(1.,0.,0.));
#14338=DIRECTION('',(1.,0.,0.));
#14339=DIRECTION('',(0.,0.,1.));
#14340=DIRECTION('center_axis',(0.,0.,1.));
#14341=DIRECTION('ref_axis',(0.,1.,0.));
#14342=DIRECTION('center_axis',(0.,0.,-1.));
#14343=DIRECTION('ref_axis',(0.,1.,0.));
#14344=DIRECTION('center_axis',(0.,0.,-1.));
#14345=DIRECTION('ref_axis',(0.,1.,0.));
#14346=DIRECTION('center_axis',(1.,0.,0.));
#14347=DIRECTION('ref_axis',(0.,1.,0.));
#14348=DIRECTION('',(0.,1.,0.));
#14349=DIRECTION('',(0.,0.,1.));
#14350=DIRECTION('',(0.,1.,0.));
#14351=DIRECTION('',(0.,0.,1.));
#14352=DIRECTION('center_axis',(0.,0.,1.));
#14353=DIRECTION('ref_axis',(-1.,0.,0.));
#14354=DIRECTION('center_axis',(0.,0.,-1.));
#14355=DIRECTION('ref_axis',(-1.,0.,0.));
#14356=DIRECTION('center_axis',(0.,0.,-1.));
#14357=DIRECTION('ref_axis',(-1.,0.,0.));
#14358=DIRECTION('',(0.,0.,1.));
#14359=DIRECTION('center_axis',(0.,1.,0.));
#14360=DIRECTION('ref_axis',(-1.,0.,0.));
#14361=DIRECTION('',(-1.,0.,0.));
#14362=DIRECTION('',(-1.,0.,0.));
#14363=DIRECTION('',(0.,0.,1.));
#14364=DIRECTION('center_axis',(0.,0.,1.));
#14365=DIRECTION('ref_axis',(0.,-1.,0.));
#14366=DIRECTION('center_axis',(0.,0.,-1.));
#14367=DIRECTION('ref_axis',(0.,-1.,0.));
#14368=DIRECTION('center_axis',(0.,0.,-1.));
#14369=DIRECTION('ref_axis',(0.,-1.,0.));
#14370=DIRECTION('',(0.,0.,1.));
#14371=DIRECTION('center_axis',(-1.,0.,0.));
#14372=DIRECTION('ref_axis',(0.,-1.,0.));
#14373=DIRECTION('',(0.,-1.,0.));
#14374=DIRECTION('',(0.,-1.,0.));
#14375=DIRECTION('',(0.,0.,1.));
#14376=DIRECTION('center_axis',(0.,0.,1.));
#14377=DIRECTION('ref_axis',(1.,0.,0.));
#14378=DIRECTION('center_axis',(0.,0.,-1.));
#14379=DIRECTION('ref_axis',(1.,0.,0.));
#14380=DIRECTION('center_axis',(0.,0.,-1.));
#14381=DIRECTION('ref_axis',(1.,0.,0.));
#14382=DIRECTION('',(0.,0.,1.));
#14383=DIRECTION('center_axis',(0.,-1.,0.));
#14384=DIRECTION('ref_axis',(1.,0.,0.));
#14385=DIRECTION('',(1.,0.,0.));
#14386=DIRECTION('',(1.,0.,0.));
#14387=DIRECTION('',(0.,0.,1.));
#14388=DIRECTION('center_axis',(0.,0.,1.));
#14389=DIRECTION('ref_axis',(0.,1.,0.));
#14390=DIRECTION('center_axis',(0.,0.,-1.));
#14391=DIRECTION('ref_axis',(0.,1.,0.));
#14392=DIRECTION('center_axis',(0.,0.,-1.));
#14393=DIRECTION('ref_axis',(0.,1.,0.));
#14394=DIRECTION('center_axis',(1.,0.,0.));
#14395=DIRECTION('ref_axis',(0.,1.,0.));
#14396=DIRECTION('',(0.,1.,0.));
#14397=DIRECTION('',(0.,0.,1.));
#14398=DIRECTION('',(0.,1.,0.));
#14399=DIRECTION('',(0.,0.,1.));
#14400=DIRECTION('center_axis',(0.,0.,1.));
#14401=DIRECTION('ref_axis',(-1.,0.,0.));
#14402=DIRECTION('center_axis',(0.,0.,-1.));
#14403=DIRECTION('ref_axis',(-1.,0.,0.));
#14404=DIRECTION('center_axis',(0.,0.,-1.));
#14405=DIRECTION('ref_axis',(-1.,0.,0.));
#14406=DIRECTION('',(0.,0.,1.));
#14407=DIRECTION('center_axis',(0.,1.,0.));
#14408=DIRECTION('ref_axis',(-1.,0.,0.));
#14409=DIRECTION('',(-1.,0.,0.));
#14410=DIRECTION('',(-1.,0.,0.));
#14411=DIRECTION('',(0.,0.,1.));
#14412=DIRECTION('center_axis',(0.,0.,1.));
#14413=DIRECTION('ref_axis',(0.,-1.,0.));
#14414=DIRECTION('center_axis',(0.,0.,-1.));
#14415=DIRECTION('ref_axis',(0.,-1.,0.));
#14416=DIRECTION('center_axis',(0.,0.,-1.));
#14417=DIRECTION('ref_axis',(0.,-1.,0.));
#14418=DIRECTION('',(0.,0.,1.));
#14419=DIRECTION('center_axis',(-1.,0.,0.));
#14420=DIRECTION('ref_axis',(0.,-1.,0.));
#14421=DIRECTION('',(0.,-1.,0.));
#14422=DIRECTION('',(0.,-1.,0.));
#14423=DIRECTION('',(0.,0.,1.));
#14424=DIRECTION('center_axis',(0.,0.,1.));
#14425=DIRECTION('ref_axis',(1.,0.,0.));
#14426=DIRECTION('center_axis',(0.,0.,-1.));
#14427=DIRECTION('ref_axis',(1.,0.,0.));
#14428=DIRECTION('center_axis',(0.,0.,-1.));
#14429=DIRECTION('ref_axis',(1.,0.,0.));
#14430=DIRECTION('',(0.,0.,1.));
#14431=DIRECTION('center_axis',(0.,-1.,0.));
#14432=DIRECTION('ref_axis',(1.,0.,0.));
#14433=DIRECTION('',(1.,0.,0.));
#14434=DIRECTION('',(1.,0.,0.));
#14435=DIRECTION('',(0.,0.,1.));
#14436=DIRECTION('center_axis',(0.,0.,1.));
#14437=DIRECTION('ref_axis',(0.,1.,0.));
#14438=DIRECTION('center_axis',(0.,0.,-1.));
#14439=DIRECTION('ref_axis',(0.,1.,0.));
#14440=DIRECTION('center_axis',(0.,0.,-1.));
#14441=DIRECTION('ref_axis',(0.,1.,0.));
#14442=DIRECTION('center_axis',(1.,0.,0.));
#14443=DIRECTION('ref_axis',(0.,1.,0.));
#14444=DIRECTION('',(0.,1.,0.));
#14445=DIRECTION('',(0.,0.,1.));
#14446=DIRECTION('',(0.,1.,0.));
#14447=DIRECTION('',(0.,0.,1.));
#14448=DIRECTION('center_axis',(0.,0.,1.));
#14449=DIRECTION('ref_axis',(-1.,0.,0.));
#14450=DIRECTION('center_axis',(0.,0.,-1.));
#14451=DIRECTION('ref_axis',(-1.,0.,0.));
#14452=DIRECTION('center_axis',(0.,0.,-1.));
#14453=DIRECTION('ref_axis',(-1.,0.,0.));
#14454=DIRECTION('',(0.,0.,1.));
#14455=DIRECTION('center_axis',(0.,1.,0.));
#14456=DIRECTION('ref_axis',(-1.,0.,0.));
#14457=DIRECTION('',(-1.,0.,0.));
#14458=DIRECTION('',(-1.,0.,0.));
#14459=DIRECTION('',(0.,0.,1.));
#14460=DIRECTION('center_axis',(0.,0.,1.));
#14461=DIRECTION('ref_axis',(0.,-1.,0.));
#14462=DIRECTION('center_axis',(0.,0.,-1.));
#14463=DIRECTION('ref_axis',(0.,-1.,0.));
#14464=DIRECTION('center_axis',(0.,0.,-1.));
#14465=DIRECTION('ref_axis',(0.,-1.,0.));
#14466=DIRECTION('',(0.,0.,1.));
#14467=DIRECTION('center_axis',(-1.,0.,0.));
#14468=DIRECTION('ref_axis',(0.,-1.,0.));
#14469=DIRECTION('',(0.,-1.,0.));
#14470=DIRECTION('',(0.,-1.,0.));
#14471=DIRECTION('',(0.,0.,1.));
#14472=DIRECTION('center_axis',(0.,0.,1.));
#14473=DIRECTION('ref_axis',(1.,0.,0.));
#14474=DIRECTION('center_axis',(0.,0.,-1.));
#14475=DIRECTION('ref_axis',(1.,0.,0.));
#14476=DIRECTION('center_axis',(0.,0.,-1.));
#14477=DIRECTION('ref_axis',(1.,0.,0.));
#14478=DIRECTION('',(0.,0.,1.));
#14479=DIRECTION('center_axis',(0.,-1.,0.));
#14480=DIRECTION('ref_axis',(1.,0.,0.));
#14481=DIRECTION('',(1.,0.,0.));
#14482=DIRECTION('',(1.,0.,0.));
#14483=DIRECTION('',(0.,0.,1.));
#14484=DIRECTION('center_axis',(0.,0.,1.));
#14485=DIRECTION('ref_axis',(0.,1.,0.));
#14486=DIRECTION('center_axis',(0.,0.,-1.));
#14487=DIRECTION('ref_axis',(0.,1.,0.));
#14488=DIRECTION('center_axis',(0.,0.,-1.));
#14489=DIRECTION('ref_axis',(0.,1.,0.));
#14490=DIRECTION('center_axis',(1.,0.,0.));
#14491=DIRECTION('ref_axis',(0.,1.,0.));
#14492=DIRECTION('',(0.,1.,0.));
#14493=DIRECTION('',(0.,0.,1.));
#14494=DIRECTION('',(0.,1.,0.));
#14495=DIRECTION('',(0.,0.,1.));
#14496=DIRECTION('center_axis',(0.,0.,1.));
#14497=DIRECTION('ref_axis',(-1.,0.,0.));
#14498=DIRECTION('center_axis',(0.,0.,-1.));
#14499=DIRECTION('ref_axis',(-1.,0.,0.));
#14500=DIRECTION('center_axis',(0.,0.,-1.));
#14501=DIRECTION('ref_axis',(-1.,0.,0.));
#14502=DIRECTION('',(0.,0.,1.));
#14503=DIRECTION('center_axis',(0.,1.,0.));
#14504=DIRECTION('ref_axis',(-1.,0.,0.));
#14505=DIRECTION('',(-1.,0.,0.));
#14506=DIRECTION('',(-1.,0.,0.));
#14507=DIRECTION('',(0.,0.,1.));
#14508=DIRECTION('center_axis',(0.,0.,1.));
#14509=DIRECTION('ref_axis',(0.,-1.,0.));
#14510=DIRECTION('center_axis',(0.,0.,-1.));
#14511=DIRECTION('ref_axis',(0.,-1.,0.));
#14512=DIRECTION('center_axis',(0.,0.,-1.));
#14513=DIRECTION('ref_axis',(0.,-1.,0.));
#14514=DIRECTION('',(0.,0.,1.));
#14515=DIRECTION('center_axis',(-1.,0.,0.));
#14516=DIRECTION('ref_axis',(0.,-1.,0.));
#14517=DIRECTION('',(0.,-1.,0.));
#14518=DIRECTION('',(0.,-1.,0.));
#14519=DIRECTION('',(0.,0.,1.));
#14520=DIRECTION('center_axis',(0.,0.,1.));
#14521=DIRECTION('ref_axis',(1.,0.,0.));
#14522=DIRECTION('center_axis',(0.,0.,-1.));
#14523=DIRECTION('ref_axis',(1.,0.,0.));
#14524=DIRECTION('center_axis',(0.,0.,-1.));
#14525=DIRECTION('ref_axis',(1.,0.,0.));
#14526=DIRECTION('',(0.,0.,1.));
#14527=DIRECTION('center_axis',(0.,-1.,0.));
#14528=DIRECTION('ref_axis',(1.,0.,0.));
#14529=DIRECTION('',(1.,0.,0.));
#14530=DIRECTION('',(1.,0.,0.));
#14531=DIRECTION('',(0.,0.,1.));
#14532=DIRECTION('center_axis',(0.,0.,1.));
#14533=DIRECTION('ref_axis',(0.,1.,0.));
#14534=DIRECTION('center_axis',(0.,0.,-1.));
#14535=DIRECTION('ref_axis',(0.,1.,0.));
#14536=DIRECTION('center_axis',(0.,0.,-1.));
#14537=DIRECTION('ref_axis',(0.,1.,0.));
#14538=DIRECTION('center_axis',(1.,0.,0.));
#14539=DIRECTION('ref_axis',(0.,1.,0.));
#14540=DIRECTION('',(0.,1.,0.));
#14541=DIRECTION('',(0.,0.,1.));
#14542=DIRECTION('',(0.,1.,0.));
#14543=DIRECTION('',(0.,0.,1.));
#14544=DIRECTION('center_axis',(0.,0.,1.));
#14545=DIRECTION('ref_axis',(-1.,0.,0.));
#14546=DIRECTION('center_axis',(0.,0.,-1.));
#14547=DIRECTION('ref_axis',(-1.,0.,0.));
#14548=DIRECTION('center_axis',(0.,0.,-1.));
#14549=DIRECTION('ref_axis',(-1.,0.,0.));
#14550=DIRECTION('',(0.,0.,1.));
#14551=DIRECTION('center_axis',(0.,1.,0.));
#14552=DIRECTION('ref_axis',(-1.,0.,0.));
#14553=DIRECTION('',(-1.,0.,0.));
#14554=DIRECTION('',(-1.,0.,0.));
#14555=DIRECTION('',(0.,0.,1.));
#14556=DIRECTION('center_axis',(0.,0.,1.));
#14557=DIRECTION('ref_axis',(0.,-1.,0.));
#14558=DIRECTION('center_axis',(0.,0.,-1.));
#14559=DIRECTION('ref_axis',(0.,-1.,0.));
#14560=DIRECTION('center_axis',(0.,0.,-1.));
#14561=DIRECTION('ref_axis',(0.,-1.,0.));
#14562=DIRECTION('',(0.,0.,1.));
#14563=DIRECTION('center_axis',(-1.,0.,0.));
#14564=DIRECTION('ref_axis',(0.,-1.,0.));
#14565=DIRECTION('',(0.,-1.,0.));
#14566=DIRECTION('',(0.,-1.,0.));
#14567=DIRECTION('',(0.,0.,1.));
#14568=DIRECTION('center_axis',(0.,0.,1.));
#14569=DIRECTION('ref_axis',(1.,0.,0.));
#14570=DIRECTION('center_axis',(0.,0.,-1.));
#14571=DIRECTION('ref_axis',(1.,0.,0.));
#14572=DIRECTION('center_axis',(0.,0.,-1.));
#14573=DIRECTION('ref_axis',(1.,0.,0.));
#14574=DIRECTION('',(0.,0.,1.));
#14575=DIRECTION('center_axis',(0.,-1.,0.));
#14576=DIRECTION('ref_axis',(1.,0.,0.));
#14577=DIRECTION('',(1.,0.,0.));
#14578=DIRECTION('',(1.,0.,0.));
#14579=DIRECTION('',(0.,0.,1.));
#14580=DIRECTION('center_axis',(0.,0.,1.));
#14581=DIRECTION('ref_axis',(0.,1.,0.));
#14582=DIRECTION('center_axis',(0.,0.,-1.));
#14583=DIRECTION('ref_axis',(0.,1.,0.));
#14584=DIRECTION('center_axis',(0.,0.,-1.));
#14585=DIRECTION('ref_axis',(0.,1.,0.));
#14586=DIRECTION('center_axis',(1.,0.,0.));
#14587=DIRECTION('ref_axis',(0.,1.,0.));
#14588=DIRECTION('',(0.,1.,0.));
#14589=DIRECTION('',(0.,0.,1.));
#14590=DIRECTION('',(0.,1.,0.));
#14591=DIRECTION('',(0.,0.,1.));
#14592=DIRECTION('center_axis',(0.,0.,1.));
#14593=DIRECTION('ref_axis',(-1.,0.,0.));
#14594=DIRECTION('center_axis',(0.,0.,-1.));
#14595=DIRECTION('ref_axis',(-1.,0.,0.));
#14596=DIRECTION('center_axis',(0.,0.,-1.));
#14597=DIRECTION('ref_axis',(-1.,0.,0.));
#14598=DIRECTION('',(0.,0.,1.));
#14599=DIRECTION('center_axis',(0.,1.,0.));
#14600=DIRECTION('ref_axis',(-1.,0.,0.));
#14601=DIRECTION('',(-1.,0.,0.));
#14602=DIRECTION('',(-1.,0.,0.));
#14603=DIRECTION('',(0.,0.,1.));
#14604=DIRECTION('center_axis',(0.,0.,1.));
#14605=DIRECTION('ref_axis',(0.,-1.,0.));
#14606=DIRECTION('center_axis',(0.,0.,-1.));
#14607=DIRECTION('ref_axis',(0.,-1.,0.));
#14608=DIRECTION('center_axis',(0.,0.,-1.));
#14609=DIRECTION('ref_axis',(0.,-1.,0.));
#14610=DIRECTION('',(0.,0.,1.));
#14611=DIRECTION('center_axis',(-1.,0.,0.));
#14612=DIRECTION('ref_axis',(0.,-1.,0.));
#14613=DIRECTION('',(0.,-1.,0.));
#14614=DIRECTION('',(0.,-1.,0.));
#14615=DIRECTION('',(0.,0.,1.));
#14616=DIRECTION('center_axis',(0.,0.,1.));
#14617=DIRECTION('ref_axis',(1.,0.,0.));
#14618=DIRECTION('center_axis',(0.,0.,-1.));
#14619=DIRECTION('ref_axis',(1.,0.,0.));
#14620=DIRECTION('center_axis',(0.,0.,-1.));
#14621=DIRECTION('ref_axis',(1.,0.,0.));
#14622=DIRECTION('',(0.,0.,1.));
#14623=DIRECTION('center_axis',(0.,-1.,0.));
#14624=DIRECTION('ref_axis',(1.,0.,0.));
#14625=DIRECTION('',(1.,0.,0.));
#14626=DIRECTION('',(1.,0.,0.));
#14627=DIRECTION('',(0.,0.,1.));
#14628=DIRECTION('center_axis',(0.,0.,1.));
#14629=DIRECTION('ref_axis',(0.,1.,0.));
#14630=DIRECTION('center_axis',(0.,0.,-1.));
#14631=DIRECTION('ref_axis',(0.,1.,0.));
#14632=DIRECTION('center_axis',(0.,0.,-1.));
#14633=DIRECTION('ref_axis',(0.,1.,0.));
#14634=DIRECTION('center_axis',(1.,0.,0.));
#14635=DIRECTION('ref_axis',(0.,1.,0.));
#14636=DIRECTION('',(0.,1.,0.));
#14637=DIRECTION('',(0.,0.,1.));
#14638=DIRECTION('',(0.,1.,0.));
#14639=DIRECTION('',(0.,0.,1.));
#14640=DIRECTION('center_axis',(0.,0.,1.));
#14641=DIRECTION('ref_axis',(-1.,0.,0.));
#14642=DIRECTION('center_axis',(0.,0.,-1.));
#14643=DIRECTION('ref_axis',(-1.,0.,0.));
#14644=DIRECTION('center_axis',(0.,0.,-1.));
#14645=DIRECTION('ref_axis',(-1.,0.,0.));
#14646=DIRECTION('',(0.,0.,1.));
#14647=DIRECTION('center_axis',(0.,1.,0.));
#14648=DIRECTION('ref_axis',(-1.,0.,0.));
#14649=DIRECTION('',(-1.,0.,0.));
#14650=DIRECTION('',(-1.,0.,0.));
#14651=DIRECTION('',(0.,0.,1.));
#14652=DIRECTION('center_axis',(0.,0.,1.));
#14653=DIRECTION('ref_axis',(0.,-1.,0.));
#14654=DIRECTION('center_axis',(0.,0.,-1.));
#14655=DIRECTION('ref_axis',(0.,-1.,0.));
#14656=DIRECTION('center_axis',(0.,0.,-1.));
#14657=DIRECTION('ref_axis',(0.,-1.,0.));
#14658=DIRECTION('',(0.,0.,1.));
#14659=DIRECTION('center_axis',(-1.,0.,0.));
#14660=DIRECTION('ref_axis',(0.,-1.,0.));
#14661=DIRECTION('',(0.,-1.,0.));
#14662=DIRECTION('',(0.,-1.,0.));
#14663=DIRECTION('',(0.,0.,1.));
#14664=DIRECTION('center_axis',(0.,0.,1.));
#14665=DIRECTION('ref_axis',(1.,0.,0.));
#14666=DIRECTION('center_axis',(0.,0.,-1.));
#14667=DIRECTION('ref_axis',(1.,0.,0.));
#14668=DIRECTION('center_axis',(0.,0.,-1.));
#14669=DIRECTION('ref_axis',(1.,0.,0.));
#14670=DIRECTION('',(0.,0.,1.));
#14671=DIRECTION('center_axis',(0.,-1.,0.));
#14672=DIRECTION('ref_axis',(1.,0.,0.));
#14673=DIRECTION('',(1.,0.,0.));
#14674=DIRECTION('',(1.,0.,0.));
#14675=DIRECTION('',(0.,0.,1.));
#14676=DIRECTION('center_axis',(0.,0.,1.));
#14677=DIRECTION('ref_axis',(0.,1.,0.));
#14678=DIRECTION('center_axis',(0.,0.,-1.));
#14679=DIRECTION('ref_axis',(0.,1.,0.));
#14680=DIRECTION('center_axis',(0.,0.,-1.));
#14681=DIRECTION('ref_axis',(0.,1.,0.));
#14682=DIRECTION('center_axis',(1.,0.,0.));
#14683=DIRECTION('ref_axis',(0.,1.,0.));
#14684=DIRECTION('',(0.,1.,0.));
#14685=DIRECTION('',(0.,0.,1.));
#14686=DIRECTION('',(0.,1.,0.));
#14687=DIRECTION('',(0.,0.,1.));
#14688=DIRECTION('center_axis',(0.,0.,1.));
#14689=DIRECTION('ref_axis',(-1.,0.,0.));
#14690=DIRECTION('center_axis',(0.,0.,-1.));
#14691=DIRECTION('ref_axis',(-1.,0.,0.));
#14692=DIRECTION('center_axis',(0.,0.,-1.));
#14693=DIRECTION('ref_axis',(-1.,0.,0.));
#14694=DIRECTION('',(0.,0.,1.));
#14695=DIRECTION('center_axis',(0.,1.,0.));
#14696=DIRECTION('ref_axis',(-1.,0.,0.));
#14697=DIRECTION('',(-1.,0.,0.));
#14698=DIRECTION('',(-1.,0.,0.));
#14699=DIRECTION('',(0.,0.,1.));
#14700=DIRECTION('center_axis',(0.,0.,1.));
#14701=DIRECTION('ref_axis',(0.,-1.,0.));
#14702=DIRECTION('center_axis',(0.,0.,-1.));
#14703=DIRECTION('ref_axis',(0.,-1.,0.));
#14704=DIRECTION('center_axis',(0.,0.,-1.));
#14705=DIRECTION('ref_axis',(0.,-1.,0.));
#14706=DIRECTION('',(0.,0.,1.));
#14707=DIRECTION('center_axis',(-1.,0.,0.));
#14708=DIRECTION('ref_axis',(0.,-1.,0.));
#14709=DIRECTION('',(0.,-1.,0.));
#14710=DIRECTION('',(0.,-1.,0.));
#14711=DIRECTION('',(0.,0.,1.));
#14712=DIRECTION('center_axis',(0.,0.,1.));
#14713=DIRECTION('ref_axis',(1.,0.,0.));
#14714=DIRECTION('center_axis',(0.,0.,-1.));
#14715=DIRECTION('ref_axis',(1.,0.,0.));
#14716=DIRECTION('center_axis',(0.,0.,-1.));
#14717=DIRECTION('ref_axis',(1.,0.,0.));
#14718=DIRECTION('',(0.,0.,1.));
#14719=DIRECTION('center_axis',(0.,-1.,0.));
#14720=DIRECTION('ref_axis',(1.,0.,0.));
#14721=DIRECTION('',(1.,0.,0.));
#14722=DIRECTION('',(1.,0.,0.));
#14723=DIRECTION('',(0.,0.,1.));
#14724=DIRECTION('center_axis',(0.,0.,1.));
#14725=DIRECTION('ref_axis',(0.,1.,0.));
#14726=DIRECTION('center_axis',(0.,0.,-1.));
#14727=DIRECTION('ref_axis',(0.,1.,0.));
#14728=DIRECTION('center_axis',(0.,0.,-1.));
#14729=DIRECTION('ref_axis',(0.,1.,0.));
#14730=DIRECTION('center_axis',(1.,0.,0.));
#14731=DIRECTION('ref_axis',(0.,1.,0.));
#14732=DIRECTION('',(0.,1.,0.));
#14733=DIRECTION('',(0.,0.,1.));
#14734=DIRECTION('',(0.,1.,0.));
#14735=DIRECTION('',(0.,0.,1.));
#14736=DIRECTION('center_axis',(0.,0.,1.));
#14737=DIRECTION('ref_axis',(-1.,0.,0.));
#14738=DIRECTION('center_axis',(0.,0.,-1.));
#14739=DIRECTION('ref_axis',(-1.,0.,0.));
#14740=DIRECTION('center_axis',(0.,0.,-1.));
#14741=DIRECTION('ref_axis',(-1.,0.,0.));
#14742=DIRECTION('',(0.,0.,1.));
#14743=DIRECTION('center_axis',(0.,1.,0.));
#14744=DIRECTION('ref_axis',(-1.,0.,0.));
#14745=DIRECTION('',(-1.,0.,0.));
#14746=DIRECTION('',(-1.,0.,0.));
#14747=DIRECTION('',(0.,0.,1.));
#14748=DIRECTION('center_axis',(0.,0.,1.));
#14749=DIRECTION('ref_axis',(0.,-1.,0.));
#14750=DIRECTION('center_axis',(0.,0.,-1.));
#14751=DIRECTION('ref_axis',(0.,-1.,0.));
#14752=DIRECTION('center_axis',(0.,0.,-1.));
#14753=DIRECTION('ref_axis',(0.,-1.,0.));
#14754=DIRECTION('',(0.,0.,1.));
#14755=DIRECTION('center_axis',(-1.,0.,0.));
#14756=DIRECTION('ref_axis',(0.,-1.,0.));
#14757=DIRECTION('',(0.,-1.,0.));
#14758=DIRECTION('',(0.,-1.,0.));
#14759=DIRECTION('',(0.,0.,1.));
#14760=DIRECTION('center_axis',(0.,0.,1.));
#14761=DIRECTION('ref_axis',(1.,0.,0.));
#14762=DIRECTION('center_axis',(0.,0.,-1.));
#14763=DIRECTION('ref_axis',(1.,0.,0.));
#14764=DIRECTION('center_axis',(0.,0.,-1.));
#14765=DIRECTION('ref_axis',(1.,0.,0.));
#14766=DIRECTION('',(0.,0.,1.));
#14767=DIRECTION('center_axis',(0.,-1.,0.));
#14768=DIRECTION('ref_axis',(1.,0.,0.));
#14769=DIRECTION('',(1.,0.,0.));
#14770=DIRECTION('',(1.,0.,0.));
#14771=DIRECTION('',(0.,0.,1.));
#14772=DIRECTION('center_axis',(0.,0.,1.));
#14773=DIRECTION('ref_axis',(0.,1.,0.));
#14774=DIRECTION('center_axis',(0.,0.,-1.));
#14775=DIRECTION('ref_axis',(0.,1.,0.));
#14776=DIRECTION('center_axis',(0.,0.,-1.));
#14777=DIRECTION('ref_axis',(0.,1.,0.));
#14778=DIRECTION('center_axis',(1.,0.,0.));
#14779=DIRECTION('ref_axis',(0.,1.,0.));
#14780=DIRECTION('',(0.,1.,0.));
#14781=DIRECTION('',(0.,0.,1.));
#14782=DIRECTION('',(0.,1.,0.));
#14783=DIRECTION('',(0.,0.,1.));
#14784=DIRECTION('center_axis',(0.,0.,1.));
#14785=DIRECTION('ref_axis',(-1.,0.,0.));
#14786=DIRECTION('center_axis',(0.,0.,-1.));
#14787=DIRECTION('ref_axis',(-1.,0.,0.));
#14788=DIRECTION('center_axis',(0.,0.,-1.));
#14789=DIRECTION('ref_axis',(-1.,0.,0.));
#14790=DIRECTION('',(0.,0.,1.));
#14791=DIRECTION('center_axis',(0.,1.,0.));
#14792=DIRECTION('ref_axis',(-1.,0.,0.));
#14793=DIRECTION('',(-1.,0.,0.));
#14794=DIRECTION('',(-1.,0.,0.));
#14795=DIRECTION('',(0.,0.,1.));
#14796=DIRECTION('center_axis',(0.,0.,1.));
#14797=DIRECTION('ref_axis',(0.,-1.,0.));
#14798=DIRECTION('center_axis',(0.,0.,-1.));
#14799=DIRECTION('ref_axis',(0.,-1.,0.));
#14800=DIRECTION('center_axis',(0.,0.,-1.));
#14801=DIRECTION('ref_axis',(0.,-1.,0.));
#14802=DIRECTION('',(0.,0.,1.));
#14803=DIRECTION('center_axis',(-1.,0.,0.));
#14804=DIRECTION('ref_axis',(0.,-1.,0.));
#14805=DIRECTION('',(0.,-1.,0.));
#14806=DIRECTION('',(0.,-1.,0.));
#14807=DIRECTION('',(0.,0.,1.));
#14808=DIRECTION('center_axis',(0.,0.,1.));
#14809=DIRECTION('ref_axis',(1.,0.,0.));
#14810=DIRECTION('center_axis',(0.,0.,-1.));
#14811=DIRECTION('ref_axis',(1.,0.,0.));
#14812=DIRECTION('center_axis',(0.,0.,-1.));
#14813=DIRECTION('ref_axis',(1.,0.,0.));
#14814=DIRECTION('',(0.,0.,1.));
#14815=DIRECTION('center_axis',(0.,-1.,0.));
#14816=DIRECTION('ref_axis',(1.,0.,0.));
#14817=DIRECTION('',(1.,0.,0.));
#14818=DIRECTION('',(1.,0.,0.));
#14819=DIRECTION('',(0.,0.,1.));
#14820=DIRECTION('center_axis',(0.,0.,1.));
#14821=DIRECTION('ref_axis',(0.,1.,0.));
#14822=DIRECTION('center_axis',(0.,0.,-1.));
#14823=DIRECTION('ref_axis',(0.,1.,0.));
#14824=DIRECTION('center_axis',(0.,0.,-1.));
#14825=DIRECTION('ref_axis',(0.,1.,0.));
#14826=DIRECTION('center_axis',(0.,-1.,0.));
#14827=DIRECTION('ref_axis',(1.,0.,0.));
#14828=DIRECTION('',(1.,0.,0.));
#14829=DIRECTION('',(0.,0.,1.));
#14830=DIRECTION('',(1.,0.,0.));
#14831=DIRECTION('',(0.,0.,1.));
#14832=DIRECTION('center_axis',(0.,0.,1.));
#14833=DIRECTION('ref_axis',(0.,1.,0.));
#14834=DIRECTION('center_axis',(0.,0.,-1.));
#14835=DIRECTION('ref_axis',(0.,1.,0.));
#14836=DIRECTION('center_axis',(0.,0.,-1.));
#14837=DIRECTION('ref_axis',(0.,1.,0.));
#14838=DIRECTION('',(0.,0.,1.));
#14839=DIRECTION('center_axis',(1.,0.,0.));
#14840=DIRECTION('ref_axis',(0.,1.,0.));
#14841=DIRECTION('',(0.,1.,0.));
#14842=DIRECTION('',(0.,1.,0.));
#14843=DIRECTION('',(0.,0.,1.));
#14844=DIRECTION('center_axis',(0.,0.,1.));
#14845=DIRECTION('ref_axis',(-1.,0.,0.));
#14846=DIRECTION('center_axis',(0.,0.,-1.));
#14847=DIRECTION('ref_axis',(-1.,0.,0.));
#14848=DIRECTION('center_axis',(0.,0.,-1.));
#14849=DIRECTION('ref_axis',(-1.,0.,0.));
#14850=DIRECTION('',(0.,0.,1.));
#14851=DIRECTION('center_axis',(0.,1.,0.));
#14852=DIRECTION('ref_axis',(-1.,0.,0.));
#14853=DIRECTION('',(-1.,0.,0.));
#14854=DIRECTION('',(-1.,0.,0.));
#14855=DIRECTION('',(0.,0.,1.));
#14856=DIRECTION('center_axis',(0.,0.,1.));
#14857=DIRECTION('ref_axis',(0.,-1.,0.));
#14858=DIRECTION('center_axis',(0.,0.,-1.));
#14859=DIRECTION('ref_axis',(0.,-1.,0.));
#14860=DIRECTION('center_axis',(0.,0.,-1.));
#14861=DIRECTION('ref_axis',(0.,-1.,0.));
#14862=DIRECTION('',(0.,0.,1.));
#14863=DIRECTION('center_axis',(-1.,0.,0.));
#14864=DIRECTION('ref_axis',(0.,-1.,0.));
#14865=DIRECTION('',(0.,-1.,0.));
#14866=DIRECTION('',(0.,-1.,0.));
#14867=DIRECTION('',(0.,0.,1.));
#14868=DIRECTION('center_axis',(0.,0.,1.));
#14869=DIRECTION('ref_axis',(1.,0.,0.));
#14870=DIRECTION('center_axis',(0.,0.,-1.));
#14871=DIRECTION('ref_axis',(1.,0.,0.));
#14872=DIRECTION('center_axis',(0.,0.,-1.));
#14873=DIRECTION('ref_axis',(1.,0.,0.));
#14874=DIRECTION('center_axis',(1.,0.,0.));
#14875=DIRECTION('ref_axis',(0.,1.,0.));
#14876=DIRECTION('',(0.,1.,0.));
#14877=DIRECTION('',(0.,0.,1.));
#14878=DIRECTION('',(0.,1.,0.));
#14879=DIRECTION('',(0.,0.,1.));
#14880=DIRECTION('center_axis',(0.,0.,1.));
#14881=DIRECTION('ref_axis',(-1.,0.,0.));
#14882=DIRECTION('center_axis',(0.,0.,-1.));
#14883=DIRECTION('ref_axis',(-1.,0.,0.));
#14884=DIRECTION('center_axis',(0.,0.,-1.));
#14885=DIRECTION('ref_axis',(-1.,0.,0.));
#14886=DIRECTION('',(0.,0.,1.));
#14887=DIRECTION('center_axis',(0.,1.,0.));
#14888=DIRECTION('ref_axis',(-1.,0.,0.));
#14889=DIRECTION('',(-1.,0.,0.));
#14890=DIRECTION('',(-1.,0.,0.));
#14891=DIRECTION('',(0.,0.,1.));
#14892=DIRECTION('center_axis',(0.,0.,1.));
#14893=DIRECTION('ref_axis',(0.,-1.,0.));
#14894=DIRECTION('center_axis',(0.,0.,-1.));
#14895=DIRECTION('ref_axis',(0.,-1.,0.));
#14896=DIRECTION('center_axis',(0.,0.,-1.));
#14897=DIRECTION('ref_axis',(0.,-1.,0.));
#14898=DIRECTION('',(0.,0.,1.));
#14899=DIRECTION('center_axis',(-1.,0.,0.));
#14900=DIRECTION('ref_axis',(0.,-1.,0.));
#14901=DIRECTION('',(0.,-1.,0.));
#14902=DIRECTION('',(0.,-1.,0.));
#14903=DIRECTION('',(0.,0.,1.));
#14904=DIRECTION('center_axis',(0.,0.,1.));
#14905=DIRECTION('ref_axis',(1.,0.,0.));
#14906=DIRECTION('center_axis',(0.,0.,-1.));
#14907=DIRECTION('ref_axis',(1.,0.,0.));
#14908=DIRECTION('center_axis',(0.,0.,-1.));
#14909=DIRECTION('ref_axis',(1.,0.,0.));
#14910=DIRECTION('',(0.,0.,1.));
#14911=DIRECTION('center_axis',(0.,-1.,0.));
#14912=DIRECTION('ref_axis',(1.,0.,0.));
#14913=DIRECTION('',(1.,0.,0.));
#14914=DIRECTION('',(1.,0.,0.));
#14915=DIRECTION('',(0.,0.,1.));
#14916=DIRECTION('center_axis',(0.,0.,1.));
#14917=DIRECTION('ref_axis',(0.,1.,0.));
#14918=DIRECTION('center_axis',(0.,0.,-1.));
#14919=DIRECTION('ref_axis',(0.,1.,0.));
#14920=DIRECTION('center_axis',(0.,0.,-1.));
#14921=DIRECTION('ref_axis',(0.,1.,0.));
#14922=DIRECTION('center_axis',(1.,0.,0.));
#14923=DIRECTION('ref_axis',(0.,1.,0.));
#14924=DIRECTION('',(0.,1.,0.));
#14925=DIRECTION('',(0.,0.,1.));
#14926=DIRECTION('',(0.,1.,0.));
#14927=DIRECTION('',(0.,0.,1.));
#14928=DIRECTION('center_axis',(0.,0.,1.));
#14929=DIRECTION('ref_axis',(-1.,0.,0.));
#14930=DIRECTION('center_axis',(0.,0.,-1.));
#14931=DIRECTION('ref_axis',(-1.,0.,0.));
#14932=DIRECTION('center_axis',(0.,0.,-1.));
#14933=DIRECTION('ref_axis',(-1.,0.,0.));
#14934=DIRECTION('',(0.,0.,1.));
#14935=DIRECTION('center_axis',(0.,1.,0.));
#14936=DIRECTION('ref_axis',(-1.,0.,0.));
#14937=DIRECTION('',(-1.,0.,0.));
#14938=DIRECTION('',(-1.,0.,0.));
#14939=DIRECTION('',(0.,0.,1.));
#14940=DIRECTION('center_axis',(0.,0.,1.));
#14941=DIRECTION('ref_axis',(0.,-1.,0.));
#14942=DIRECTION('center_axis',(0.,0.,-1.));
#14943=DIRECTION('ref_axis',(0.,-1.,0.));
#14944=DIRECTION('center_axis',(0.,0.,-1.));
#14945=DIRECTION('ref_axis',(0.,-1.,0.));
#14946=DIRECTION('',(0.,0.,1.));
#14947=DIRECTION('center_axis',(-1.,0.,0.));
#14948=DIRECTION('ref_axis',(0.,-1.,0.));
#14949=DIRECTION('',(0.,-1.,0.));
#14950=DIRECTION('',(0.,-1.,0.));
#14951=DIRECTION('',(0.,0.,1.));
#14952=DIRECTION('center_axis',(0.,0.,1.));
#14953=DIRECTION('ref_axis',(1.,0.,0.));
#14954=DIRECTION('center_axis',(0.,0.,-1.));
#14955=DIRECTION('ref_axis',(1.,0.,0.));
#14956=DIRECTION('center_axis',(0.,0.,-1.));
#14957=DIRECTION('ref_axis',(1.,0.,0.));
#14958=DIRECTION('',(0.,0.,1.));
#14959=DIRECTION('center_axis',(0.,-1.,0.));
#14960=DIRECTION('ref_axis',(1.,0.,0.));
#14961=DIRECTION('',(1.,0.,0.));
#14962=DIRECTION('',(1.,0.,0.));
#14963=DIRECTION('',(0.,0.,1.));
#14964=DIRECTION('center_axis',(0.,0.,1.));
#14965=DIRECTION('ref_axis',(0.,1.,0.));
#14966=DIRECTION('center_axis',(0.,0.,-1.));
#14967=DIRECTION('ref_axis',(0.,1.,0.));
#14968=DIRECTION('center_axis',(0.,0.,-1.));
#14969=DIRECTION('ref_axis',(0.,1.,0.));
#14970=DIRECTION('center_axis',(1.,0.,0.));
#14971=DIRECTION('ref_axis',(0.,1.,0.));
#14972=DIRECTION('',(0.,1.,0.));
#14973=DIRECTION('',(0.,0.,1.));
#14974=DIRECTION('',(0.,1.,0.));
#14975=DIRECTION('',(0.,0.,1.));
#14976=DIRECTION('center_axis',(0.,0.,1.));
#14977=DIRECTION('ref_axis',(-1.,0.,0.));
#14978=DIRECTION('center_axis',(0.,0.,-1.));
#14979=DIRECTION('ref_axis',(-1.,0.,0.));
#14980=DIRECTION('center_axis',(0.,0.,-1.));
#14981=DIRECTION('ref_axis',(-1.,0.,0.));
#14982=DIRECTION('',(0.,0.,1.));
#14983=DIRECTION('center_axis',(0.,1.,0.));
#14984=DIRECTION('ref_axis',(-1.,0.,0.));
#14985=DIRECTION('',(-1.,0.,0.));
#14986=DIRECTION('',(-1.,0.,0.));
#14987=DIRECTION('',(0.,0.,1.));
#14988=DIRECTION('center_axis',(0.,0.,1.));
#14989=DIRECTION('ref_axis',(0.,-1.,0.));
#14990=DIRECTION('center_axis',(0.,0.,-1.));
#14991=DIRECTION('ref_axis',(0.,-1.,0.));
#14992=DIRECTION('center_axis',(0.,0.,-1.));
#14993=DIRECTION('ref_axis',(0.,-1.,0.));
#14994=DIRECTION('',(0.,0.,1.));
#14995=DIRECTION('center_axis',(-1.,0.,0.));
#14996=DIRECTION('ref_axis',(0.,-1.,0.));
#14997=DIRECTION('',(0.,-1.,0.));
#14998=DIRECTION('',(0.,-1.,0.));
#14999=DIRECTION('',(0.,0.,1.));
#15000=DIRECTION('center_axis',(0.,0.,1.));
#15001=DIRECTION('ref_axis',(1.,0.,0.));
#15002=DIRECTION('center_axis',(0.,0.,-1.));
#15003=DIRECTION('ref_axis',(1.,0.,0.));
#15004=DIRECTION('center_axis',(0.,0.,-1.));
#15005=DIRECTION('ref_axis',(1.,0.,0.));
#15006=DIRECTION('',(0.,0.,1.));
#15007=DIRECTION('center_axis',(0.,-1.,0.));
#15008=DIRECTION('ref_axis',(1.,0.,0.));
#15009=DIRECTION('',(1.,0.,0.));
#15010=DIRECTION('',(1.,0.,0.));
#15011=DIRECTION('',(0.,0.,1.));
#15012=DIRECTION('center_axis',(0.,0.,1.));
#15013=DIRECTION('ref_axis',(0.,1.,0.));
#15014=DIRECTION('center_axis',(0.,0.,-1.));
#15015=DIRECTION('ref_axis',(0.,1.,0.));
#15016=DIRECTION('center_axis',(0.,0.,-1.));
#15017=DIRECTION('ref_axis',(0.,1.,0.));
#15018=DIRECTION('center_axis',(1.,0.,0.));
#15019=DIRECTION('ref_axis',(0.,1.,0.));
#15020=DIRECTION('',(0.,-1.,0.));
#15021=DIRECTION('',(0.,0.,1.));
#15022=DIRECTION('',(0.,1.,0.));
#15023=DIRECTION('',(0.,0.,1.));
#15024=DIRECTION('center_axis',(0.,-1.,0.));
#15025=DIRECTION('ref_axis',(1.,0.,0.));
#15026=DIRECTION('',(1.,0.,0.));
#15027=DIRECTION('',(1.,0.,0.));
#15028=DIRECTION('',(0.,0.,1.));
#15029=DIRECTION('center_axis',(-0.707106781186548,-0.707106781186548,0.));
#15030=DIRECTION('ref_axis',(0.707106781186548,-0.707106781186548,0.));
#15031=DIRECTION('',(0.707106781186547,-0.707106781186547,0.));
#15032=DIRECTION('',(0.707106781186547,-0.707106781186547,0.));
#15033=DIRECTION('',(0.,0.,1.));
#15034=DIRECTION('center_axis',(0.,-1.,0.));
#15035=DIRECTION('ref_axis',(1.,0.,0.));
#15036=DIRECTION('',(1.,0.,0.));
#15037=DIRECTION('',(1.,0.,0.));
#15038=DIRECTION('',(0.,0.,1.));
#15039=DIRECTION('center_axis',(-1.,0.,0.));
#15040=DIRECTION('ref_axis',(0.,-1.,0.));
#15041=DIRECTION('',(0.,-1.,0.));
#15042=DIRECTION('',(0.,-1.,0.));
#15043=DIRECTION('',(0.,0.,1.));
#15044=DIRECTION('center_axis',(0.,-1.,0.));
#15045=DIRECTION('ref_axis',(1.,0.,0.));
#15046=DIRECTION('',(1.,0.,0.));
#15047=DIRECTION('',(1.,0.,0.));
#15048=DIRECTION('',(0.,0.,1.));
#15049=DIRECTION('center_axis',(-1.,0.,0.));
#15050=DIRECTION('ref_axis',(0.,-1.,0.));
#15051=DIRECTION('',(0.,-1.,0.));
#15052=DIRECTION('',(0.,-1.,0.));
#15053=DIRECTION('',(0.,0.,1.));
#15054=DIRECTION('center_axis',(0.,1.,0.));
#15055=DIRECTION('ref_axis',(-1.,0.,0.));
#15056=DIRECTION('',(-1.,0.,0.));
#15057=DIRECTION('',(-1.,0.,0.));
#15058=DIRECTION('center_axis',(0.,0.,1.));
#15059=DIRECTION('ref_axis',(1.,0.,0.));
#15060=DIRECTION('center_axis',(0.,0.,1.));
#15061=DIRECTION('ref_axis',(1.,0.,0.));
#15062=DIRECTION('center_axis',(1.,0.,0.));
#15063=DIRECTION('ref_axis',(0.,1.,0.));
#15064=DIRECTION('',(0.,1.,0.));
#15065=DIRECTION('',(0.,0.,1.));
#15066=DIRECTION('',(0.,1.,0.));
#15067=DIRECTION('',(0.,0.,1.));
#15068=DIRECTION('center_axis',(0.,0.,1.));
#15069=DIRECTION('ref_axis',(-1.,0.,0.));
#15070=DIRECTION('center_axis',(0.,0.,-1.));
#15071=DIRECTION('ref_axis',(-1.,0.,0.));
#15072=DIRECTION('center_axis',(0.,0.,-1.));
#15073=DIRECTION('ref_axis',(-1.,0.,0.));
#15074=DIRECTION('',(0.,0.,1.));
#15075=DIRECTION('center_axis',(0.,1.,0.));
#15076=DIRECTION('ref_axis',(-1.,0.,0.));
#15077=DIRECTION('',(-1.,0.,0.));
#15078=DIRECTION('',(-1.,0.,0.));
#15079=DIRECTION('',(0.,0.,1.));
#15080=DIRECTION('center_axis',(0.,0.,1.));
#15081=DIRECTION('ref_axis',(0.,-1.,0.));
#15082=DIRECTION('center_axis',(0.,0.,-1.));
#15083=DIRECTION('ref_axis',(0.,-1.,0.));
#15084=DIRECTION('center_axis',(0.,0.,-1.));
#15085=DIRECTION('ref_axis',(0.,-1.,0.));
#15086=DIRECTION('',(0.,0.,1.));
#15087=DIRECTION('center_axis',(-1.,0.,0.));
#15088=DIRECTION('ref_axis',(0.,-1.,0.));
#15089=DIRECTION('',(0.,-1.,0.));
#15090=DIRECTION('',(0.,-1.,0.));
#15091=DIRECTION('',(0.,0.,1.));
#15092=DIRECTION('center_axis',(0.,0.,1.));
#15093=DIRECTION('ref_axis',(1.,0.,0.));
#15094=DIRECTION('center_axis',(0.,0.,-1.));
#15095=DIRECTION('ref_axis',(1.,0.,0.));
#15096=DIRECTION('center_axis',(0.,0.,-1.));
#15097=DIRECTION('ref_axis',(1.,0.,0.));
#15098=DIRECTION('',(0.,0.,1.));
#15099=DIRECTION('center_axis',(0.,-1.,0.));
#15100=DIRECTION('ref_axis',(1.,0.,0.));
#15101=DIRECTION('',(1.,0.,0.));
#15102=DIRECTION('',(1.,0.,0.));
#15103=DIRECTION('',(0.,0.,1.));
#15104=DIRECTION('center_axis',(0.,0.,1.));
#15105=DIRECTION('ref_axis',(0.,1.,0.));
#15106=DIRECTION('center_axis',(0.,0.,-1.));
#15107=DIRECTION('ref_axis',(0.,1.,0.));
#15108=DIRECTION('center_axis',(0.,0.,-1.));
#15109=DIRECTION('ref_axis',(0.,1.,0.));
#15110=DIRECTION('center_axis',(1.,0.,0.));
#15111=DIRECTION('ref_axis',(0.,1.,0.));
#15112=DIRECTION('',(0.,1.,0.));
#15113=DIRECTION('',(0.,0.,1.));
#15114=DIRECTION('',(0.,1.,0.));
#15115=DIRECTION('',(0.,0.,1.));
#15116=DIRECTION('center_axis',(0.,0.,1.));
#15117=DIRECTION('ref_axis',(-1.,0.,0.));
#15118=DIRECTION('center_axis',(0.,0.,-1.));
#15119=DIRECTION('ref_axis',(-1.,0.,0.));
#15120=DIRECTION('center_axis',(0.,0.,-1.));
#15121=DIRECTION('ref_axis',(-1.,0.,0.));
#15122=DIRECTION('',(0.,0.,1.));
#15123=DIRECTION('center_axis',(0.,1.,0.));
#15124=DIRECTION('ref_axis',(-1.,0.,0.));
#15125=DIRECTION('',(-1.,0.,0.));
#15126=DIRECTION('',(-1.,0.,0.));
#15127=DIRECTION('',(0.,0.,1.));
#15128=DIRECTION('center_axis',(0.,0.,1.));
#15129=DIRECTION('ref_axis',(0.,-1.,0.));
#15130=DIRECTION('center_axis',(0.,0.,-1.));
#15131=DIRECTION('ref_axis',(0.,-1.,0.));
#15132=DIRECTION('center_axis',(0.,0.,-1.));
#15133=DIRECTION('ref_axis',(0.,-1.,0.));
#15134=DIRECTION('',(0.,0.,1.));
#15135=DIRECTION('center_axis',(-1.,0.,0.));
#15136=DIRECTION('ref_axis',(0.,-1.,0.));
#15137=DIRECTION('',(0.,-1.,0.));
#15138=DIRECTION('',(0.,-1.,0.));
#15139=DIRECTION('',(0.,0.,1.));
#15140=DIRECTION('center_axis',(0.,0.,1.));
#15141=DIRECTION('ref_axis',(1.,0.,0.));
#15142=DIRECTION('center_axis',(0.,0.,-1.));
#15143=DIRECTION('ref_axis',(1.,0.,0.));
#15144=DIRECTION('center_axis',(0.,0.,-1.));
#15145=DIRECTION('ref_axis',(1.,0.,0.));
#15146=DIRECTION('',(0.,0.,1.));
#15147=DIRECTION('center_axis',(0.,-1.,0.));
#15148=DIRECTION('ref_axis',(1.,0.,0.));
#15149=DIRECTION('',(1.,0.,0.));
#15150=DIRECTION('',(1.,0.,0.));
#15151=DIRECTION('',(0.,0.,1.));
#15152=DIRECTION('center_axis',(0.,0.,1.));
#15153=DIRECTION('ref_axis',(0.,1.,0.));
#15154=DIRECTION('center_axis',(0.,0.,-1.));
#15155=DIRECTION('ref_axis',(0.,1.,0.));
#15156=DIRECTION('center_axis',(0.,0.,-1.));
#15157=DIRECTION('ref_axis',(0.,1.,0.));
#15158=DIRECTION('center_axis',(1.,0.,0.));
#15159=DIRECTION('ref_axis',(0.,1.,0.));
#15160=DIRECTION('',(0.,1.,0.));
#15161=DIRECTION('',(0.,0.,1.));
#15162=DIRECTION('',(0.,1.,0.));
#15163=DIRECTION('',(0.,0.,1.));
#15164=DIRECTION('center_axis',(0.,0.,1.));
#15165=DIRECTION('ref_axis',(-1.,0.,0.));
#15166=DIRECTION('center_axis',(0.,0.,-1.));
#15167=DIRECTION('ref_axis',(-1.,0.,0.));
#15168=DIRECTION('center_axis',(0.,0.,-1.));
#15169=DIRECTION('ref_axis',(-1.,0.,0.));
#15170=DIRECTION('',(0.,0.,1.));
#15171=DIRECTION('center_axis',(0.,1.,0.));
#15172=DIRECTION('ref_axis',(-1.,0.,0.));
#15173=DIRECTION('',(-1.,0.,0.));
#15174=DIRECTION('',(-1.,0.,0.));
#15175=DIRECTION('',(0.,0.,1.));
#15176=DIRECTION('center_axis',(0.,0.,1.));
#15177=DIRECTION('ref_axis',(0.,-1.,0.));
#15178=DIRECTION('center_axis',(0.,0.,-1.));
#15179=DIRECTION('ref_axis',(0.,-1.,0.));
#15180=DIRECTION('center_axis',(0.,0.,-1.));
#15181=DIRECTION('ref_axis',(0.,-1.,0.));
#15182=DIRECTION('',(0.,0.,1.));
#15183=DIRECTION('center_axis',(-1.,0.,0.));
#15184=DIRECTION('ref_axis',(0.,-1.,0.));
#15185=DIRECTION('',(0.,-1.,0.));
#15186=DIRECTION('',(0.,-1.,0.));
#15187=DIRECTION('',(0.,0.,1.));
#15188=DIRECTION('center_axis',(0.,0.,1.));
#15189=DIRECTION('ref_axis',(1.,0.,0.));
#15190=DIRECTION('center_axis',(0.,0.,-1.));
#15191=DIRECTION('ref_axis',(1.,0.,0.));
#15192=DIRECTION('center_axis',(0.,0.,-1.));
#15193=DIRECTION('ref_axis',(1.,0.,0.));
#15194=DIRECTION('',(0.,0.,1.));
#15195=DIRECTION('center_axis',(0.,-1.,0.));
#15196=DIRECTION('ref_axis',(1.,0.,0.));
#15197=DIRECTION('',(1.,0.,0.));
#15198=DIRECTION('',(1.,0.,0.));
#15199=DIRECTION('',(0.,0.,1.));
#15200=DIRECTION('center_axis',(0.,0.,1.));
#15201=DIRECTION('ref_axis',(0.,1.,0.));
#15202=DIRECTION('center_axis',(0.,0.,-1.));
#15203=DIRECTION('ref_axis',(0.,1.,0.));
#15204=DIRECTION('center_axis',(0.,0.,-1.));
#15205=DIRECTION('ref_axis',(0.,1.,0.));
#15206=DIRECTION('center_axis',(1.,0.,0.));
#15207=DIRECTION('ref_axis',(0.,1.,0.));
#15208=DIRECTION('',(0.,1.,0.));
#15209=DIRECTION('',(0.,0.,1.));
#15210=DIRECTION('',(0.,1.,0.));
#15211=DIRECTION('',(0.,0.,1.));
#15212=DIRECTION('center_axis',(0.,0.,1.));
#15213=DIRECTION('ref_axis',(-1.,0.,0.));
#15214=DIRECTION('center_axis',(0.,0.,-1.));
#15215=DIRECTION('ref_axis',(-1.,0.,0.));
#15216=DIRECTION('center_axis',(0.,0.,-1.));
#15217=DIRECTION('ref_axis',(-1.,0.,0.));
#15218=DIRECTION('',(0.,0.,1.));
#15219=DIRECTION('center_axis',(0.,1.,0.));
#15220=DIRECTION('ref_axis',(-1.,0.,0.));
#15221=DIRECTION('',(-1.,0.,0.));
#15222=DIRECTION('',(-1.,0.,0.));
#15223=DIRECTION('',(0.,0.,1.));
#15224=DIRECTION('center_axis',(0.,0.,1.));
#15225=DIRECTION('ref_axis',(0.,-1.,0.));
#15226=DIRECTION('center_axis',(0.,0.,-1.));
#15227=DIRECTION('ref_axis',(0.,-1.,0.));
#15228=DIRECTION('center_axis',(0.,0.,-1.));
#15229=DIRECTION('ref_axis',(0.,-1.,0.));
#15230=DIRECTION('',(0.,0.,1.));
#15231=DIRECTION('center_axis',(-1.,0.,0.));
#15232=DIRECTION('ref_axis',(0.,-1.,0.));
#15233=DIRECTION('',(0.,-1.,0.));
#15234=DIRECTION('',(0.,-1.,0.));
#15235=DIRECTION('',(0.,0.,1.));
#15236=DIRECTION('center_axis',(0.,0.,1.));
#15237=DIRECTION('ref_axis',(1.,0.,0.));
#15238=DIRECTION('center_axis',(0.,0.,-1.));
#15239=DIRECTION('ref_axis',(1.,0.,0.));
#15240=DIRECTION('center_axis',(0.,0.,-1.));
#15241=DIRECTION('ref_axis',(1.,0.,0.));
#15242=DIRECTION('',(0.,0.,1.));
#15243=DIRECTION('center_axis',(0.,-1.,0.));
#15244=DIRECTION('ref_axis',(1.,0.,0.));
#15245=DIRECTION('',(1.,0.,0.));
#15246=DIRECTION('',(1.,0.,0.));
#15247=DIRECTION('',(0.,0.,1.));
#15248=DIRECTION('center_axis',(0.,0.,1.));
#15249=DIRECTION('ref_axis',(0.,1.,0.));
#15250=DIRECTION('center_axis',(0.,0.,-1.));
#15251=DIRECTION('ref_axis',(0.,1.,0.));
#15252=DIRECTION('center_axis',(0.,0.,-1.));
#15253=DIRECTION('ref_axis',(0.,1.,0.));
#15254=DIRECTION('center_axis',(1.,0.,0.));
#15255=DIRECTION('ref_axis',(0.,1.,0.));
#15256=DIRECTION('',(0.,1.,0.));
#15257=DIRECTION('',(0.,0.,1.));
#15258=DIRECTION('',(0.,1.,0.));
#15259=DIRECTION('',(0.,0.,1.));
#15260=DIRECTION('center_axis',(0.,0.,1.));
#15261=DIRECTION('ref_axis',(-1.,0.,0.));
#15262=DIRECTION('center_axis',(0.,0.,-1.));
#15263=DIRECTION('ref_axis',(-1.,0.,0.));
#15264=DIRECTION('center_axis',(0.,0.,-1.));
#15265=DIRECTION('ref_axis',(-1.,0.,0.));
#15266=DIRECTION('',(0.,0.,1.));
#15267=DIRECTION('center_axis',(0.,1.,0.));
#15268=DIRECTION('ref_axis',(-1.,0.,0.));
#15269=DIRECTION('',(-1.,0.,0.));
#15270=DIRECTION('',(-1.,0.,0.));
#15271=DIRECTION('',(0.,0.,1.));
#15272=DIRECTION('center_axis',(0.,0.,1.));
#15273=DIRECTION('ref_axis',(0.,-1.,0.));
#15274=DIRECTION('center_axis',(0.,0.,-1.));
#15275=DIRECTION('ref_axis',(0.,-1.,0.));
#15276=DIRECTION('center_axis',(0.,0.,-1.));
#15277=DIRECTION('ref_axis',(0.,-1.,0.));
#15278=DIRECTION('',(0.,0.,1.));
#15279=DIRECTION('center_axis',(-1.,0.,0.));
#15280=DIRECTION('ref_axis',(0.,-1.,0.));
#15281=DIRECTION('',(0.,-1.,0.));
#15282=DIRECTION('',(0.,-1.,0.));
#15283=DIRECTION('',(0.,0.,1.));
#15284=DIRECTION('center_axis',(0.,0.,1.));
#15285=DIRECTION('ref_axis',(1.,0.,0.));
#15286=DIRECTION('center_axis',(0.,0.,-1.));
#15287=DIRECTION('ref_axis',(1.,0.,0.));
#15288=DIRECTION('center_axis',(0.,0.,-1.));
#15289=DIRECTION('ref_axis',(1.,0.,0.));
#15290=DIRECTION('',(0.,0.,1.));
#15291=DIRECTION('center_axis',(0.,-1.,0.));
#15292=DIRECTION('ref_axis',(1.,0.,0.));
#15293=DIRECTION('',(1.,0.,0.));
#15294=DIRECTION('',(1.,0.,0.));
#15295=DIRECTION('',(0.,0.,1.));
#15296=DIRECTION('center_axis',(0.,0.,1.));
#15297=DIRECTION('ref_axis',(0.,1.,0.));
#15298=DIRECTION('center_axis',(0.,0.,-1.));
#15299=DIRECTION('ref_axis',(0.,1.,0.));
#15300=DIRECTION('center_axis',(0.,0.,-1.));
#15301=DIRECTION('ref_axis',(0.,1.,0.));
#15302=DIRECTION('center_axis',(1.,0.,0.));
#15303=DIRECTION('ref_axis',(0.,1.,0.));
#15304=DIRECTION('',(0.,1.,0.));
#15305=DIRECTION('',(0.,0.,1.));
#15306=DIRECTION('',(0.,1.,0.));
#15307=DIRECTION('',(0.,0.,1.));
#15308=DIRECTION('center_axis',(0.,0.,1.));
#15309=DIRECTION('ref_axis',(-1.,0.,0.));
#15310=DIRECTION('center_axis',(0.,0.,-1.));
#15311=DIRECTION('ref_axis',(-1.,0.,0.));
#15312=DIRECTION('center_axis',(0.,0.,-1.));
#15313=DIRECTION('ref_axis',(-1.,0.,0.));
#15314=DIRECTION('',(0.,0.,1.));
#15315=DIRECTION('center_axis',(0.,1.,0.));
#15316=DIRECTION('ref_axis',(-1.,0.,0.));
#15317=DIRECTION('',(-1.,0.,0.));
#15318=DIRECTION('',(-1.,0.,0.));
#15319=DIRECTION('',(0.,0.,1.));
#15320=DIRECTION('center_axis',(0.,0.,1.));
#15321=DIRECTION('ref_axis',(0.,-1.,0.));
#15322=DIRECTION('center_axis',(0.,0.,-1.));
#15323=DIRECTION('ref_axis',(0.,-1.,0.));
#15324=DIRECTION('center_axis',(0.,0.,-1.));
#15325=DIRECTION('ref_axis',(0.,-1.,0.));
#15326=DIRECTION('',(0.,0.,1.));
#15327=DIRECTION('center_axis',(-1.,0.,0.));
#15328=DIRECTION('ref_axis',(0.,-1.,0.));
#15329=DIRECTION('',(0.,-1.,0.));
#15330=DIRECTION('',(0.,-1.,0.));
#15331=DIRECTION('',(0.,0.,1.));
#15332=DIRECTION('center_axis',(0.,0.,1.));
#15333=DIRECTION('ref_axis',(1.,0.,0.));
#15334=DIRECTION('center_axis',(0.,0.,-1.));
#15335=DIRECTION('ref_axis',(1.,0.,0.));
#15336=DIRECTION('center_axis',(0.,0.,-1.));
#15337=DIRECTION('ref_axis',(1.,0.,0.));
#15338=DIRECTION('',(0.,0.,1.));
#15339=DIRECTION('center_axis',(0.,-1.,0.));
#15340=DIRECTION('ref_axis',(1.,0.,0.));
#15341=DIRECTION('',(1.,0.,0.));
#15342=DIRECTION('',(1.,0.,0.));
#15343=DIRECTION('',(0.,0.,1.));
#15344=DIRECTION('center_axis',(0.,0.,1.));
#15345=DIRECTION('ref_axis',(0.,1.,0.));
#15346=DIRECTION('center_axis',(0.,0.,-1.));
#15347=DIRECTION('ref_axis',(0.,1.,0.));
#15348=DIRECTION('center_axis',(0.,0.,-1.));
#15349=DIRECTION('ref_axis',(0.,1.,0.));
#15350=DIRECTION('center_axis',(1.,0.,0.));
#15351=DIRECTION('ref_axis',(0.,1.,0.));
#15352=DIRECTION('',(0.,1.,0.));
#15353=DIRECTION('',(0.,0.,1.));
#15354=DIRECTION('',(0.,1.,0.));
#15355=DIRECTION('',(0.,0.,1.));
#15356=DIRECTION('center_axis',(0.,0.,1.));
#15357=DIRECTION('ref_axis',(-1.,0.,0.));
#15358=DIRECTION('center_axis',(0.,0.,-1.));
#15359=DIRECTION('ref_axis',(-1.,0.,0.));
#15360=DIRECTION('center_axis',(0.,0.,-1.));
#15361=DIRECTION('ref_axis',(-1.,0.,0.));
#15362=DIRECTION('',(0.,0.,1.));
#15363=DIRECTION('center_axis',(0.,1.,0.));
#15364=DIRECTION('ref_axis',(-1.,0.,0.));
#15365=DIRECTION('',(-1.,0.,0.));
#15366=DIRECTION('',(-1.,0.,0.));
#15367=DIRECTION('',(0.,0.,1.));
#15368=DIRECTION('center_axis',(0.,0.,1.));
#15369=DIRECTION('ref_axis',(0.,-1.,0.));
#15370=DIRECTION('center_axis',(0.,0.,-1.));
#15371=DIRECTION('ref_axis',(0.,-1.,0.));
#15372=DIRECTION('center_axis',(0.,0.,-1.));
#15373=DIRECTION('ref_axis',(0.,-1.,0.));
#15374=DIRECTION('',(0.,0.,1.));
#15375=DIRECTION('center_axis',(-1.,0.,0.));
#15376=DIRECTION('ref_axis',(0.,-1.,0.));
#15377=DIRECTION('',(0.,-1.,0.));
#15378=DIRECTION('',(0.,-1.,0.));
#15379=DIRECTION('',(0.,0.,1.));
#15380=DIRECTION('center_axis',(0.,0.,1.));
#15381=DIRECTION('ref_axis',(1.,0.,0.));
#15382=DIRECTION('center_axis',(0.,0.,-1.));
#15383=DIRECTION('ref_axis',(1.,0.,0.));
#15384=DIRECTION('center_axis',(0.,0.,-1.));
#15385=DIRECTION('ref_axis',(1.,0.,0.));
#15386=DIRECTION('',(0.,0.,1.));
#15387=DIRECTION('center_axis',(0.,-1.,0.));
#15388=DIRECTION('ref_axis',(1.,0.,0.));
#15389=DIRECTION('',(1.,0.,0.));
#15390=DIRECTION('',(1.,0.,0.));
#15391=DIRECTION('',(0.,0.,1.));
#15392=DIRECTION('center_axis',(0.,0.,1.));
#15393=DIRECTION('ref_axis',(0.,1.,0.));
#15394=DIRECTION('center_axis',(0.,0.,-1.));
#15395=DIRECTION('ref_axis',(0.,1.,0.));
#15396=DIRECTION('center_axis',(0.,0.,-1.));
#15397=DIRECTION('ref_axis',(0.,1.,0.));
#15398=DIRECTION('center_axis',(1.,0.,0.));
#15399=DIRECTION('ref_axis',(0.,1.,0.));
#15400=DIRECTION('',(0.,1.,0.));
#15401=DIRECTION('',(0.,0.,1.));
#15402=DIRECTION('',(0.,1.,0.));
#15403=DIRECTION('',(0.,0.,1.));
#15404=DIRECTION('center_axis',(0.,0.,1.));
#15405=DIRECTION('ref_axis',(-1.,0.,0.));
#15406=DIRECTION('center_axis',(0.,0.,-1.));
#15407=DIRECTION('ref_axis',(-1.,0.,0.));
#15408=DIRECTION('center_axis',(0.,0.,-1.));
#15409=DIRECTION('ref_axis',(-1.,0.,0.));
#15410=DIRECTION('',(0.,0.,1.));
#15411=DIRECTION('center_axis',(0.,1.,0.));
#15412=DIRECTION('ref_axis',(-1.,0.,0.));
#15413=DIRECTION('',(-1.,0.,0.));
#15414=DIRECTION('',(-1.,0.,0.));
#15415=DIRECTION('',(0.,0.,1.));
#15416=DIRECTION('center_axis',(0.,0.,1.));
#15417=DIRECTION('ref_axis',(0.,-1.,0.));
#15418=DIRECTION('center_axis',(0.,0.,-1.));
#15419=DIRECTION('ref_axis',(0.,-1.,0.));
#15420=DIRECTION('center_axis',(0.,0.,-1.));
#15421=DIRECTION('ref_axis',(0.,-1.,0.));
#15422=DIRECTION('',(0.,0.,1.));
#15423=DIRECTION('center_axis',(-1.,0.,0.));
#15424=DIRECTION('ref_axis',(0.,-1.,0.));
#15425=DIRECTION('',(0.,-1.,0.));
#15426=DIRECTION('',(0.,-1.,0.));
#15427=DIRECTION('',(0.,0.,1.));
#15428=DIRECTION('center_axis',(0.,0.,1.));
#15429=DIRECTION('ref_axis',(1.,0.,0.));
#15430=DIRECTION('center_axis',(0.,0.,-1.));
#15431=DIRECTION('ref_axis',(1.,0.,0.));
#15432=DIRECTION('center_axis',(0.,0.,-1.));
#15433=DIRECTION('ref_axis',(1.,0.,0.));
#15434=DIRECTION('',(0.,0.,1.));
#15435=DIRECTION('center_axis',(0.,-1.,0.));
#15436=DIRECTION('ref_axis',(1.,0.,0.));
#15437=DIRECTION('',(1.,0.,0.));
#15438=DIRECTION('',(1.,0.,0.));
#15439=DIRECTION('',(0.,0.,1.));
#15440=DIRECTION('center_axis',(0.,0.,1.));
#15441=DIRECTION('ref_axis',(0.,1.,0.));
#15442=DIRECTION('center_axis',(0.,0.,-1.));
#15443=DIRECTION('ref_axis',(0.,1.,0.));
#15444=DIRECTION('center_axis',(0.,0.,-1.));
#15445=DIRECTION('ref_axis',(0.,1.,0.));
#15446=DIRECTION('center_axis',(1.,0.,0.));
#15447=DIRECTION('ref_axis',(0.,1.,0.));
#15448=DIRECTION('',(0.,1.,0.));
#15449=DIRECTION('',(0.,0.,1.));
#15450=DIRECTION('',(0.,1.,0.));
#15451=DIRECTION('',(0.,0.,1.));
#15452=DIRECTION('center_axis',(0.,0.,1.));
#15453=DIRECTION('ref_axis',(-1.,0.,0.));
#15454=DIRECTION('center_axis',(0.,0.,-1.));
#15455=DIRECTION('ref_axis',(-1.,0.,0.));
#15456=DIRECTION('center_axis',(0.,0.,-1.));
#15457=DIRECTION('ref_axis',(-1.,0.,0.));
#15458=DIRECTION('',(0.,0.,1.));
#15459=DIRECTION('center_axis',(0.,1.,0.));
#15460=DIRECTION('ref_axis',(-1.,0.,0.));
#15461=DIRECTION('',(-1.,0.,0.));
#15462=DIRECTION('',(-1.,0.,0.));
#15463=DIRECTION('',(0.,0.,1.));
#15464=DIRECTION('center_axis',(0.,0.,1.));
#15465=DIRECTION('ref_axis',(0.,-1.,0.));
#15466=DIRECTION('center_axis',(0.,0.,-1.));
#15467=DIRECTION('ref_axis',(0.,-1.,0.));
#15468=DIRECTION('center_axis',(0.,0.,-1.));
#15469=DIRECTION('ref_axis',(0.,-1.,0.));
#15470=DIRECTION('',(0.,0.,1.));
#15471=DIRECTION('center_axis',(-1.,0.,0.));
#15472=DIRECTION('ref_axis',(0.,-1.,0.));
#15473=DIRECTION('',(0.,-1.,0.));
#15474=DIRECTION('',(0.,-1.,0.));
#15475=DIRECTION('',(0.,0.,1.));
#15476=DIRECTION('center_axis',(0.,0.,1.));
#15477=DIRECTION('ref_axis',(1.,0.,0.));
#15478=DIRECTION('center_axis',(0.,0.,-1.));
#15479=DIRECTION('ref_axis',(1.,0.,0.));
#15480=DIRECTION('center_axis',(0.,0.,-1.));
#15481=DIRECTION('ref_axis',(1.,0.,0.));
#15482=DIRECTION('',(0.,0.,1.));
#15483=DIRECTION('center_axis',(0.,-1.,0.));
#15484=DIRECTION('ref_axis',(1.,0.,0.));
#15485=DIRECTION('',(1.,0.,0.));
#15486=DIRECTION('',(1.,0.,0.));
#15487=DIRECTION('',(0.,0.,1.));
#15488=DIRECTION('center_axis',(0.,0.,1.));
#15489=DIRECTION('ref_axis',(0.,1.,0.));
#15490=DIRECTION('center_axis',(0.,0.,-1.));
#15491=DIRECTION('ref_axis',(0.,1.,0.));
#15492=DIRECTION('center_axis',(0.,0.,-1.));
#15493=DIRECTION('ref_axis',(0.,1.,0.));
#15494=DIRECTION('center_axis',(1.,0.,0.));
#15495=DIRECTION('ref_axis',(0.,1.,0.));
#15496=DIRECTION('',(0.,1.,0.));
#15497=DIRECTION('',(0.,0.,1.));
#15498=DIRECTION('',(0.,1.,0.));
#15499=DIRECTION('',(0.,0.,1.));
#15500=DIRECTION('center_axis',(0.,0.,1.));
#15501=DIRECTION('ref_axis',(-1.,0.,0.));
#15502=DIRECTION('center_axis',(0.,0.,-1.));
#15503=DIRECTION('ref_axis',(-1.,0.,0.));
#15504=DIRECTION('center_axis',(0.,0.,-1.));
#15505=DIRECTION('ref_axis',(-1.,0.,0.));
#15506=DIRECTION('',(0.,0.,1.));
#15507=DIRECTION('center_axis',(0.,1.,0.));
#15508=DIRECTION('ref_axis',(-1.,0.,0.));
#15509=DIRECTION('',(-1.,0.,0.));
#15510=DIRECTION('',(-1.,0.,0.));
#15511=DIRECTION('',(0.,0.,1.));
#15512=DIRECTION('center_axis',(0.,0.,1.));
#15513=DIRECTION('ref_axis',(0.,-1.,0.));
#15514=DIRECTION('center_axis',(0.,0.,-1.));
#15515=DIRECTION('ref_axis',(0.,-1.,0.));
#15516=DIRECTION('center_axis',(0.,0.,-1.));
#15517=DIRECTION('ref_axis',(0.,-1.,0.));
#15518=DIRECTION('',(0.,0.,1.));
#15519=DIRECTION('center_axis',(-1.,0.,0.));
#15520=DIRECTION('ref_axis',(0.,-1.,0.));
#15521=DIRECTION('',(0.,-1.,0.));
#15522=DIRECTION('',(0.,-1.,0.));
#15523=DIRECTION('',(0.,0.,1.));
#15524=DIRECTION('center_axis',(0.,0.,1.));
#15525=DIRECTION('ref_axis',(1.,0.,0.));
#15526=DIRECTION('center_axis',(0.,0.,-1.));
#15527=DIRECTION('ref_axis',(1.,0.,0.));
#15528=DIRECTION('center_axis',(0.,0.,-1.));
#15529=DIRECTION('ref_axis',(1.,0.,0.));
#15530=DIRECTION('',(0.,0.,1.));
#15531=DIRECTION('center_axis',(0.,-1.,0.));
#15532=DIRECTION('ref_axis',(1.,0.,0.));
#15533=DIRECTION('',(1.,0.,0.));
#15534=DIRECTION('',(1.,0.,0.));
#15535=DIRECTION('',(0.,0.,1.));
#15536=DIRECTION('center_axis',(0.,0.,1.));
#15537=DIRECTION('ref_axis',(0.,1.,0.));
#15538=DIRECTION('center_axis',(0.,0.,-1.));
#15539=DIRECTION('ref_axis',(0.,1.,0.));
#15540=DIRECTION('center_axis',(0.,0.,-1.));
#15541=DIRECTION('ref_axis',(0.,1.,0.));
#15542=DIRECTION('center_axis',(1.,0.,0.));
#15543=DIRECTION('ref_axis',(0.,1.,0.));
#15544=DIRECTION('',(0.,1.,0.));
#15545=DIRECTION('',(0.,0.,1.));
#15546=DIRECTION('',(0.,1.,0.));
#15547=DIRECTION('',(0.,0.,1.));
#15548=DIRECTION('center_axis',(0.,0.,1.));
#15549=DIRECTION('ref_axis',(-1.,0.,0.));
#15550=DIRECTION('center_axis',(0.,0.,-1.));
#15551=DIRECTION('ref_axis',(-1.,0.,0.));
#15552=DIRECTION('center_axis',(0.,0.,-1.));
#15553=DIRECTION('ref_axis',(-1.,0.,0.));
#15554=DIRECTION('',(0.,0.,1.));
#15555=DIRECTION('center_axis',(0.,1.,0.));
#15556=DIRECTION('ref_axis',(-1.,0.,0.));
#15557=DIRECTION('',(-1.,0.,0.));
#15558=DIRECTION('',(-1.,0.,0.));
#15559=DIRECTION('',(0.,0.,1.));
#15560=DIRECTION('center_axis',(0.,0.,1.));
#15561=DIRECTION('ref_axis',(0.,-1.,0.));
#15562=DIRECTION('center_axis',(0.,0.,-1.));
#15563=DIRECTION('ref_axis',(0.,-1.,0.));
#15564=DIRECTION('center_axis',(0.,0.,-1.));
#15565=DIRECTION('ref_axis',(0.,-1.,0.));
#15566=DIRECTION('',(0.,0.,1.));
#15567=DIRECTION('center_axis',(-1.,0.,0.));
#15568=DIRECTION('ref_axis',(0.,-1.,0.));
#15569=DIRECTION('',(0.,-1.,0.));
#15570=DIRECTION('',(0.,-1.,0.));
#15571=DIRECTION('',(0.,0.,1.));
#15572=DIRECTION('center_axis',(0.,0.,1.));
#15573=DIRECTION('ref_axis',(1.,0.,0.));
#15574=DIRECTION('center_axis',(0.,0.,-1.));
#15575=DIRECTION('ref_axis',(1.,0.,0.));
#15576=DIRECTION('center_axis',(0.,0.,-1.));
#15577=DIRECTION('ref_axis',(1.,0.,0.));
#15578=DIRECTION('',(0.,0.,1.));
#15579=DIRECTION('center_axis',(0.,-1.,0.));
#15580=DIRECTION('ref_axis',(1.,0.,0.));
#15581=DIRECTION('',(1.,0.,0.));
#15582=DIRECTION('',(1.,0.,0.));
#15583=DIRECTION('',(0.,0.,1.));
#15584=DIRECTION('center_axis',(0.,0.,1.));
#15585=DIRECTION('ref_axis',(0.,1.,0.));
#15586=DIRECTION('center_axis',(0.,0.,-1.));
#15587=DIRECTION('ref_axis',(0.,1.,0.));
#15588=DIRECTION('center_axis',(0.,0.,-1.));
#15589=DIRECTION('ref_axis',(0.,1.,0.));
#15590=DIRECTION('center_axis',(0.,-1.,0.));
#15591=DIRECTION('ref_axis',(1.,0.,0.));
#15592=DIRECTION('',(1.,0.,0.));
#15593=DIRECTION('',(0.,0.,1.));
#15594=DIRECTION('',(1.,0.,0.));
#15595=DIRECTION('',(0.,0.,1.));
#15596=DIRECTION('center_axis',(0.,0.,1.));
#15597=DIRECTION('ref_axis',(0.,1.,0.));
#15598=DIRECTION('center_axis',(0.,0.,-1.));
#15599=DIRECTION('ref_axis',(0.,1.,0.));
#15600=DIRECTION('center_axis',(0.,0.,-1.));
#15601=DIRECTION('ref_axis',(0.,1.,0.));
#15602=DIRECTION('',(0.,0.,1.));
#15603=DIRECTION('center_axis',(1.,0.,0.));
#15604=DIRECTION('ref_axis',(0.,1.,0.));
#15605=DIRECTION('',(0.,1.,0.));
#15606=DIRECTION('',(0.,1.,0.));
#15607=DIRECTION('',(0.,0.,1.));
#15608=DIRECTION('center_axis',(0.,0.,1.));
#15609=DIRECTION('ref_axis',(-1.,0.,0.));
#15610=DIRECTION('center_axis',(0.,0.,-1.));
#15611=DIRECTION('ref_axis',(-1.,0.,0.));
#15612=DIRECTION('center_axis',(0.,0.,-1.));
#15613=DIRECTION('ref_axis',(-1.,0.,0.));
#15614=DIRECTION('',(0.,0.,1.));
#15615=DIRECTION('center_axis',(0.,1.,0.));
#15616=DIRECTION('ref_axis',(-1.,0.,0.));
#15617=DIRECTION('',(-1.,0.,0.));
#15618=DIRECTION('',(-1.,0.,0.));
#15619=DIRECTION('',(0.,0.,1.));
#15620=DIRECTION('center_axis',(0.,0.,1.));
#15621=DIRECTION('ref_axis',(0.,-1.,0.));
#15622=DIRECTION('center_axis',(0.,0.,-1.));
#15623=DIRECTION('ref_axis',(0.,-1.,0.));
#15624=DIRECTION('center_axis',(0.,0.,-1.));
#15625=DIRECTION('ref_axis',(0.,-1.,0.));
#15626=DIRECTION('',(0.,0.,1.));
#15627=DIRECTION('center_axis',(-1.,0.,0.));
#15628=DIRECTION('ref_axis',(0.,-1.,0.));
#15629=DIRECTION('',(0.,-1.,0.));
#15630=DIRECTION('',(0.,-1.,0.));
#15631=DIRECTION('',(0.,0.,1.));
#15632=DIRECTION('center_axis',(0.,0.,1.));
#15633=DIRECTION('ref_axis',(1.,0.,0.));
#15634=DIRECTION('center_axis',(0.,0.,-1.));
#15635=DIRECTION('ref_axis',(1.,0.,0.));
#15636=DIRECTION('center_axis',(0.,0.,-1.));
#15637=DIRECTION('ref_axis',(1.,0.,0.));
#15638=DIRECTION('center_axis',(1.,0.,0.));
#15639=DIRECTION('ref_axis',(0.,1.,0.));
#15640=DIRECTION('',(0.,1.,0.));
#15641=DIRECTION('',(0.,0.,1.));
#15642=DIRECTION('',(0.,1.,0.));
#15643=DIRECTION('',(0.,0.,1.));
#15644=DIRECTION('center_axis',(0.,0.,1.));
#15645=DIRECTION('ref_axis',(-1.,0.,0.));
#15646=DIRECTION('center_axis',(0.,0.,-1.));
#15647=DIRECTION('ref_axis',(-1.,0.,0.));
#15648=DIRECTION('center_axis',(0.,0.,-1.));
#15649=DIRECTION('ref_axis',(-1.,0.,0.));
#15650=DIRECTION('',(0.,0.,1.));
#15651=DIRECTION('center_axis',(0.,1.,0.));
#15652=DIRECTION('ref_axis',(-1.,0.,0.));
#15653=DIRECTION('',(-1.,0.,0.));
#15654=DIRECTION('',(-1.,0.,0.));
#15655=DIRECTION('',(0.,0.,1.));
#15656=DIRECTION('center_axis',(0.,0.,1.));
#15657=DIRECTION('ref_axis',(0.,-1.,0.));
#15658=DIRECTION('center_axis',(0.,0.,-1.));
#15659=DIRECTION('ref_axis',(0.,-1.,0.));
#15660=DIRECTION('center_axis',(0.,0.,-1.));
#15661=DIRECTION('ref_axis',(0.,-1.,0.));
#15662=DIRECTION('',(0.,0.,1.));
#15663=DIRECTION('center_axis',(-1.,0.,0.));
#15664=DIRECTION('ref_axis',(0.,-1.,0.));
#15665=DIRECTION('',(0.,-1.,0.));
#15666=DIRECTION('',(0.,-1.,0.));
#15667=DIRECTION('',(0.,0.,1.));
#15668=DIRECTION('center_axis',(0.,0.,1.));
#15669=DIRECTION('ref_axis',(1.,0.,0.));
#15670=DIRECTION('center_axis',(0.,0.,-1.));
#15671=DIRECTION('ref_axis',(1.,0.,0.));
#15672=DIRECTION('center_axis',(0.,0.,-1.));
#15673=DIRECTION('ref_axis',(1.,0.,0.));
#15674=DIRECTION('',(0.,0.,1.));
#15675=DIRECTION('center_axis',(0.,-1.,0.));
#15676=DIRECTION('ref_axis',(1.,0.,0.));
#15677=DIRECTION('',(1.,0.,0.));
#15678=DIRECTION('',(1.,0.,0.));
#15679=DIRECTION('',(0.,0.,1.));
#15680=DIRECTION('center_axis',(0.,0.,1.));
#15681=DIRECTION('ref_axis',(0.,1.,0.));
#15682=DIRECTION('center_axis',(0.,0.,-1.));
#15683=DIRECTION('ref_axis',(0.,1.,0.));
#15684=DIRECTION('center_axis',(0.,0.,-1.));
#15685=DIRECTION('ref_axis',(0.,1.,0.));
#15686=DIRECTION('center_axis',(0.,-1.,0.));
#15687=DIRECTION('ref_axis',(1.,0.,0.));
#15688=DIRECTION('',(1.,0.,0.));
#15689=DIRECTION('',(0.,0.,1.));
#15690=DIRECTION('',(1.,0.,0.));
#15691=DIRECTION('',(0.,0.,1.));
#15692=DIRECTION('center_axis',(0.,0.,1.));
#15693=DIRECTION('ref_axis',(0.,1.,0.));
#15694=DIRECTION('center_axis',(0.,0.,-1.));
#15695=DIRECTION('ref_axis',(0.,1.,0.));
#15696=DIRECTION('center_axis',(0.,0.,-1.));
#15697=DIRECTION('ref_axis',(0.,1.,0.));
#15698=DIRECTION('',(0.,0.,1.));
#15699=DIRECTION('center_axis',(1.,0.,0.));
#15700=DIRECTION('ref_axis',(0.,1.,0.));
#15701=DIRECTION('',(0.,1.,0.));
#15702=DIRECTION('',(0.,1.,0.));
#15703=DIRECTION('',(0.,0.,1.));
#15704=DIRECTION('center_axis',(0.,0.,1.));
#15705=DIRECTION('ref_axis',(-1.,0.,0.));
#15706=DIRECTION('center_axis',(0.,0.,-1.));
#15707=DIRECTION('ref_axis',(-1.,0.,0.));
#15708=DIRECTION('center_axis',(0.,0.,-1.));
#15709=DIRECTION('ref_axis',(-1.,0.,0.));
#15710=DIRECTION('',(0.,0.,1.));
#15711=DIRECTION('center_axis',(0.,1.,0.));
#15712=DIRECTION('ref_axis',(-1.,0.,0.));
#15713=DIRECTION('',(-1.,0.,0.));
#15714=DIRECTION('',(-1.,0.,0.));
#15715=DIRECTION('',(0.,0.,1.));
#15716=DIRECTION('center_axis',(0.,0.,1.));
#15717=DIRECTION('ref_axis',(0.,-1.,0.));
#15718=DIRECTION('center_axis',(0.,0.,-1.));
#15719=DIRECTION('ref_axis',(0.,-1.,0.));
#15720=DIRECTION('center_axis',(0.,0.,-1.));
#15721=DIRECTION('ref_axis',(0.,-1.,0.));
#15722=DIRECTION('',(0.,0.,1.));
#15723=DIRECTION('center_axis',(-1.,0.,0.));
#15724=DIRECTION('ref_axis',(0.,-1.,0.));
#15725=DIRECTION('',(0.,-1.,0.));
#15726=DIRECTION('',(0.,-1.,0.));
#15727=DIRECTION('',(0.,0.,1.));
#15728=DIRECTION('center_axis',(0.,0.,1.));
#15729=DIRECTION('ref_axis',(1.,0.,0.));
#15730=DIRECTION('center_axis',(0.,0.,-1.));
#15731=DIRECTION('ref_axis',(1.,0.,0.));
#15732=DIRECTION('center_axis',(0.,0.,-1.));
#15733=DIRECTION('ref_axis',(1.,0.,0.));
#15734=DIRECTION('center_axis',(1.,0.,0.));
#15735=DIRECTION('ref_axis',(0.,1.,0.));
#15736=DIRECTION('',(0.,1.,0.));
#15737=DIRECTION('',(0.,0.,1.));
#15738=DIRECTION('',(0.,1.,0.));
#15739=DIRECTION('',(0.,0.,1.));
#15740=DIRECTION('center_axis',(0.,0.,1.));
#15741=DIRECTION('ref_axis',(-1.,0.,0.));
#15742=DIRECTION('center_axis',(0.,0.,-1.));
#15743=DIRECTION('ref_axis',(-1.,0.,0.));
#15744=DIRECTION('center_axis',(0.,0.,-1.));
#15745=DIRECTION('ref_axis',(-1.,0.,0.));
#15746=DIRECTION('',(0.,0.,1.));
#15747=DIRECTION('center_axis',(0.,1.,0.));
#15748=DIRECTION('ref_axis',(-1.,0.,0.));
#15749=DIRECTION('',(-1.,0.,0.));
#15750=DIRECTION('',(-1.,0.,0.));
#15751=DIRECTION('',(0.,0.,1.));
#15752=DIRECTION('center_axis',(0.,0.,1.));
#15753=DIRECTION('ref_axis',(0.,-1.,0.));
#15754=DIRECTION('center_axis',(0.,0.,-1.));
#15755=DIRECTION('ref_axis',(0.,-1.,0.));
#15756=DIRECTION('center_axis',(0.,0.,-1.));
#15757=DIRECTION('ref_axis',(0.,-1.,0.));
#15758=DIRECTION('',(0.,0.,1.));
#15759=DIRECTION('center_axis',(-1.,0.,0.));
#15760=DIRECTION('ref_axis',(0.,-1.,0.));
#15761=DIRECTION('',(0.,-1.,0.));
#15762=DIRECTION('',(0.,-1.,0.));
#15763=DIRECTION('',(0.,0.,1.));
#15764=DIRECTION('center_axis',(0.,0.,1.));
#15765=DIRECTION('ref_axis',(1.,0.,0.));
#15766=DIRECTION('center_axis',(0.,0.,-1.));
#15767=DIRECTION('ref_axis',(1.,0.,0.));
#15768=DIRECTION('center_axis',(0.,0.,-1.));
#15769=DIRECTION('ref_axis',(1.,0.,0.));
#15770=DIRECTION('',(0.,0.,1.));
#15771=DIRECTION('center_axis',(0.,-1.,0.));
#15772=DIRECTION('ref_axis',(1.,0.,0.));
#15773=DIRECTION('',(1.,0.,0.));
#15774=DIRECTION('',(1.,0.,0.));
#15775=DIRECTION('',(0.,0.,1.));
#15776=DIRECTION('center_axis',(0.,0.,1.));
#15777=DIRECTION('ref_axis',(0.,1.,0.));
#15778=DIRECTION('center_axis',(0.,0.,-1.));
#15779=DIRECTION('ref_axis',(0.,1.,0.));
#15780=DIRECTION('center_axis',(0.,0.,-1.));
#15781=DIRECTION('ref_axis',(0.,1.,0.));
#15782=DIRECTION('center_axis',(1.,0.,0.));
#15783=DIRECTION('ref_axis',(0.,1.,0.));
#15784=DIRECTION('',(0.,1.,0.));
#15785=DIRECTION('',(0.,0.,1.));
#15786=DIRECTION('',(0.,1.,0.));
#15787=DIRECTION('',(0.,0.,1.));
#15788=DIRECTION('center_axis',(0.,0.,1.));
#15789=DIRECTION('ref_axis',(-1.,0.,0.));
#15790=DIRECTION('center_axis',(0.,0.,-1.));
#15791=DIRECTION('ref_axis',(-1.,0.,0.));
#15792=DIRECTION('center_axis',(0.,0.,-1.));
#15793=DIRECTION('ref_axis',(-1.,0.,0.));
#15794=DIRECTION('',(0.,0.,1.));
#15795=DIRECTION('center_axis',(0.,1.,0.));
#15796=DIRECTION('ref_axis',(-1.,0.,0.));
#15797=DIRECTION('',(-1.,0.,0.));
#15798=DIRECTION('',(-1.,0.,0.));
#15799=DIRECTION('',(0.,0.,1.));
#15800=DIRECTION('center_axis',(0.,0.,1.));
#15801=DIRECTION('ref_axis',(0.,-1.,0.));
#15802=DIRECTION('center_axis',(0.,0.,-1.));
#15803=DIRECTION('ref_axis',(0.,-1.,0.));
#15804=DIRECTION('center_axis',(0.,0.,-1.));
#15805=DIRECTION('ref_axis',(0.,-1.,0.));
#15806=DIRECTION('',(0.,0.,1.));
#15807=DIRECTION('center_axis',(-1.,0.,0.));
#15808=DIRECTION('ref_axis',(0.,-1.,0.));
#15809=DIRECTION('',(0.,-1.,0.));
#15810=DIRECTION('',(0.,-1.,0.));
#15811=DIRECTION('',(0.,0.,1.));
#15812=DIRECTION('center_axis',(0.,0.,1.));
#15813=DIRECTION('ref_axis',(1.,0.,0.));
#15814=DIRECTION('center_axis',(0.,0.,-1.));
#15815=DIRECTION('ref_axis',(1.,0.,0.));
#15816=DIRECTION('center_axis',(0.,0.,-1.));
#15817=DIRECTION('ref_axis',(1.,0.,0.));
#15818=DIRECTION('',(0.,0.,1.));
#15819=DIRECTION('center_axis',(0.,-1.,0.));
#15820=DIRECTION('ref_axis',(1.,0.,0.));
#15821=DIRECTION('',(1.,0.,0.));
#15822=DIRECTION('',(1.,0.,0.));
#15823=DIRECTION('',(0.,0.,1.));
#15824=DIRECTION('center_axis',(0.,0.,1.));
#15825=DIRECTION('ref_axis',(0.,1.,0.));
#15826=DIRECTION('center_axis',(0.,0.,-1.));
#15827=DIRECTION('ref_axis',(0.,1.,0.));
#15828=DIRECTION('center_axis',(0.,0.,-1.));
#15829=DIRECTION('ref_axis',(0.,1.,0.));
#15830=DIRECTION('center_axis',(1.,0.,0.));
#15831=DIRECTION('ref_axis',(0.,1.,0.));
#15832=DIRECTION('',(0.,1.,0.));
#15833=DIRECTION('',(0.,0.,1.));
#15834=DIRECTION('',(0.,1.,0.));
#15835=DIRECTION('',(0.,0.,1.));
#15836=DIRECTION('center_axis',(0.,0.,1.));
#15837=DIRECTION('ref_axis',(-1.,0.,0.));
#15838=DIRECTION('center_axis',(0.,0.,-1.));
#15839=DIRECTION('ref_axis',(-1.,0.,0.));
#15840=DIRECTION('center_axis',(0.,0.,-1.));
#15841=DIRECTION('ref_axis',(-1.,0.,0.));
#15842=DIRECTION('',(0.,0.,1.));
#15843=DIRECTION('center_axis',(0.,1.,0.));
#15844=DIRECTION('ref_axis',(-1.,0.,0.));
#15845=DIRECTION('',(-1.,0.,0.));
#15846=DIRECTION('',(-1.,0.,0.));
#15847=DIRECTION('',(0.,0.,1.));
#15848=DIRECTION('center_axis',(0.,0.,1.));
#15849=DIRECTION('ref_axis',(0.,-1.,0.));
#15850=DIRECTION('center_axis',(0.,0.,-1.));
#15851=DIRECTION('ref_axis',(0.,-1.,0.));
#15852=DIRECTION('center_axis',(0.,0.,-1.));
#15853=DIRECTION('ref_axis',(0.,-1.,0.));
#15854=DIRECTION('',(0.,0.,1.));
#15855=DIRECTION('center_axis',(-1.,0.,0.));
#15856=DIRECTION('ref_axis',(0.,-1.,0.));
#15857=DIRECTION('',(0.,-1.,0.));
#15858=DIRECTION('',(0.,-1.,0.));
#15859=DIRECTION('',(0.,0.,1.));
#15860=DIRECTION('center_axis',(0.,0.,1.));
#15861=DIRECTION('ref_axis',(1.,0.,0.));
#15862=DIRECTION('center_axis',(0.,0.,-1.));
#15863=DIRECTION('ref_axis',(1.,0.,0.));
#15864=DIRECTION('center_axis',(0.,0.,-1.));
#15865=DIRECTION('ref_axis',(1.,0.,0.));
#15866=DIRECTION('',(0.,0.,1.));
#15867=DIRECTION('center_axis',(0.,-1.,0.));
#15868=DIRECTION('ref_axis',(1.,0.,0.));
#15869=DIRECTION('',(1.,0.,0.));
#15870=DIRECTION('',(1.,0.,0.));
#15871=DIRECTION('',(0.,0.,1.));
#15872=DIRECTION('center_axis',(0.,0.,1.));
#15873=DIRECTION('ref_axis',(0.,1.,0.));
#15874=DIRECTION('center_axis',(0.,0.,-1.));
#15875=DIRECTION('ref_axis',(0.,1.,0.));
#15876=DIRECTION('center_axis',(0.,0.,-1.));
#15877=DIRECTION('ref_axis',(0.,1.,0.));
#15878=DIRECTION('center_axis',(1.,0.,0.));
#15879=DIRECTION('ref_axis',(0.,1.,0.));
#15880=DIRECTION('',(0.,1.,0.));
#15881=DIRECTION('',(0.,0.,1.));
#15882=DIRECTION('',(0.,1.,0.));
#15883=DIRECTION('',(0.,0.,1.));
#15884=DIRECTION('center_axis',(0.,0.,1.));
#15885=DIRECTION('ref_axis',(-1.,0.,0.));
#15886=DIRECTION('center_axis',(0.,0.,-1.));
#15887=DIRECTION('ref_axis',(-1.,0.,0.));
#15888=DIRECTION('center_axis',(0.,0.,-1.));
#15889=DIRECTION('ref_axis',(-1.,0.,0.));
#15890=DIRECTION('',(0.,0.,1.));
#15891=DIRECTION('center_axis',(0.,1.,0.));
#15892=DIRECTION('ref_axis',(-1.,0.,0.));
#15893=DIRECTION('',(-1.,0.,0.));
#15894=DIRECTION('',(-1.,0.,0.));
#15895=DIRECTION('',(0.,0.,1.));
#15896=DIRECTION('center_axis',(0.,0.,1.));
#15897=DIRECTION('ref_axis',(0.,-1.,0.));
#15898=DIRECTION('center_axis',(0.,0.,-1.));
#15899=DIRECTION('ref_axis',(0.,-1.,0.));
#15900=DIRECTION('center_axis',(0.,0.,-1.));
#15901=DIRECTION('ref_axis',(0.,-1.,0.));
#15902=DIRECTION('',(0.,0.,1.));
#15903=DIRECTION('center_axis',(-1.,0.,0.));
#15904=DIRECTION('ref_axis',(0.,-1.,0.));
#15905=DIRECTION('',(0.,-1.,0.));
#15906=DIRECTION('',(0.,-1.,0.));
#15907=DIRECTION('',(0.,0.,1.));
#15908=DIRECTION('center_axis',(0.,0.,1.));
#15909=DIRECTION('ref_axis',(1.,0.,0.));
#15910=DIRECTION('center_axis',(0.,0.,-1.));
#15911=DIRECTION('ref_axis',(1.,0.,0.));
#15912=DIRECTION('center_axis',(0.,0.,-1.));
#15913=DIRECTION('ref_axis',(1.,0.,0.));
#15914=DIRECTION('',(0.,0.,1.));
#15915=DIRECTION('center_axis',(0.,-1.,0.));
#15916=DIRECTION('ref_axis',(1.,0.,0.));
#15917=DIRECTION('',(1.,0.,0.));
#15918=DIRECTION('',(1.,0.,0.));
#15919=DIRECTION('',(0.,0.,1.));
#15920=DIRECTION('center_axis',(0.,0.,1.));
#15921=DIRECTION('ref_axis',(0.,1.,0.));
#15922=DIRECTION('center_axis',(0.,0.,-1.));
#15923=DIRECTION('ref_axis',(0.,1.,0.));
#15924=DIRECTION('center_axis',(0.,0.,-1.));
#15925=DIRECTION('ref_axis',(0.,1.,0.));
#15926=DIRECTION('center_axis',(1.,0.,0.));
#15927=DIRECTION('ref_axis',(0.,1.,0.));
#15928=DIRECTION('',(0.,1.,0.));
#15929=DIRECTION('',(0.,0.,1.));
#15930=DIRECTION('',(0.,1.,0.));
#15931=DIRECTION('',(0.,0.,1.));
#15932=DIRECTION('center_axis',(0.,0.,1.));
#15933=DIRECTION('ref_axis',(-1.,0.,0.));
#15934=DIRECTION('center_axis',(0.,0.,-1.));
#15935=DIRECTION('ref_axis',(-1.,0.,0.));
#15936=DIRECTION('center_axis',(0.,0.,-1.));
#15937=DIRECTION('ref_axis',(-1.,0.,0.));
#15938=DIRECTION('',(0.,0.,1.));
#15939=DIRECTION('center_axis',(0.,1.,0.));
#15940=DIRECTION('ref_axis',(-1.,0.,0.));
#15941=DIRECTION('',(-1.,0.,0.));
#15942=DIRECTION('',(-1.,0.,0.));
#15943=DIRECTION('',(0.,0.,1.));
#15944=DIRECTION('center_axis',(0.,0.,1.));
#15945=DIRECTION('ref_axis',(0.,-1.,0.));
#15946=DIRECTION('center_axis',(0.,0.,-1.));
#15947=DIRECTION('ref_axis',(0.,-1.,0.));
#15948=DIRECTION('center_axis',(0.,0.,-1.));
#15949=DIRECTION('ref_axis',(0.,-1.,0.));
#15950=DIRECTION('',(0.,0.,1.));
#15951=DIRECTION('center_axis',(-1.,0.,0.));
#15952=DIRECTION('ref_axis',(0.,-1.,0.));
#15953=DIRECTION('',(0.,-1.,0.));
#15954=DIRECTION('',(0.,-1.,0.));
#15955=DIRECTION('',(0.,0.,1.));
#15956=DIRECTION('center_axis',(0.,0.,1.));
#15957=DIRECTION('ref_axis',(1.,0.,0.));
#15958=DIRECTION('center_axis',(0.,0.,-1.));
#15959=DIRECTION('ref_axis',(1.,0.,0.));
#15960=DIRECTION('center_axis',(0.,0.,-1.));
#15961=DIRECTION('ref_axis',(1.,0.,0.));
#15962=DIRECTION('',(0.,0.,1.));
#15963=DIRECTION('center_axis',(0.,-1.,0.));
#15964=DIRECTION('ref_axis',(1.,0.,0.));
#15965=DIRECTION('',(1.,0.,0.));
#15966=DIRECTION('',(1.,0.,0.));
#15967=DIRECTION('',(0.,0.,1.));
#15968=DIRECTION('center_axis',(0.,0.,1.));
#15969=DIRECTION('ref_axis',(0.,1.,0.));
#15970=DIRECTION('center_axis',(0.,0.,-1.));
#15971=DIRECTION('ref_axis',(0.,1.,0.));
#15972=DIRECTION('center_axis',(0.,0.,-1.));
#15973=DIRECTION('ref_axis',(0.,1.,0.));
#15974=DIRECTION('center_axis',(1.,0.,0.));
#15975=DIRECTION('ref_axis',(0.,1.,0.));
#15976=DIRECTION('',(0.,1.,0.));
#15977=DIRECTION('',(0.,0.,1.));
#15978=DIRECTION('',(0.,1.,0.));
#15979=DIRECTION('',(0.,0.,1.));
#15980=DIRECTION('center_axis',(0.,0.,1.));
#15981=DIRECTION('ref_axis',(-1.,0.,0.));
#15982=DIRECTION('center_axis',(0.,0.,-1.));
#15983=DIRECTION('ref_axis',(-1.,0.,0.));
#15984=DIRECTION('center_axis',(0.,0.,-1.));
#15985=DIRECTION('ref_axis',(-1.,0.,0.));
#15986=DIRECTION('',(0.,0.,1.));
#15987=DIRECTION('center_axis',(0.,1.,0.));
#15988=DIRECTION('ref_axis',(-1.,0.,0.));
#15989=DIRECTION('',(-1.,0.,0.));
#15990=DIRECTION('',(-1.,0.,0.));
#15991=DIRECTION('',(0.,0.,1.));
#15992=DIRECTION('center_axis',(0.,0.,1.));
#15993=DIRECTION('ref_axis',(0.,-1.,0.));
#15994=DIRECTION('center_axis',(0.,0.,-1.));
#15995=DIRECTION('ref_axis',(0.,-1.,0.));
#15996=DIRECTION('center_axis',(0.,0.,-1.));
#15997=DIRECTION('ref_axis',(0.,-1.,0.));
#15998=DIRECTION('',(0.,0.,1.));
#15999=DIRECTION('center_axis',(-1.,0.,0.));
#16000=DIRECTION('ref_axis',(0.,-1.,0.));
#16001=DIRECTION('',(0.,-1.,0.));
#16002=DIRECTION('',(0.,-1.,0.));
#16003=DIRECTION('',(0.,0.,1.));
#16004=DIRECTION('center_axis',(0.,0.,1.));
#16005=DIRECTION('ref_axis',(1.,0.,0.));
#16006=DIRECTION('center_axis',(0.,0.,-1.));
#16007=DIRECTION('ref_axis',(1.,0.,0.));
#16008=DIRECTION('center_axis',(0.,0.,-1.));
#16009=DIRECTION('ref_axis',(1.,0.,0.));
#16010=DIRECTION('',(0.,0.,1.));
#16011=DIRECTION('center_axis',(0.,-1.,0.));
#16012=DIRECTION('ref_axis',(1.,0.,0.));
#16013=DIRECTION('',(1.,0.,0.));
#16014=DIRECTION('',(1.,0.,0.));
#16015=DIRECTION('',(0.,0.,1.));
#16016=DIRECTION('center_axis',(0.,0.,1.));
#16017=DIRECTION('ref_axis',(0.,1.,0.));
#16018=DIRECTION('center_axis',(0.,0.,-1.));
#16019=DIRECTION('ref_axis',(0.,1.,0.));
#16020=DIRECTION('center_axis',(0.,0.,-1.));
#16021=DIRECTION('ref_axis',(0.,1.,0.));
#16022=DIRECTION('center_axis',(1.,0.,0.));
#16023=DIRECTION('ref_axis',(0.,1.,0.));
#16024=DIRECTION('',(0.,1.,0.));
#16025=DIRECTION('',(0.,0.,1.));
#16026=DIRECTION('',(0.,1.,0.));
#16027=DIRECTION('',(0.,0.,1.));
#16028=DIRECTION('center_axis',(0.,0.,1.));
#16029=DIRECTION('ref_axis',(-1.,0.,0.));
#16030=DIRECTION('center_axis',(0.,0.,-1.));
#16031=DIRECTION('ref_axis',(-1.,0.,0.));
#16032=DIRECTION('center_axis',(0.,0.,-1.));
#16033=DIRECTION('ref_axis',(-1.,0.,0.));
#16034=DIRECTION('',(0.,0.,1.));
#16035=DIRECTION('center_axis',(0.,1.,0.));
#16036=DIRECTION('ref_axis',(-1.,0.,0.));
#16037=DIRECTION('',(-1.,0.,0.));
#16038=DIRECTION('',(-1.,0.,0.));
#16039=DIRECTION('',(0.,0.,1.));
#16040=DIRECTION('center_axis',(0.,0.,1.));
#16041=DIRECTION('ref_axis',(0.,-1.,0.));
#16042=DIRECTION('center_axis',(0.,0.,-1.));
#16043=DIRECTION('ref_axis',(0.,-1.,0.));
#16044=DIRECTION('center_axis',(0.,0.,-1.));
#16045=DIRECTION('ref_axis',(0.,-1.,0.));
#16046=DIRECTION('',(0.,0.,1.));
#16047=DIRECTION('center_axis',(-1.,0.,0.));
#16048=DIRECTION('ref_axis',(0.,-1.,0.));
#16049=DIRECTION('',(0.,-1.,0.));
#16050=DIRECTION('',(0.,-1.,0.));
#16051=DIRECTION('',(0.,0.,1.));
#16052=DIRECTION('center_axis',(0.,0.,1.));
#16053=DIRECTION('ref_axis',(1.,0.,0.));
#16054=DIRECTION('center_axis',(0.,0.,-1.));
#16055=DIRECTION('ref_axis',(1.,0.,0.));
#16056=DIRECTION('center_axis',(0.,0.,-1.));
#16057=DIRECTION('ref_axis',(1.,0.,0.));
#16058=DIRECTION('',(0.,0.,1.));
#16059=DIRECTION('center_axis',(0.,-1.,0.));
#16060=DIRECTION('ref_axis',(1.,0.,0.));
#16061=DIRECTION('',(1.,0.,0.));
#16062=DIRECTION('',(1.,0.,0.));
#16063=DIRECTION('',(0.,0.,1.));
#16064=DIRECTION('center_axis',(0.,0.,1.));
#16065=DIRECTION('ref_axis',(0.,1.,0.));
#16066=DIRECTION('center_axis',(0.,0.,-1.));
#16067=DIRECTION('ref_axis',(0.,1.,0.));
#16068=DIRECTION('center_axis',(0.,0.,-1.));
#16069=DIRECTION('ref_axis',(0.,1.,0.));
#16070=DIRECTION('center_axis',(1.,0.,0.));
#16071=DIRECTION('ref_axis',(0.,1.,0.));
#16072=DIRECTION('',(0.,1.,0.));
#16073=DIRECTION('',(0.,0.,1.));
#16074=DIRECTION('',(0.,1.,0.));
#16075=DIRECTION('',(0.,0.,1.));
#16076=DIRECTION('center_axis',(0.,0.,1.));
#16077=DIRECTION('ref_axis',(-1.,0.,0.));
#16078=DIRECTION('center_axis',(0.,0.,-1.));
#16079=DIRECTION('ref_axis',(-1.,0.,0.));
#16080=DIRECTION('center_axis',(0.,0.,-1.));
#16081=DIRECTION('ref_axis',(-1.,0.,0.));
#16082=DIRECTION('',(0.,0.,1.));
#16083=DIRECTION('center_axis',(0.,1.,0.));
#16084=DIRECTION('ref_axis',(-1.,0.,0.));
#16085=DIRECTION('',(-1.,0.,0.));
#16086=DIRECTION('',(-1.,0.,0.));
#16087=DIRECTION('',(0.,0.,1.));
#16088=DIRECTION('center_axis',(0.,0.,1.));
#16089=DIRECTION('ref_axis',(0.,-1.,0.));
#16090=DIRECTION('center_axis',(0.,0.,-1.));
#16091=DIRECTION('ref_axis',(0.,-1.,0.));
#16092=DIRECTION('center_axis',(0.,0.,-1.));
#16093=DIRECTION('ref_axis',(0.,-1.,0.));
#16094=DIRECTION('',(0.,0.,1.));
#16095=DIRECTION('center_axis',(-1.,0.,0.));
#16096=DIRECTION('ref_axis',(0.,-1.,0.));
#16097=DIRECTION('',(0.,-1.,0.));
#16098=DIRECTION('',(0.,-1.,0.));
#16099=DIRECTION('',(0.,0.,1.));
#16100=DIRECTION('center_axis',(0.,0.,1.));
#16101=DIRECTION('ref_axis',(1.,0.,0.));
#16102=DIRECTION('center_axis',(0.,0.,-1.));
#16103=DIRECTION('ref_axis',(1.,0.,0.));
#16104=DIRECTION('center_axis',(0.,0.,-1.));
#16105=DIRECTION('ref_axis',(1.,0.,0.));
#16106=DIRECTION('',(0.,0.,1.));
#16107=DIRECTION('center_axis',(0.,-1.,0.));
#16108=DIRECTION('ref_axis',(1.,0.,0.));
#16109=DIRECTION('',(1.,0.,0.));
#16110=DIRECTION('',(1.,0.,0.));
#16111=DIRECTION('',(0.,0.,1.));
#16112=DIRECTION('center_axis',(0.,0.,1.));
#16113=DIRECTION('ref_axis',(0.,1.,0.));
#16114=DIRECTION('center_axis',(0.,0.,-1.));
#16115=DIRECTION('ref_axis',(0.,1.,0.));
#16116=DIRECTION('center_axis',(0.,0.,-1.));
#16117=DIRECTION('ref_axis',(0.,1.,0.));
#16118=DIRECTION('center_axis',(1.,0.,0.));
#16119=DIRECTION('ref_axis',(0.,1.,0.));
#16120=DIRECTION('',(0.,1.,0.));
#16121=DIRECTION('',(0.,0.,1.));
#16122=DIRECTION('',(0.,1.,0.));
#16123=DIRECTION('',(0.,0.,1.));
#16124=DIRECTION('center_axis',(0.,0.,1.));
#16125=DIRECTION('ref_axis',(-1.,0.,0.));
#16126=DIRECTION('center_axis',(0.,0.,-1.));
#16127=DIRECTION('ref_axis',(-1.,0.,0.));
#16128=DIRECTION('center_axis',(0.,0.,-1.));
#16129=DIRECTION('ref_axis',(-1.,0.,0.));
#16130=DIRECTION('',(0.,0.,1.));
#16131=DIRECTION('center_axis',(0.,1.,0.));
#16132=DIRECTION('ref_axis',(-1.,0.,0.));
#16133=DIRECTION('',(-1.,0.,0.));
#16134=DIRECTION('',(-1.,0.,0.));
#16135=DIRECTION('',(0.,0.,1.));
#16136=DIRECTION('center_axis',(0.,0.,1.));
#16137=DIRECTION('ref_axis',(0.,-1.,0.));
#16138=DIRECTION('center_axis',(0.,0.,-1.));
#16139=DIRECTION('ref_axis',(0.,-1.,0.));
#16140=DIRECTION('center_axis',(0.,0.,-1.));
#16141=DIRECTION('ref_axis',(0.,-1.,0.));
#16142=DIRECTION('',(0.,0.,1.));
#16143=DIRECTION('center_axis',(-1.,0.,0.));
#16144=DIRECTION('ref_axis',(0.,-1.,0.));
#16145=DIRECTION('',(0.,-1.,0.));
#16146=DIRECTION('',(0.,-1.,0.));
#16147=DIRECTION('',(0.,0.,1.));
#16148=DIRECTION('center_axis',(0.,0.,1.));
#16149=DIRECTION('ref_axis',(1.,0.,0.));
#16150=DIRECTION('center_axis',(0.,0.,-1.));
#16151=DIRECTION('ref_axis',(1.,0.,0.));
#16152=DIRECTION('center_axis',(0.,0.,-1.));
#16153=DIRECTION('ref_axis',(1.,0.,0.));
#16154=DIRECTION('',(0.,0.,1.));
#16155=DIRECTION('center_axis',(0.,-1.,0.));
#16156=DIRECTION('ref_axis',(1.,0.,0.));
#16157=DIRECTION('',(1.,0.,0.));
#16158=DIRECTION('',(1.,0.,0.));
#16159=DIRECTION('',(0.,0.,1.));
#16160=DIRECTION('center_axis',(0.,0.,1.));
#16161=DIRECTION('ref_axis',(0.,1.,0.));
#16162=DIRECTION('center_axis',(0.,0.,-1.));
#16163=DIRECTION('ref_axis',(0.,1.,0.));
#16164=DIRECTION('center_axis',(0.,0.,-1.));
#16165=DIRECTION('ref_axis',(0.,1.,0.));
#16166=DIRECTION('center_axis',(1.,0.,0.));
#16167=DIRECTION('ref_axis',(0.,1.,0.));
#16168=DIRECTION('',(0.,1.,0.));
#16169=DIRECTION('',(0.,0.,1.));
#16170=DIRECTION('',(0.,1.,0.));
#16171=DIRECTION('',(0.,0.,1.));
#16172=DIRECTION('center_axis',(0.,0.,1.));
#16173=DIRECTION('ref_axis',(-1.,0.,0.));
#16174=DIRECTION('center_axis',(0.,0.,-1.));
#16175=DIRECTION('ref_axis',(-1.,0.,0.));
#16176=DIRECTION('center_axis',(0.,0.,-1.));
#16177=DIRECTION('ref_axis',(-1.,0.,0.));
#16178=DIRECTION('',(0.,0.,1.));
#16179=DIRECTION('center_axis',(0.,1.,0.));
#16180=DIRECTION('ref_axis',(-1.,0.,0.));
#16181=DIRECTION('',(-1.,0.,0.));
#16182=DIRECTION('',(-1.,0.,0.));
#16183=DIRECTION('',(0.,0.,1.));
#16184=DIRECTION('center_axis',(0.,0.,1.));
#16185=DIRECTION('ref_axis',(0.,-1.,0.));
#16186=DIRECTION('center_axis',(0.,0.,-1.));
#16187=DIRECTION('ref_axis',(0.,-1.,0.));
#16188=DIRECTION('center_axis',(0.,0.,-1.));
#16189=DIRECTION('ref_axis',(0.,-1.,0.));
#16190=DIRECTION('',(0.,0.,1.));
#16191=DIRECTION('center_axis',(-1.,0.,0.));
#16192=DIRECTION('ref_axis',(0.,-1.,0.));
#16193=DIRECTION('',(0.,-1.,0.));
#16194=DIRECTION('',(0.,-1.,0.));
#16195=DIRECTION('',(0.,0.,1.));
#16196=DIRECTION('center_axis',(0.,0.,1.));
#16197=DIRECTION('ref_axis',(1.,0.,0.));
#16198=DIRECTION('center_axis',(0.,0.,-1.));
#16199=DIRECTION('ref_axis',(1.,0.,0.));
#16200=DIRECTION('center_axis',(0.,0.,-1.));
#16201=DIRECTION('ref_axis',(1.,0.,0.));
#16202=DIRECTION('',(0.,0.,1.));
#16203=DIRECTION('center_axis',(0.,-1.,0.));
#16204=DIRECTION('ref_axis',(1.,0.,0.));
#16205=DIRECTION('',(1.,0.,0.));
#16206=DIRECTION('',(1.,0.,0.));
#16207=DIRECTION('',(0.,0.,1.));
#16208=DIRECTION('center_axis',(0.,0.,1.));
#16209=DIRECTION('ref_axis',(0.,1.,0.));
#16210=DIRECTION('center_axis',(0.,0.,-1.));
#16211=DIRECTION('ref_axis',(0.,1.,0.));
#16212=DIRECTION('center_axis',(0.,0.,-1.));
#16213=DIRECTION('ref_axis',(0.,1.,0.));
#16214=DIRECTION('center_axis',(1.,0.,0.));
#16215=DIRECTION('ref_axis',(0.,1.,0.));
#16216=DIRECTION('',(0.,1.,0.));
#16217=DIRECTION('',(0.,0.,1.));
#16218=DIRECTION('',(0.,1.,0.));
#16219=DIRECTION('',(0.,0.,1.));
#16220=DIRECTION('center_axis',(0.,0.,1.));
#16221=DIRECTION('ref_axis',(-1.,0.,0.));
#16222=DIRECTION('center_axis',(0.,0.,-1.));
#16223=DIRECTION('ref_axis',(-1.,0.,0.));
#16224=DIRECTION('center_axis',(0.,0.,-1.));
#16225=DIRECTION('ref_axis',(-1.,0.,0.));
#16226=DIRECTION('',(0.,0.,1.));
#16227=DIRECTION('center_axis',(0.,1.,0.));
#16228=DIRECTION('ref_axis',(-1.,0.,0.));
#16229=DIRECTION('',(-1.,0.,0.));
#16230=DIRECTION('',(-1.,0.,0.));
#16231=DIRECTION('',(0.,0.,1.));
#16232=DIRECTION('center_axis',(0.,0.,1.));
#16233=DIRECTION('ref_axis',(0.,-1.,0.));
#16234=DIRECTION('center_axis',(0.,0.,-1.));
#16235=DIRECTION('ref_axis',(0.,-1.,0.));
#16236=DIRECTION('center_axis',(0.,0.,-1.));
#16237=DIRECTION('ref_axis',(0.,-1.,0.));
#16238=DIRECTION('',(0.,0.,1.));
#16239=DIRECTION('center_axis',(-1.,0.,0.));
#16240=DIRECTION('ref_axis',(0.,-1.,0.));
#16241=DIRECTION('',(0.,-1.,0.));
#16242=DIRECTION('',(0.,-1.,0.));
#16243=DIRECTION('',(0.,0.,1.));
#16244=DIRECTION('center_axis',(0.,0.,1.));
#16245=DIRECTION('ref_axis',(1.,0.,0.));
#16246=DIRECTION('center_axis',(0.,0.,-1.));
#16247=DIRECTION('ref_axis',(1.,0.,0.));
#16248=DIRECTION('center_axis',(0.,0.,-1.));
#16249=DIRECTION('ref_axis',(1.,0.,0.));
#16250=DIRECTION('',(0.,0.,1.));
#16251=DIRECTION('center_axis',(0.,-1.,0.));
#16252=DIRECTION('ref_axis',(1.,0.,0.));
#16253=DIRECTION('',(1.,0.,0.));
#16254=DIRECTION('',(1.,0.,0.));
#16255=DIRECTION('',(0.,0.,1.));
#16256=DIRECTION('center_axis',(0.,0.,1.));
#16257=DIRECTION('ref_axis',(0.,1.,0.));
#16258=DIRECTION('center_axis',(0.,0.,-1.));
#16259=DIRECTION('ref_axis',(0.,1.,0.));
#16260=DIRECTION('center_axis',(0.,0.,-1.));
#16261=DIRECTION('ref_axis',(0.,1.,0.));
#16262=DIRECTION('center_axis',(1.,0.,0.));
#16263=DIRECTION('ref_axis',(0.,1.,0.));
#16264=DIRECTION('',(0.,1.,0.));
#16265=DIRECTION('',(0.,0.,1.));
#16266=DIRECTION('',(0.,1.,0.));
#16267=DIRECTION('',(0.,0.,1.));
#16268=DIRECTION('center_axis',(0.,0.,1.));
#16269=DIRECTION('ref_axis',(-1.,0.,0.));
#16270=DIRECTION('center_axis',(0.,0.,-1.));
#16271=DIRECTION('ref_axis',(-1.,0.,0.));
#16272=DIRECTION('center_axis',(0.,0.,-1.));
#16273=DIRECTION('ref_axis',(-1.,0.,0.));
#16274=DIRECTION('',(0.,0.,1.));
#16275=DIRECTION('center_axis',(0.,1.,0.));
#16276=DIRECTION('ref_axis',(-1.,0.,0.));
#16277=DIRECTION('',(-1.,0.,0.));
#16278=DIRECTION('',(-1.,0.,0.));
#16279=DIRECTION('',(0.,0.,1.));
#16280=DIRECTION('center_axis',(0.,0.,1.));
#16281=DIRECTION('ref_axis',(0.,-1.,0.));
#16282=DIRECTION('center_axis',(0.,0.,-1.));
#16283=DIRECTION('ref_axis',(0.,-1.,0.));
#16284=DIRECTION('center_axis',(0.,0.,-1.));
#16285=DIRECTION('ref_axis',(0.,-1.,0.));
#16286=DIRECTION('',(0.,0.,1.));
#16287=DIRECTION('center_axis',(-1.,0.,0.));
#16288=DIRECTION('ref_axis',(0.,-1.,0.));
#16289=DIRECTION('',(0.,-1.,0.));
#16290=DIRECTION('',(0.,-1.,0.));
#16291=DIRECTION('',(0.,0.,1.));
#16292=DIRECTION('center_axis',(0.,0.,1.));
#16293=DIRECTION('ref_axis',(1.,0.,0.));
#16294=DIRECTION('center_axis',(0.,0.,-1.));
#16295=DIRECTION('ref_axis',(1.,0.,0.));
#16296=DIRECTION('center_axis',(0.,0.,-1.));
#16297=DIRECTION('ref_axis',(1.,0.,0.));
#16298=DIRECTION('',(0.,0.,1.));
#16299=DIRECTION('center_axis',(0.,-1.,0.));
#16300=DIRECTION('ref_axis',(1.,0.,0.));
#16301=DIRECTION('',(1.,0.,0.));
#16302=DIRECTION('',(1.,0.,0.));
#16303=DIRECTION('',(0.,0.,1.));
#16304=DIRECTION('center_axis',(0.,0.,1.));
#16305=DIRECTION('ref_axis',(0.,1.,0.));
#16306=DIRECTION('center_axis',(0.,0.,-1.));
#16307=DIRECTION('ref_axis',(0.,1.,0.));
#16308=DIRECTION('center_axis',(0.,0.,-1.));
#16309=DIRECTION('ref_axis',(0.,1.,0.));
#16310=DIRECTION('center_axis',(1.,0.,0.));
#16311=DIRECTION('ref_axis',(0.,1.,0.));
#16312=DIRECTION('',(0.,1.,0.));
#16313=DIRECTION('',(0.,0.,1.));
#16314=DIRECTION('',(0.,1.,0.));
#16315=DIRECTION('',(0.,0.,1.));
#16316=DIRECTION('center_axis',(0.,0.,1.));
#16317=DIRECTION('ref_axis',(-1.,0.,0.));
#16318=DIRECTION('center_axis',(0.,0.,-1.));
#16319=DIRECTION('ref_axis',(-1.,0.,0.));
#16320=DIRECTION('center_axis',(0.,0.,-1.));
#16321=DIRECTION('ref_axis',(-1.,0.,0.));
#16322=DIRECTION('',(0.,0.,1.));
#16323=DIRECTION('center_axis',(0.,1.,0.));
#16324=DIRECTION('ref_axis',(-1.,0.,0.));
#16325=DIRECTION('',(-1.,0.,0.));
#16326=DIRECTION('',(-1.,0.,0.));
#16327=DIRECTION('',(0.,0.,1.));
#16328=DIRECTION('center_axis',(0.,0.,1.));
#16329=DIRECTION('ref_axis',(0.,-1.,0.));
#16330=DIRECTION('center_axis',(0.,0.,-1.));
#16331=DIRECTION('ref_axis',(0.,-1.,0.));
#16332=DIRECTION('center_axis',(0.,0.,-1.));
#16333=DIRECTION('ref_axis',(0.,-1.,0.));
#16334=DIRECTION('',(0.,0.,1.));
#16335=DIRECTION('center_axis',(-1.,0.,0.));
#16336=DIRECTION('ref_axis',(0.,-1.,0.));
#16337=DIRECTION('',(0.,-1.,0.));
#16338=DIRECTION('',(0.,-1.,0.));
#16339=DIRECTION('',(0.,0.,1.));
#16340=DIRECTION('center_axis',(0.,0.,1.));
#16341=DIRECTION('ref_axis',(1.,0.,0.));
#16342=DIRECTION('center_axis',(0.,0.,-1.));
#16343=DIRECTION('ref_axis',(1.,0.,0.));
#16344=DIRECTION('center_axis',(0.,0.,-1.));
#16345=DIRECTION('ref_axis',(1.,0.,0.));
#16346=DIRECTION('',(0.,0.,1.));
#16347=DIRECTION('center_axis',(0.,-1.,0.));
#16348=DIRECTION('ref_axis',(1.,0.,0.));
#16349=DIRECTION('',(1.,0.,0.));
#16350=DIRECTION('',(1.,0.,0.));
#16351=DIRECTION('',(0.,0.,1.));
#16352=DIRECTION('center_axis',(0.,0.,1.));
#16353=DIRECTION('ref_axis',(0.,1.,0.));
#16354=DIRECTION('center_axis',(0.,0.,-1.));
#16355=DIRECTION('ref_axis',(0.,1.,0.));
#16356=DIRECTION('center_axis',(0.,0.,-1.));
#16357=DIRECTION('ref_axis',(0.,1.,0.));
#16358=DIRECTION('center_axis',(1.,0.,0.));
#16359=DIRECTION('ref_axis',(0.,1.,0.));
#16360=DIRECTION('',(0.,1.,0.));
#16361=DIRECTION('',(0.,0.,1.));
#16362=DIRECTION('',(0.,1.,0.));
#16363=DIRECTION('',(0.,0.,1.));
#16364=DIRECTION('center_axis',(0.,0.,1.));
#16365=DIRECTION('ref_axis',(-1.,0.,0.));
#16366=DIRECTION('center_axis',(0.,0.,-1.));
#16367=DIRECTION('ref_axis',(-1.,0.,0.));
#16368=DIRECTION('center_axis',(0.,0.,-1.));
#16369=DIRECTION('ref_axis',(-1.,0.,0.));
#16370=DIRECTION('',(0.,0.,1.));
#16371=DIRECTION('center_axis',(0.,1.,0.));
#16372=DIRECTION('ref_axis',(-1.,0.,0.));
#16373=DIRECTION('',(-1.,0.,0.));
#16374=DIRECTION('',(-1.,0.,0.));
#16375=DIRECTION('',(0.,0.,1.));
#16376=DIRECTION('center_axis',(0.,0.,1.));
#16377=DIRECTION('ref_axis',(0.,-1.,0.));
#16378=DIRECTION('center_axis',(0.,0.,-1.));
#16379=DIRECTION('ref_axis',(0.,-1.,0.));
#16380=DIRECTION('center_axis',(0.,0.,-1.));
#16381=DIRECTION('ref_axis',(0.,-1.,0.));
#16382=DIRECTION('',(0.,0.,1.));
#16383=DIRECTION('center_axis',(-1.,0.,0.));
#16384=DIRECTION('ref_axis',(0.,-1.,0.));
#16385=DIRECTION('',(0.,-1.,0.));
#16386=DIRECTION('',(0.,-1.,0.));
#16387=DIRECTION('',(0.,0.,1.));
#16388=DIRECTION('center_axis',(0.,0.,1.));
#16389=DIRECTION('ref_axis',(1.,0.,0.));
#16390=DIRECTION('center_axis',(0.,0.,-1.));
#16391=DIRECTION('ref_axis',(1.,0.,0.));
#16392=DIRECTION('center_axis',(0.,0.,-1.));
#16393=DIRECTION('ref_axis',(1.,0.,0.));
#16394=DIRECTION('',(0.,0.,1.));
#16395=DIRECTION('center_axis',(0.,-1.,0.));
#16396=DIRECTION('ref_axis',(1.,0.,0.));
#16397=DIRECTION('',(1.,0.,0.));
#16398=DIRECTION('',(1.,0.,0.));
#16399=DIRECTION('',(0.,0.,1.));
#16400=DIRECTION('center_axis',(0.,0.,1.));
#16401=DIRECTION('ref_axis',(0.,1.,0.));
#16402=DIRECTION('center_axis',(0.,0.,-1.));
#16403=DIRECTION('ref_axis',(0.,1.,0.));
#16404=DIRECTION('center_axis',(0.,0.,-1.));
#16405=DIRECTION('ref_axis',(0.,1.,0.));
#16406=DIRECTION('center_axis',(1.,0.,0.));
#16407=DIRECTION('ref_axis',(0.,1.,0.));
#16408=DIRECTION('',(0.,1.,0.));
#16409=DIRECTION('',(0.,0.,1.));
#16410=DIRECTION('',(0.,1.,0.));
#16411=DIRECTION('',(0.,0.,1.));
#16412=DIRECTION('center_axis',(0.,0.,1.));
#16413=DIRECTION('ref_axis',(-1.,0.,0.));
#16414=DIRECTION('center_axis',(0.,0.,-1.));
#16415=DIRECTION('ref_axis',(-1.,0.,0.));
#16416=DIRECTION('center_axis',(0.,0.,-1.));
#16417=DIRECTION('ref_axis',(-1.,0.,0.));
#16418=DIRECTION('',(0.,0.,1.));
#16419=DIRECTION('center_axis',(0.,1.,0.));
#16420=DIRECTION('ref_axis',(-1.,0.,0.));
#16421=DIRECTION('',(-1.,0.,0.));
#16422=DIRECTION('',(-1.,0.,0.));
#16423=DIRECTION('',(0.,0.,1.));
#16424=DIRECTION('center_axis',(0.,0.,1.));
#16425=DIRECTION('ref_axis',(0.,-1.,0.));
#16426=DIRECTION('center_axis',(0.,0.,-1.));
#16427=DIRECTION('ref_axis',(0.,-1.,0.));
#16428=DIRECTION('center_axis',(0.,0.,-1.));
#16429=DIRECTION('ref_axis',(0.,-1.,0.));
#16430=DIRECTION('',(0.,0.,1.));
#16431=DIRECTION('center_axis',(-1.,0.,0.));
#16432=DIRECTION('ref_axis',(0.,-1.,0.));
#16433=DIRECTION('',(0.,-1.,0.));
#16434=DIRECTION('',(0.,-1.,0.));
#16435=DIRECTION('',(0.,0.,1.));
#16436=DIRECTION('center_axis',(0.,0.,1.));
#16437=DIRECTION('ref_axis',(1.,0.,0.));
#16438=DIRECTION('center_axis',(0.,0.,-1.));
#16439=DIRECTION('ref_axis',(1.,0.,0.));
#16440=DIRECTION('center_axis',(0.,0.,-1.));
#16441=DIRECTION('ref_axis',(1.,0.,0.));
#16442=DIRECTION('',(0.,0.,1.));
#16443=DIRECTION('center_axis',(0.,-1.,0.));
#16444=DIRECTION('ref_axis',(1.,0.,0.));
#16445=DIRECTION('',(1.,0.,0.));
#16446=DIRECTION('',(1.,0.,0.));
#16447=DIRECTION('',(0.,0.,1.));
#16448=DIRECTION('center_axis',(0.,0.,1.));
#16449=DIRECTION('ref_axis',(0.,1.,0.));
#16450=DIRECTION('center_axis',(0.,0.,-1.));
#16451=DIRECTION('ref_axis',(0.,1.,0.));
#16452=DIRECTION('center_axis',(0.,0.,-1.));
#16453=DIRECTION('ref_axis',(0.,1.,0.));
#16454=DIRECTION('center_axis',(1.,0.,0.));
#16455=DIRECTION('ref_axis',(0.,1.,0.));
#16456=DIRECTION('',(0.,1.,0.));
#16457=DIRECTION('',(0.,0.,1.));
#16458=DIRECTION('',(0.,1.,0.));
#16459=DIRECTION('',(0.,0.,1.));
#16460=DIRECTION('center_axis',(0.,0.,1.));
#16461=DIRECTION('ref_axis',(-1.,0.,0.));
#16462=DIRECTION('center_axis',(0.,0.,-1.));
#16463=DIRECTION('ref_axis',(-1.,0.,0.));
#16464=DIRECTION('center_axis',(0.,0.,-1.));
#16465=DIRECTION('ref_axis',(-1.,0.,0.));
#16466=DIRECTION('',(0.,0.,1.));
#16467=DIRECTION('center_axis',(0.,1.,0.));
#16468=DIRECTION('ref_axis',(-1.,0.,0.));
#16469=DIRECTION('',(-1.,0.,0.));
#16470=DIRECTION('',(-1.,0.,0.));
#16471=DIRECTION('',(0.,0.,1.));
#16472=DIRECTION('center_axis',(0.,0.,1.));
#16473=DIRECTION('ref_axis',(0.,-1.,0.));
#16474=DIRECTION('center_axis',(0.,0.,-1.));
#16475=DIRECTION('ref_axis',(0.,-1.,0.));
#16476=DIRECTION('center_axis',(0.,0.,-1.));
#16477=DIRECTION('ref_axis',(0.,-1.,0.));
#16478=DIRECTION('',(0.,0.,1.));
#16479=DIRECTION('center_axis',(-1.,0.,0.));
#16480=DIRECTION('ref_axis',(0.,-1.,0.));
#16481=DIRECTION('',(0.,-1.,0.));
#16482=DIRECTION('',(0.,-1.,0.));
#16483=DIRECTION('',(0.,0.,1.));
#16484=DIRECTION('center_axis',(0.,0.,1.));
#16485=DIRECTION('ref_axis',(1.,0.,0.));
#16486=DIRECTION('center_axis',(0.,0.,-1.));
#16487=DIRECTION('ref_axis',(1.,0.,0.));
#16488=DIRECTION('center_axis',(0.,0.,-1.));
#16489=DIRECTION('ref_axis',(1.,0.,0.));
#16490=DIRECTION('',(0.,0.,1.));
#16491=DIRECTION('center_axis',(0.,-1.,0.));
#16492=DIRECTION('ref_axis',(1.,0.,0.));
#16493=DIRECTION('',(1.,0.,0.));
#16494=DIRECTION('',(1.,0.,0.));
#16495=DIRECTION('',(0.,0.,1.));
#16496=DIRECTION('center_axis',(0.,0.,1.));
#16497=DIRECTION('ref_axis',(0.,1.,0.));
#16498=DIRECTION('center_axis',(0.,0.,-1.));
#16499=DIRECTION('ref_axis',(0.,1.,0.));
#16500=DIRECTION('center_axis',(0.,0.,-1.));
#16501=DIRECTION('ref_axis',(0.,1.,0.));
#16502=DIRECTION('center_axis',(1.,0.,0.));
#16503=DIRECTION('ref_axis',(0.,1.,0.));
#16504=DIRECTION('',(0.,1.,0.));
#16505=DIRECTION('',(0.,0.,1.));
#16506=DIRECTION('',(0.,1.,0.));
#16507=DIRECTION('',(0.,0.,1.));
#16508=DIRECTION('center_axis',(0.,0.,1.));
#16509=DIRECTION('ref_axis',(-1.,0.,0.));
#16510=DIRECTION('center_axis',(0.,0.,-1.));
#16511=DIRECTION('ref_axis',(-1.,0.,0.));
#16512=DIRECTION('center_axis',(0.,0.,-1.));
#16513=DIRECTION('ref_axis',(-1.,0.,0.));
#16514=DIRECTION('',(0.,0.,1.));
#16515=DIRECTION('center_axis',(0.,1.,0.));
#16516=DIRECTION('ref_axis',(-1.,0.,0.));
#16517=DIRECTION('',(-1.,0.,0.));
#16518=DIRECTION('',(-1.,0.,0.));
#16519=DIRECTION('',(0.,0.,1.));
#16520=DIRECTION('center_axis',(0.,0.,1.));
#16521=DIRECTION('ref_axis',(0.,-1.,0.));
#16522=DIRECTION('center_axis',(0.,0.,-1.));
#16523=DIRECTION('ref_axis',(0.,-1.,0.));
#16524=DIRECTION('center_axis',(0.,0.,-1.));
#16525=DIRECTION('ref_axis',(0.,-1.,0.));
#16526=DIRECTION('',(0.,0.,1.));
#16527=DIRECTION('center_axis',(-1.,0.,0.));
#16528=DIRECTION('ref_axis',(0.,-1.,0.));
#16529=DIRECTION('',(0.,-1.,0.));
#16530=DIRECTION('',(0.,-1.,0.));
#16531=DIRECTION('',(0.,0.,1.));
#16532=DIRECTION('center_axis',(0.,0.,1.));
#16533=DIRECTION('ref_axis',(1.,0.,0.));
#16534=DIRECTION('center_axis',(0.,0.,-1.));
#16535=DIRECTION('ref_axis',(1.,0.,0.));
#16536=DIRECTION('center_axis',(0.,0.,-1.));
#16537=DIRECTION('ref_axis',(1.,0.,0.));
#16538=DIRECTION('',(0.,0.,1.));
#16539=DIRECTION('center_axis',(0.,-1.,0.));
#16540=DIRECTION('ref_axis',(1.,0.,0.));
#16541=DIRECTION('',(1.,0.,0.));
#16542=DIRECTION('',(1.,0.,0.));
#16543=DIRECTION('',(0.,0.,1.));
#16544=DIRECTION('center_axis',(0.,0.,1.));
#16545=DIRECTION('ref_axis',(0.,1.,0.));
#16546=DIRECTION('center_axis',(0.,0.,-1.));
#16547=DIRECTION('ref_axis',(0.,1.,0.));
#16548=DIRECTION('center_axis',(0.,0.,-1.));
#16549=DIRECTION('ref_axis',(0.,1.,0.));
#16550=DIRECTION('center_axis',(1.,0.,0.));
#16551=DIRECTION('ref_axis',(0.,1.,0.));
#16552=DIRECTION('',(0.,1.,0.));
#16553=DIRECTION('',(0.,0.,1.));
#16554=DIRECTION('',(0.,1.,0.));
#16555=DIRECTION('',(0.,0.,1.));
#16556=DIRECTION('center_axis',(0.,0.,1.));
#16557=DIRECTION('ref_axis',(-1.,0.,0.));
#16558=DIRECTION('center_axis',(0.,0.,-1.));
#16559=DIRECTION('ref_axis',(-1.,0.,0.));
#16560=DIRECTION('center_axis',(0.,0.,-1.));
#16561=DIRECTION('ref_axis',(-1.,0.,0.));
#16562=DIRECTION('',(0.,0.,1.));
#16563=DIRECTION('center_axis',(0.,1.,0.));
#16564=DIRECTION('ref_axis',(-1.,0.,0.));
#16565=DIRECTION('',(-1.,0.,0.));
#16566=DIRECTION('',(-1.,0.,0.));
#16567=DIRECTION('',(0.,0.,1.));
#16568=DIRECTION('center_axis',(0.,0.,1.));
#16569=DIRECTION('ref_axis',(0.,-1.,0.));
#16570=DIRECTION('center_axis',(0.,0.,-1.));
#16571=DIRECTION('ref_axis',(0.,-1.,0.));
#16572=DIRECTION('center_axis',(0.,0.,-1.));
#16573=DIRECTION('ref_axis',(0.,-1.,0.));
#16574=DIRECTION('',(0.,0.,1.));
#16575=DIRECTION('center_axis',(-1.,0.,0.));
#16576=DIRECTION('ref_axis',(0.,-1.,0.));
#16577=DIRECTION('',(0.,-1.,0.));
#16578=DIRECTION('',(0.,-1.,0.));
#16579=DIRECTION('',(0.,0.,1.));
#16580=DIRECTION('center_axis',(0.,0.,1.));
#16581=DIRECTION('ref_axis',(1.,0.,0.));
#16582=DIRECTION('center_axis',(0.,0.,-1.));
#16583=DIRECTION('ref_axis',(1.,0.,0.));
#16584=DIRECTION('center_axis',(0.,0.,-1.));
#16585=DIRECTION('ref_axis',(1.,0.,0.));
#16586=DIRECTION('',(0.,0.,1.));
#16587=DIRECTION('center_axis',(0.,-1.,0.));
#16588=DIRECTION('ref_axis',(1.,0.,0.));
#16589=DIRECTION('',(1.,0.,0.));
#16590=DIRECTION('',(1.,0.,0.));
#16591=DIRECTION('',(0.,0.,1.));
#16592=DIRECTION('center_axis',(0.,0.,1.));
#16593=DIRECTION('ref_axis',(0.,1.,0.));
#16594=DIRECTION('center_axis',(0.,0.,-1.));
#16595=DIRECTION('ref_axis',(0.,1.,0.));
#16596=DIRECTION('center_axis',(0.,0.,-1.));
#16597=DIRECTION('ref_axis',(0.,1.,0.));
#16598=DIRECTION('center_axis',(1.,0.,0.));
#16599=DIRECTION('ref_axis',(0.,1.,0.));
#16600=DIRECTION('',(0.,1.,0.));
#16601=DIRECTION('',(0.,0.,1.));
#16602=DIRECTION('',(0.,1.,0.));
#16603=DIRECTION('',(0.,0.,1.));
#16604=DIRECTION('center_axis',(0.,0.,1.));
#16605=DIRECTION('ref_axis',(-1.,0.,0.));
#16606=DIRECTION('center_axis',(0.,0.,-1.));
#16607=DIRECTION('ref_axis',(-1.,0.,0.));
#16608=DIRECTION('center_axis',(0.,0.,-1.));
#16609=DIRECTION('ref_axis',(-1.,0.,0.));
#16610=DIRECTION('',(0.,0.,1.));
#16611=DIRECTION('center_axis',(0.,1.,0.));
#16612=DIRECTION('ref_axis',(-1.,0.,0.));
#16613=DIRECTION('',(-1.,0.,0.));
#16614=DIRECTION('',(-1.,0.,0.));
#16615=DIRECTION('',(0.,0.,1.));
#16616=DIRECTION('center_axis',(0.,0.,1.));
#16617=DIRECTION('ref_axis',(0.,-1.,0.));
#16618=DIRECTION('center_axis',(0.,0.,-1.));
#16619=DIRECTION('ref_axis',(0.,-1.,0.));
#16620=DIRECTION('center_axis',(0.,0.,-1.));
#16621=DIRECTION('ref_axis',(0.,-1.,0.));
#16622=DIRECTION('',(0.,0.,1.));
#16623=DIRECTION('center_axis',(-1.,0.,0.));
#16624=DIRECTION('ref_axis',(0.,-1.,0.));
#16625=DIRECTION('',(0.,-1.,0.));
#16626=DIRECTION('',(0.,-1.,0.));
#16627=DIRECTION('',(0.,0.,1.));
#16628=DIRECTION('center_axis',(0.,0.,1.));
#16629=DIRECTION('ref_axis',(1.,0.,0.));
#16630=DIRECTION('center_axis',(0.,0.,-1.));
#16631=DIRECTION('ref_axis',(1.,0.,0.));
#16632=DIRECTION('center_axis',(0.,0.,-1.));
#16633=DIRECTION('ref_axis',(1.,0.,0.));
#16634=DIRECTION('',(0.,0.,1.));
#16635=DIRECTION('center_axis',(0.,-1.,0.));
#16636=DIRECTION('ref_axis',(1.,0.,0.));
#16637=DIRECTION('',(1.,0.,0.));
#16638=DIRECTION('',(1.,0.,0.));
#16639=DIRECTION('',(0.,0.,1.));
#16640=DIRECTION('center_axis',(0.,0.,1.));
#16641=DIRECTION('ref_axis',(0.,1.,0.));
#16642=DIRECTION('center_axis',(0.,0.,-1.));
#16643=DIRECTION('ref_axis',(0.,1.,0.));
#16644=DIRECTION('center_axis',(0.,0.,-1.));
#16645=DIRECTION('ref_axis',(0.,1.,0.));
#16646=DIRECTION('center_axis',(1.,0.,0.));
#16647=DIRECTION('ref_axis',(0.,1.,0.));
#16648=DIRECTION('',(0.,1.,0.));
#16649=DIRECTION('',(0.,0.,1.));
#16650=DIRECTION('',(0.,1.,0.));
#16651=DIRECTION('',(0.,0.,1.));
#16652=DIRECTION('center_axis',(0.,0.,1.));
#16653=DIRECTION('ref_axis',(-1.,0.,0.));
#16654=DIRECTION('center_axis',(0.,0.,-1.));
#16655=DIRECTION('ref_axis',(-1.,0.,0.));
#16656=DIRECTION('center_axis',(0.,0.,-1.));
#16657=DIRECTION('ref_axis',(-1.,0.,0.));
#16658=DIRECTION('',(0.,0.,1.));
#16659=DIRECTION('center_axis',(0.,1.,0.));
#16660=DIRECTION('ref_axis',(-1.,0.,0.));
#16661=DIRECTION('',(-1.,0.,0.));
#16662=DIRECTION('',(-1.,0.,0.));
#16663=DIRECTION('',(0.,0.,1.));
#16664=DIRECTION('center_axis',(0.,0.,1.));
#16665=DIRECTION('ref_axis',(0.,-1.,0.));
#16666=DIRECTION('center_axis',(0.,0.,-1.));
#16667=DIRECTION('ref_axis',(0.,-1.,0.));
#16668=DIRECTION('center_axis',(0.,0.,-1.));
#16669=DIRECTION('ref_axis',(0.,-1.,0.));
#16670=DIRECTION('',(0.,0.,1.));
#16671=DIRECTION('center_axis',(-1.,0.,0.));
#16672=DIRECTION('ref_axis',(0.,-1.,0.));
#16673=DIRECTION('',(0.,-1.,0.));
#16674=DIRECTION('',(0.,-1.,0.));
#16675=DIRECTION('',(0.,0.,1.));
#16676=DIRECTION('center_axis',(0.,0.,1.));
#16677=DIRECTION('ref_axis',(1.,0.,0.));
#16678=DIRECTION('center_axis',(0.,0.,-1.));
#16679=DIRECTION('ref_axis',(1.,0.,0.));
#16680=DIRECTION('center_axis',(0.,0.,-1.));
#16681=DIRECTION('ref_axis',(1.,0.,0.));
#16682=DIRECTION('',(0.,0.,1.));
#16683=DIRECTION('center_axis',(0.,-1.,0.));
#16684=DIRECTION('ref_axis',(1.,0.,0.));
#16685=DIRECTION('',(1.,0.,0.));
#16686=DIRECTION('',(1.,0.,0.));
#16687=DIRECTION('',(0.,0.,1.));
#16688=DIRECTION('center_axis',(0.,0.,1.));
#16689=DIRECTION('ref_axis',(0.,1.,0.));
#16690=DIRECTION('center_axis',(0.,0.,-1.));
#16691=DIRECTION('ref_axis',(0.,1.,0.));
#16692=DIRECTION('center_axis',(0.,0.,-1.));
#16693=DIRECTION('ref_axis',(0.,1.,0.));
#16694=DIRECTION('center_axis',(0.,-1.,0.));
#16695=DIRECTION('ref_axis',(1.,0.,0.));
#16696=DIRECTION('',(1.,0.,0.));
#16697=DIRECTION('',(0.,0.,1.));
#16698=DIRECTION('',(1.,0.,0.));
#16699=DIRECTION('',(0.,0.,1.));
#16700=DIRECTION('center_axis',(0.,0.,1.));
#16701=DIRECTION('ref_axis',(0.,1.,0.));
#16702=DIRECTION('center_axis',(0.,0.,-1.));
#16703=DIRECTION('ref_axis',(0.,1.,0.));
#16704=DIRECTION('center_axis',(0.,0.,-1.));
#16705=DIRECTION('ref_axis',(0.,1.,0.));
#16706=DIRECTION('',(0.,0.,1.));
#16707=DIRECTION('center_axis',(1.,0.,0.));
#16708=DIRECTION('ref_axis',(0.,1.,0.));
#16709=DIRECTION('',(0.,1.,0.));
#16710=DIRECTION('',(0.,1.,0.));
#16711=DIRECTION('',(0.,0.,1.));
#16712=DIRECTION('center_axis',(0.,0.,1.));
#16713=DIRECTION('ref_axis',(-1.,0.,0.));
#16714=DIRECTION('center_axis',(0.,0.,-1.));
#16715=DIRECTION('ref_axis',(-1.,0.,0.));
#16716=DIRECTION('center_axis',(0.,0.,-1.));
#16717=DIRECTION('ref_axis',(-1.,0.,0.));
#16718=DIRECTION('',(0.,0.,1.));
#16719=DIRECTION('center_axis',(0.,1.,0.));
#16720=DIRECTION('ref_axis',(-1.,0.,0.));
#16721=DIRECTION('',(-1.,0.,0.));
#16722=DIRECTION('',(-1.,0.,0.));
#16723=DIRECTION('',(0.,0.,1.));
#16724=DIRECTION('center_axis',(0.,0.,1.));
#16725=DIRECTION('ref_axis',(0.,-1.,0.));
#16726=DIRECTION('center_axis',(0.,0.,-1.));
#16727=DIRECTION('ref_axis',(0.,-1.,0.));
#16728=DIRECTION('center_axis',(0.,0.,-1.));
#16729=DIRECTION('ref_axis',(0.,-1.,0.));
#16730=DIRECTION('',(0.,0.,1.));
#16731=DIRECTION('center_axis',(-1.,0.,0.));
#16732=DIRECTION('ref_axis',(0.,-1.,0.));
#16733=DIRECTION('',(0.,-1.,0.));
#16734=DIRECTION('',(0.,-1.,0.));
#16735=DIRECTION('',(0.,0.,1.));
#16736=DIRECTION('center_axis',(0.,0.,1.));
#16737=DIRECTION('ref_axis',(1.,0.,0.));
#16738=DIRECTION('center_axis',(0.,0.,-1.));
#16739=DIRECTION('ref_axis',(1.,0.,0.));
#16740=DIRECTION('center_axis',(0.,0.,-1.));
#16741=DIRECTION('ref_axis',(1.,0.,0.));
#16742=DIRECTION('center_axis',(0.,-1.,0.));
#16743=DIRECTION('ref_axis',(1.,0.,0.));
#16744=DIRECTION('',(-1.,0.,0.));
#16745=DIRECTION('',(0.,0.,1.));
#16746=DIRECTION('',(1.,0.,0.));
#16747=DIRECTION('',(0.,0.,1.));
#16748=DIRECTION('center_axis',(0.707106781186548,-0.707106781186548,0.));
#16749=DIRECTION('ref_axis',(0.707106781186548,0.707106781186548,0.));
#16750=DIRECTION('',(-0.707106781186547,-0.707106781186547,0.));
#16751=DIRECTION('',(0.707106781186547,0.707106781186547,0.));
#16752=DIRECTION('',(0.,0.,1.));
#16753=DIRECTION('center_axis',(0.,-1.,0.));
#16754=DIRECTION('ref_axis',(1.,0.,0.));
#16755=DIRECTION('',(1.,0.,0.));
#16756=DIRECTION('',(1.,0.,0.));
#16757=DIRECTION('',(0.,0.,1.));
#16758=DIRECTION('center_axis',(-1.,0.,0.));
#16759=DIRECTION('ref_axis',(0.,-1.,0.));
#16760=DIRECTION('',(0.,1.,0.));
#16761=DIRECTION('',(0.,-1.,0.));
#16762=DIRECTION('',(0.,0.,1.));
#16763=DIRECTION('center_axis',(0.,1.,0.));
#16764=DIRECTION('ref_axis',(-1.,0.,0.));
#16765=DIRECTION('',(-1.,0.,0.));
#16766=DIRECTION('',(-1.,0.,0.));
#16767=DIRECTION('',(0.,0.,1.));
#16768=DIRECTION('center_axis',(1.,0.,0.));
#16769=DIRECTION('ref_axis',(0.,1.,0.));
#16770=DIRECTION('',(0.,1.,0.));
#16771=DIRECTION('',(0.,1.,0.));
#16772=DIRECTION('center_axis',(0.,0.,1.));
#16773=DIRECTION('ref_axis',(1.,0.,0.));
#16774=DIRECTION('center_axis',(0.,0.,1.));
#16775=DIRECTION('ref_axis',(1.,0.,0.));
#16776=DIRECTION('center_axis',(0.,0.,-1.));
#16777=DIRECTION('ref_axis',(-1.,0.,0.));
#16778=DIRECTION('',(-0.707106781186548,-0.707106781186548,0.));
#16779=DIRECTION('',(-1.,0.,0.));
#16780=DIRECTION('',(0.,-1.,0.));
#16781=DIRECTION('',(1.,0.,0.));
#16782=DIRECTION('',(0.,1.,0.));
#16783=DIRECTION('',(-1.,0.,0.));
#16784=DIRECTION('center_axis',(0.,0.,-1.));
#16785=DIRECTION('ref_axis',(-1.,0.,0.));
#16786=DIRECTION('',(-1.,0.,0.));
#16787=DIRECTION('',(-0.707106781186548,-0.707106781186548,0.));
#16788=DIRECTION('',(-1.,0.,0.));
#16789=DIRECTION('',(0.,1.,0.));
#16790=DIRECTION('',(1.,0.,0.));
#16791=DIRECTION('',(0.,-1.,0.));
#16792=DIRECTION('center_axis',(0.,-1.,0.));
#16793=DIRECTION('ref_axis',(1.,0.,-1.22464679914735E-16));
#16794=DIRECTION('',(0.,-1.,0.));
#16795=DIRECTION('center_axis',(0.,1.,0.));
#16796=DIRECTION('ref_axis',(-1.,0.,0.));
#16797=DIRECTION('',(0.,1.,0.));
#16798=DIRECTION('center_axis',(0.,-1.,0.));
#16799=DIRECTION('ref_axis',(-1.,0.,0.));
#16800=DIRECTION('center_axis',(1.,0.,0.));
#16801=DIRECTION('ref_axis',(0.,-1.,0.));
#16802=DIRECTION('',(0.,0.,-1.));
#16803=DIRECTION('',(0.,0.,-1.));
#16804=DIRECTION('',(0.,1.,0.));
#16805=DIRECTION('',(0.,0.,-1.));
#16806=DIRECTION('',(0.,0.,-1.));
#16807=DIRECTION('center_axis',(0.,-1.,0.));
#16808=DIRECTION('ref_axis',(1.,0.,0.));
#16809=DIRECTION('',(0.,0.,1.));
#16810=DIRECTION('',(1.,0.,0.));
#16811=DIRECTION('',(0.,0.,-1.));
#16812=DIRECTION('center_axis',(-0.707106781186548,0.707106781186548,0.));
#16813=DIRECTION('ref_axis',(0.707106781186548,0.707106781186548,0.));
#16814=DIRECTION('',(0.,0.,-1.));
#16815=DIRECTION('',(-0.707106781186547,-0.707106781186547,0.));
#16816=DIRECTION('',(0.,0.,-1.));
#16817=DIRECTION('center_axis',(0.,1.,0.));
#16818=DIRECTION('ref_axis',(1.,0.,0.));
#16819=DIRECTION('',(-1.,0.,0.));
#16820=DIRECTION('center_axis',(0.,-1.,0.));
#16821=DIRECTION('ref_axis',(-1.,0.,0.));
#16822=DIRECTION('',(0.,0.,-1.));
#16823=DIRECTION('',(1.,0.,0.));
#16824=DIRECTION('center_axis',(0.,-1.,0.));
#16825=DIRECTION('ref_axis',(1.,0.,0.));
#16826=DIRECTION('',(0.,0.,1.));
#16827=DIRECTION('',(1.,0.,0.));
#16828=DIRECTION('',(0.,0.,1.));
#16829=DIRECTION('center_axis',(0.707106781186548,-0.707106781186548,0.));
#16830=DIRECTION('ref_axis',(0.707106781186548,0.707106781186548,0.));
#16831=DIRECTION('',(0.707106781186547,0.707106781186547,0.));
#16832=DIRECTION('center_axis',(0.,0.,1.));
#16833=DIRECTION('ref_axis',(1.,0.,0.));
#16834=DIRECTION('',(1.,0.,0.));
#16835=DIRECTION('',(0.,1.,0.));
#16836=DIRECTION('',(-1.,0.,0.));
#16837=DIRECTION('',(-0.707106781186547,-0.707106781186547,0.));
#16838=DIRECTION('',(-1.,0.,0.));
#16839=DIRECTION('',(0.,-1.,0.));
#16840=DIRECTION('',(-1.,0.,0.));
#16841=DIRECTION('',(0.,-1.,0.));
#16842=DIRECTION('center_axis',(-1.,0.,0.));
#16843=DIRECTION('ref_axis',(0.,1.,0.));
#16844=DIRECTION('',(0.,0.,-1.));
#16845=DIRECTION('center_axis',(0.,1.,0.));
#16846=DIRECTION('ref_axis',(1.,0.,0.));
#16847=DIRECTION('center_axis',(0.,-1.,0.));
#16848=DIRECTION('ref_axis',(1.,0.,0.));
#16849=DIRECTION('',(0.,0.,1.));
#16850=DIRECTION('',(1.,0.,0.));
#16851=DIRECTION('',(0.,0.,1.));
#16852=DIRECTION('center_axis',(1.,0.,0.));
#16853=DIRECTION('ref_axis',(0.,1.,0.));
#16854=DIRECTION('',(0.,1.,0.));
#16855=DIRECTION('',(0.,0.,1.));
#16856=DIRECTION('center_axis',(0.,1.,0.));
#16857=DIRECTION('ref_axis',(-1.,0.,0.));
#16858=DIRECTION('',(-1.,0.,0.));
#16859=DIRECTION('',(0.,0.,1.));
#16860=DIRECTION('center_axis',(-0.707106781186548,0.707106781186548,0.));
#16861=DIRECTION('ref_axis',(-0.707106781186548,-0.707106781186548,0.));
#16862=DIRECTION('',(-0.707106781186547,-0.707106781186547,0.));
#16863=DIRECTION('',(0.,0.,1.));
#16864=DIRECTION('center_axis',(0.,1.,0.));
#16865=DIRECTION('ref_axis',(-1.,0.,0.));
#16866=DIRECTION('',(-1.,0.,0.));
#16867=DIRECTION('',(0.,0.,1.));
#16868=DIRECTION('center_axis',(-1.,0.,0.));
#16869=DIRECTION('ref_axis',(0.,-1.,0.));
#16870=DIRECTION('',(0.,-1.,0.));
#16871=DIRECTION('center_axis',(-1.,0.,0.));
#16872=DIRECTION('ref_axis',(0.,-1.,0.));
#16873=DIRECTION('',(0.,-1.,0.));
#16874=DIRECTION('',(0.,0.,1.));
#16875=DIRECTION('center_axis',(0.,1.,0.));
#16876=DIRECTION('ref_axis',(-1.,0.,0.));
#16877=DIRECTION('',(-1.,0.,0.));
#16878=DIRECTION('',(0.,0.,1.));
#16879=DIRECTION('center_axis',(1.,0.,0.));
#16880=DIRECTION('ref_axis',(0.,1.,0.));
#16881=DIRECTION('',(0.,1.,0.));
#16882=DIRECTION('center_axis',(0.,0.,1.));
#16883=DIRECTION('ref_axis',(1.,0.,0.));
#16884=DIRECTION('center_axis',(0.,0.,-1.));
#16885=DIRECTION('ref_axis',(-1.,0.,0.));
#16886=DIRECTION('',(-1.,0.,0.));
#16887=DIRECTION('',(0.,-1.,0.));
#16888=DIRECTION('',(1.,0.,0.));
#16889=DIRECTION('',(-9.49532850008358E-17,1.,0.));
#16890=DIRECTION('',(-1.,0.,0.));
#16891=DIRECTION('',(0.,1.,0.));
#16892=DIRECTION('',(-1.,0.,0.));
#16893=DIRECTION('',(-0.707106781186548,0.707106781186548,0.));
#16894=DIRECTION('center_axis',(0.,0.,-1.));
#16895=DIRECTION('ref_axis',(-1.,0.,0.));
#16896=DIRECTION('',(-0.707106781186548,0.707106781186548,0.));
#16897=DIRECTION('',(-1.,0.,0.));
#16898=DIRECTION('',(0.,1.,0.));
#16899=DIRECTION('',(-1.,0.,0.));
#16900=DIRECTION('',(0.,1.,0.));
#16901=DIRECTION('',(1.,0.,0.));
#16902=DIRECTION('',(0.,-1.,0.));
#16903=DIRECTION('',(-1.,0.,0.));
#16904=DIRECTION('center_axis',(0.,-1.,0.));
#16905=DIRECTION('ref_axis',(-1.,0.,0.));
#16906=DIRECTION('',(0.,-1.,0.));
#16907=DIRECTION('center_axis',(0.,1.,0.));
#16908=DIRECTION('ref_axis',(-1.,0.,0.));
#16909=DIRECTION('',(0.,1.,0.));
#16910=DIRECTION('center_axis',(0.,-1.,0.));
#16911=DIRECTION('ref_axis',(-1.,0.,0.));
#16912=DIRECTION('center_axis',(-1.,0.,0.));
#16913=DIRECTION('ref_axis',(0.,1.,0.));
#16914=DIRECTION('',(0.,0.,1.));
#16915=DIRECTION('',(0.,0.,-1.));
#16916=DIRECTION('',(0.,0.,-1.));
#16917=DIRECTION('',(0.,-1.,0.));
#16918=DIRECTION('',(0.,0.,-1.));
#16919=DIRECTION('center_axis',(0.,-1.,0.));
#16920=DIRECTION('ref_axis',(-1.,0.,0.));
#16921=DIRECTION('',(1.,0.,0.));
#16922=DIRECTION('',(0.,0.,-1.));
#16923=DIRECTION('center_axis',(1.,9.49532850008358E-17,0.));
#16924=DIRECTION('ref_axis',(9.49532850008358E-17,-1.,0.));
#16925=DIRECTION('',(-9.49532850008358E-17,1.,0.));
#16926=DIRECTION('',(0.,0.,-1.));
#16927=DIRECTION('center_axis',(0.,1.,0.));
#16928=DIRECTION('ref_axis',(1.,0.,0.));
#16929=DIRECTION('',(-1.,0.,0.));
#16930=DIRECTION('',(0.,0.,-1.));
#16931=DIRECTION('center_axis',(1.,0.,0.));
#16932=DIRECTION('ref_axis',(0.,-1.,0.));
#16933=DIRECTION('',(0.,1.,0.));
#16934=DIRECTION('',(0.,0.,-1.));
#16935=DIRECTION('center_axis',(0.,1.,0.));
#16936=DIRECTION('ref_axis',(1.,0.,0.));
#16937=DIRECTION('',(-1.,0.,0.));
#16938=DIRECTION('',(0.,0.,-1.));
#16939=DIRECTION('center_axis',(0.707106781186548,0.707106781186548,0.));
#16940=DIRECTION('ref_axis',(0.707106781186548,-0.707106781186548,0.));
#16941=DIRECTION('',(-0.707106781186547,0.707106781186547,0.));
#16942=DIRECTION('',(0.,0.,-1.));
#16943=DIRECTION('center_axis',(0.,1.,0.));
#16944=DIRECTION('ref_axis',(1.,0.,0.));
#16945=DIRECTION('',(-1.,0.,0.));
#16946=DIRECTION('center_axis',(0.,0.,1.));
#16947=DIRECTION('ref_axis',(1.,0.,0.));
#16948=DIRECTION('',(0.,-1.,0.));
#16949=DIRECTION('',(1.,0.,0.));
#16950=DIRECTION('',(0.,-1.,0.));
#16951=DIRECTION('',(1.,0.,0.));
#16952=DIRECTION('',(0.707106781186548,-0.707106781186548,0.));
#16953=DIRECTION('',(1.,0.,0.));
#16954=DIRECTION('',(0.,1.,0.));
#16955=DIRECTION('',(-1.,0.,0.));
#16956=DIRECTION('center_axis',(0.,1.,0.));
#16957=DIRECTION('ref_axis',(1.,0.,0.));
#16958=DIRECTION('',(0.,0.,-1.));
#16959=DIRECTION('',(-1.,0.,0.));
#16960=DIRECTION('',(0.,0.,1.));
#16961=DIRECTION('center_axis',(1.,0.,0.));
#16962=DIRECTION('ref_axis',(0.,-1.,0.));
#16963=DIRECTION('',(0.,1.,0.));
#16964=DIRECTION('',(0.,0.,1.));
#16965=DIRECTION('center_axis',(0.,-1.,0.));
#16966=DIRECTION('ref_axis',(-1.,0.,0.));
#16967=DIRECTION('',(0.,0.,1.));
#16968=DIRECTION('',(1.,0.,0.));
#16969=DIRECTION('',(0.,0.,1.));
#16970=DIRECTION('center_axis',(-1.,0.,0.));
#16971=DIRECTION('ref_axis',(0.,1.,0.));
#16972=DIRECTION('',(0.,-1.,0.));
#16973=DIRECTION('center_axis',(1.,0.,0.));
#16974=DIRECTION('ref_axis',(0.,1.,0.));
#16975=DIRECTION('',(0.,0.,1.));
#16976=DIRECTION('',(0.,1.,0.));
#16977=DIRECTION('',(0.,0.,1.));
#16978=DIRECTION('center_axis',(0.,1.,0.));
#16979=DIRECTION('ref_axis',(-1.,0.,0.));
#16980=DIRECTION('',(-1.,0.,0.));
#16981=DIRECTION('',(0.,0.,1.));
#16982=DIRECTION('center_axis',(1.,0.,0.));
#16983=DIRECTION('ref_axis',(0.,1.,0.));
#16984=DIRECTION('',(0.,1.,0.));
#16985=DIRECTION('',(0.,0.,1.));
#16986=DIRECTION('center_axis',(0.,1.,0.));
#16987=DIRECTION('ref_axis',(-1.,0.,0.));
#16988=DIRECTION('',(-1.,0.,0.));
#16989=DIRECTION('',(0.,0.,1.));
#16990=DIRECTION('center_axis',(0.707106781186548,0.707106781186548,0.));
#16991=DIRECTION('ref_axis',(-0.707106781186548,0.707106781186548,0.));
#16992=DIRECTION('',(-0.707106781186547,0.707106781186547,0.));
#16993=DIRECTION('',(0.,0.,1.));
#16994=DIRECTION('center_axis',(0.,1.,0.));
#16995=DIRECTION('ref_axis',(-1.,0.,0.));
#16996=DIRECTION('',(-1.,0.,0.));
#16997=DIRECTION('',(0.,0.,1.));
#16998=DIRECTION('center_axis',(-1.,0.,0.));
#16999=DIRECTION('ref_axis',(0.,-1.,0.));
#17000=DIRECTION('',(0.,-1.,0.));
#17001=DIRECTION('',(0.,0.,1.));
#17002=DIRECTION('center_axis',(0.,-1.,0.));
#17003=DIRECTION('ref_axis',(1.,0.,0.));
#17004=DIRECTION('',(1.,0.,0.));
#17005=DIRECTION('center_axis',(0.,-1.,0.));
#17006=DIRECTION('ref_axis',(-1.,0.,0.));
#17007=DIRECTION('',(1.,0.,0.));
#17008=DIRECTION('',(0.,0.,1.));
#17009=DIRECTION('center_axis',(-1.,0.,0.));
#17010=DIRECTION('ref_axis',(0.,1.,0.));
#17011=DIRECTION('',(0.,0.,1.));
#17012=DIRECTION('',(0.,-1.,0.));
#17013=DIRECTION('center_axis',(0.,0.,1.));
#17014=DIRECTION('ref_axis',(1.,0.,0.));
#17015=DIRECTION('',(1.,0.,0.));
#17016=DIRECTION('',(0.707106781186547,-0.707106781186547,0.));
#17017=DIRECTION('center_axis',(-0.707106781186548,-0.707106781186548,0.));
#17018=DIRECTION('ref_axis',(-0.707106781186548,0.707106781186548,0.));
#17019=DIRECTION('',(0.,0.,-1.));
#17020=DIRECTION('center_axis',(0.,-1.,0.));
#17021=DIRECTION('ref_axis',(-1.,0.,0.));
#17022=CARTESIAN_POINT('',(0.,0.,0.));
#17023=CARTESIAN_POINT('Origin',(40.625,-73.175,0.));
#17024=CARTESIAN_POINT('',(40.625,-73.175,0.));
#17025=CARTESIAN_POINT('',(40.625,-60.175,0.));
#17026=CARTESIAN_POINT('',(40.625,-60.175,0.));
#17027=CARTESIAN_POINT('',(40.625,-60.175,1.6));
#17028=CARTESIAN_POINT('',(40.625,-60.175,0.));
#17029=CARTESIAN_POINT('',(40.625,-73.175,1.6));
#17030=CARTESIAN_POINT('',(40.625,-60.175,1.6));
#17031=CARTESIAN_POINT('',(40.625,-73.175,0.));
#17032=CARTESIAN_POINT('Origin',(41.125,-73.175,0.));
#17033=CARTESIAN_POINT('',(41.125,-73.675,0.));
#17034=CARTESIAN_POINT('Origin',(41.125,-73.175,0.));
#17035=CARTESIAN_POINT('',(41.125,-73.675,1.6));
#17036=CARTESIAN_POINT('Origin',(41.125,-73.175,1.6));
#17037=CARTESIAN_POINT('',(41.125,-73.675,0.));
#17038=CARTESIAN_POINT('Origin',(54.125,-73.675,0.));
#17039=CARTESIAN_POINT('',(54.125,-73.675,0.));
#17040=CARTESIAN_POINT('',(41.125,-73.675,0.));
#17041=CARTESIAN_POINT('',(54.125,-73.675,1.6));
#17042=CARTESIAN_POINT('',(41.125,-73.675,1.6));
#17043=CARTESIAN_POINT('',(54.125,-73.675,0.));
#17044=CARTESIAN_POINT('Origin',(54.125,-73.175,0.));
#17045=CARTESIAN_POINT('',(54.625,-73.175,0.));
#17046=CARTESIAN_POINT('Origin',(54.125,-73.175,0.));
#17047=CARTESIAN_POINT('',(54.625,-73.175,1.6));
#17048=CARTESIAN_POINT('Origin',(54.125,-73.175,1.6));
#17049=CARTESIAN_POINT('',(54.625,-73.175,0.));
#17050=CARTESIAN_POINT('Origin',(54.625,-60.175,0.));
#17051=CARTESIAN_POINT('',(54.625,-60.175,0.));
#17052=CARTESIAN_POINT('',(54.625,-60.175,0.));
#17053=CARTESIAN_POINT('',(54.625,-60.175,1.6));
#17054=CARTESIAN_POINT('',(54.625,-60.175,1.6));
#17055=CARTESIAN_POINT('',(54.625,-60.175,0.));
#17056=CARTESIAN_POINT('Origin',(54.125,-60.175,0.));
#17057=CARTESIAN_POINT('',(54.125,-59.675,0.));
#17058=CARTESIAN_POINT('Origin',(54.125,-60.175,0.));
#17059=CARTESIAN_POINT('',(54.125,-59.675,1.6));
#17060=CARTESIAN_POINT('Origin',(54.125,-60.175,1.6));
#17061=CARTESIAN_POINT('',(54.125,-59.675,0.));
#17062=CARTESIAN_POINT('Origin',(41.125,-59.675,0.));
#17063=CARTESIAN_POINT('',(41.125,-59.675,0.));
#17064=CARTESIAN_POINT('',(41.125,-59.675,0.));
#17065=CARTESIAN_POINT('',(41.125,-59.675,1.6));
#17066=CARTESIAN_POINT('',(41.125,-59.675,1.6));
#17067=CARTESIAN_POINT('',(41.125,-59.675,0.));
#17068=CARTESIAN_POINT('Origin',(41.125,-60.175,0.));
#17069=CARTESIAN_POINT('Origin',(41.125,-60.175,0.));
#17070=CARTESIAN_POINT('Origin',(41.125,-60.175,1.6));
#17071=CARTESIAN_POINT('Origin',(2.525,-16.025,0.));
#17072=CARTESIAN_POINT('',(2.525,-16.025,0.));
#17073=CARTESIAN_POINT('',(2.525,-3.025,0.));
#17074=CARTESIAN_POINT('',(2.525,-3.025,0.));
#17075=CARTESIAN_POINT('',(2.525,-3.025,1.6));
#17076=CARTESIAN_POINT('',(2.525,-3.025,0.));
#17077=CARTESIAN_POINT('',(2.525,-16.025,1.6));
#17078=CARTESIAN_POINT('',(2.525,-3.025,1.6));
#17079=CARTESIAN_POINT('',(2.525,-16.025,0.));
#17080=CARTESIAN_POINT('Origin',(3.025,-16.025,0.));
#17081=CARTESIAN_POINT('',(3.025,-16.525,0.));
#17082=CARTESIAN_POINT('Origin',(3.025,-16.025,0.));
#17083=CARTESIAN_POINT('',(3.025,-16.525,1.6));
#17084=CARTESIAN_POINT('Origin',(3.025,-16.025,1.6));
#17085=CARTESIAN_POINT('',(3.025,-16.525,0.));
#17086=CARTESIAN_POINT('Origin',(16.025,-16.525,0.));
#17087=CARTESIAN_POINT('',(16.025,-16.525,0.));
#17088=CARTESIAN_POINT('',(3.025,-16.525,0.));
#17089=CARTESIAN_POINT('',(16.025,-16.525,1.6));
#17090=CARTESIAN_POINT('',(3.025,-16.525,1.6));
#17091=CARTESIAN_POINT('',(16.025,-16.525,0.));
#17092=CARTESIAN_POINT('Origin',(16.025,-16.025,0.));
#17093=CARTESIAN_POINT('',(16.525,-16.025,0.));
#17094=CARTESIAN_POINT('Origin',(16.025,-16.025,0.));
#17095=CARTESIAN_POINT('',(16.525,-16.025,1.6));
#17096=CARTESIAN_POINT('Origin',(16.025,-16.025,1.6));
#17097=CARTESIAN_POINT('',(16.525,-16.025,0.));
#17098=CARTESIAN_POINT('Origin',(16.525,-3.025,0.));
#17099=CARTESIAN_POINT('',(16.525,-3.025,0.));
#17100=CARTESIAN_POINT('',(16.525,-3.025,0.));
#17101=CARTESIAN_POINT('',(16.525,-3.025,1.6));
#17102=CARTESIAN_POINT('',(16.525,-3.025,1.6));
#17103=CARTESIAN_POINT('',(16.525,-3.025,0.));
#17104=CARTESIAN_POINT('Origin',(16.025,-3.025,0.));
#17105=CARTESIAN_POINT('',(16.025,-2.525,0.));
#17106=CARTESIAN_POINT('Origin',(16.025,-3.025,0.));
#17107=CARTESIAN_POINT('',(16.025,-2.525,1.6));
#17108=CARTESIAN_POINT('Origin',(16.025,-3.025,1.6));
#17109=CARTESIAN_POINT('',(16.025,-2.525,0.));
#17110=CARTESIAN_POINT('Origin',(3.025,-2.525,0.));
#17111=CARTESIAN_POINT('',(3.025,-2.525,0.));
#17112=CARTESIAN_POINT('',(3.025,-2.525,0.));
#17113=CARTESIAN_POINT('',(3.025,-2.525,1.6));
#17114=CARTESIAN_POINT('',(3.025,-2.525,1.6));
#17115=CARTESIAN_POINT('',(3.025,-2.525,0.));
#17116=CARTESIAN_POINT('Origin',(3.025,-3.025,0.));
#17117=CARTESIAN_POINT('Origin',(3.025,-3.025,0.));
#17118=CARTESIAN_POINT('Origin',(3.025,-3.025,1.6));
#17119=CARTESIAN_POINT('Origin',(140.6375,-106.5125,0.));
#17120=CARTESIAN_POINT('',(140.6375,-106.5125,0.));
#17121=CARTESIAN_POINT('',(140.6375,-93.5125,0.));
#17122=CARTESIAN_POINT('',(140.6375,-93.5125,0.));
#17123=CARTESIAN_POINT('',(140.6375,-93.5125,1.6));
#17124=CARTESIAN_POINT('',(140.6375,-93.5125,0.));
#17125=CARTESIAN_POINT('',(140.6375,-106.5125,1.6));
#17126=CARTESIAN_POINT('',(140.6375,-93.5125,1.6));
#17127=CARTESIAN_POINT('',(140.6375,-106.5125,0.));
#17128=CARTESIAN_POINT('Origin',(141.1375,-106.5125,0.));
#17129=CARTESIAN_POINT('',(141.1375,-107.0125,0.));
#17130=CARTESIAN_POINT('Origin',(141.1375,-106.5125,0.));
#17131=CARTESIAN_POINT('',(141.1375,-107.0125,1.6));
#17132=CARTESIAN_POINT('Origin',(141.1375,-106.5125,1.6));
#17133=CARTESIAN_POINT('',(141.1375,-107.0125,0.));
#17134=CARTESIAN_POINT('Origin',(154.1375,-107.0125,0.));
#17135=CARTESIAN_POINT('',(154.1375,-107.0125,0.));
#17136=CARTESIAN_POINT('',(141.1375,-107.0125,0.));
#17137=CARTESIAN_POINT('',(154.1375,-107.0125,1.6));
#17138=CARTESIAN_POINT('',(141.1375,-107.0125,1.6));
#17139=CARTESIAN_POINT('',(154.1375,-107.0125,0.));
#17140=CARTESIAN_POINT('Origin',(154.1375,-106.5125,0.));
#17141=CARTESIAN_POINT('',(154.6375,-106.5125,0.));
#17142=CARTESIAN_POINT('Origin',(154.1375,-106.5125,0.));
#17143=CARTESIAN_POINT('',(154.6375,-106.5125,1.6));
#17144=CARTESIAN_POINT('Origin',(154.1375,-106.5125,1.6));
#17145=CARTESIAN_POINT('',(154.6375,-106.5125,0.));
#17146=CARTESIAN_POINT('Origin',(154.6375,-93.5125,0.));
#17147=CARTESIAN_POINT('',(154.6375,-93.5125,0.));
#17148=CARTESIAN_POINT('',(154.6375,-93.5125,0.));
#17149=CARTESIAN_POINT('',(154.6375,-93.5125,1.6));
#17150=CARTESIAN_POINT('',(154.6375,-93.5125,1.6));
#17151=CARTESIAN_POINT('',(154.6375,-93.5125,0.));
#17152=CARTESIAN_POINT('Origin',(154.1375,-93.5125,0.));
#17153=CARTESIAN_POINT('',(154.1375,-93.0125,0.));
#17154=CARTESIAN_POINT('Origin',(154.1375,-93.5125,0.));
#17155=CARTESIAN_POINT('',(154.1375,-93.0125,1.6));
#17156=CARTESIAN_POINT('Origin',(154.1375,-93.5125,1.6));
#17157=CARTESIAN_POINT('',(154.1375,-93.0125,0.));
#17158=CARTESIAN_POINT('Origin',(141.1375,-93.0125,0.));
#17159=CARTESIAN_POINT('',(141.1375,-93.0125,0.));
#17160=CARTESIAN_POINT('',(141.1375,-93.0125,0.));
#17161=CARTESIAN_POINT('',(141.1375,-93.0125,1.6));
#17162=CARTESIAN_POINT('',(141.1375,-93.0125,1.6));
#17163=CARTESIAN_POINT('',(141.1375,-93.0125,0.));
#17164=CARTESIAN_POINT('Origin',(141.1375,-93.5125,0.));
#17165=CARTESIAN_POINT('Origin',(141.1375,-93.5125,0.));
#17166=CARTESIAN_POINT('Origin',(141.1375,-93.5125,1.6));
#17167=CARTESIAN_POINT('Origin',(97.775,-73.175,0.));
#17168=CARTESIAN_POINT('',(97.775,-73.175,0.));
#17169=CARTESIAN_POINT('',(97.775,-60.175,0.));
#17170=CARTESIAN_POINT('',(97.775,-60.175,0.));
#17171=CARTESIAN_POINT('',(97.775,-60.175,1.6));
#17172=CARTESIAN_POINT('',(97.775,-60.175,0.));
#17173=CARTESIAN_POINT('',(97.775,-73.175,1.6));
#17174=CARTESIAN_POINT('',(97.775,-60.175,1.6));
#17175=CARTESIAN_POINT('',(97.775,-73.175,0.));
#17176=CARTESIAN_POINT('Origin',(98.275,-73.175,0.));
#17177=CARTESIAN_POINT('',(98.275,-73.675,0.));
#17178=CARTESIAN_POINT('Origin',(98.275,-73.175,0.));
#17179=CARTESIAN_POINT('',(98.275,-73.675,1.6));
#17180=CARTESIAN_POINT('Origin',(98.275,-73.175,1.6));
#17181=CARTESIAN_POINT('',(98.275,-73.675,0.));
#17182=CARTESIAN_POINT('Origin',(111.275,-73.675,0.));
#17183=CARTESIAN_POINT('',(111.275,-73.675,0.));
#17184=CARTESIAN_POINT('',(98.275,-73.675,0.));
#17185=CARTESIAN_POINT('',(111.275,-73.675,1.6));
#17186=CARTESIAN_POINT('',(98.275,-73.675,1.6));
#17187=CARTESIAN_POINT('',(111.275,-73.675,0.));
#17188=CARTESIAN_POINT('Origin',(111.275,-73.175,0.));
#17189=CARTESIAN_POINT('',(111.775,-73.175,0.));
#17190=CARTESIAN_POINT('Origin',(111.275,-73.175,0.));
#17191=CARTESIAN_POINT('',(111.775,-73.175,1.6));
#17192=CARTESIAN_POINT('Origin',(111.275,-73.175,1.6));
#17193=CARTESIAN_POINT('',(111.775,-73.175,0.));
#17194=CARTESIAN_POINT('Origin',(111.775,-60.175,0.));
#17195=CARTESIAN_POINT('',(111.775,-60.175,0.));
#17196=CARTESIAN_POINT('',(111.775,-60.175,0.));
#17197=CARTESIAN_POINT('',(111.775,-60.175,1.6));
#17198=CARTESIAN_POINT('',(111.775,-60.175,1.6));
#17199=CARTESIAN_POINT('',(111.775,-60.175,0.));
#17200=CARTESIAN_POINT('Origin',(111.275,-60.175,0.));
#17201=CARTESIAN_POINT('',(111.275,-59.675,0.));
#17202=CARTESIAN_POINT('Origin',(111.275,-60.175,0.));
#17203=CARTESIAN_POINT('',(111.275,-59.675,1.6));
#17204=CARTESIAN_POINT('Origin',(111.275,-60.175,1.6));
#17205=CARTESIAN_POINT('',(111.275,-59.675,0.));
#17206=CARTESIAN_POINT('Origin',(98.275,-59.675,0.));
#17207=CARTESIAN_POINT('',(98.275,-59.675,0.));
#17208=CARTESIAN_POINT('',(98.275,-59.675,0.));
#17209=CARTESIAN_POINT('',(98.275,-59.675,1.6));
#17210=CARTESIAN_POINT('',(98.275,-59.675,1.6));
#17211=CARTESIAN_POINT('',(98.275,-59.675,0.));
#17212=CARTESIAN_POINT('Origin',(98.275,-60.175,0.));
#17213=CARTESIAN_POINT('Origin',(98.275,-60.175,0.));
#17214=CARTESIAN_POINT('Origin',(98.275,-60.175,1.6));
#17215=CARTESIAN_POINT('Origin',(79.225,-81.10625,0.));
#17216=CARTESIAN_POINT('',(79.225,-81.10625,0.));
#17217=CARTESIAN_POINT('',(92.225,-81.10625,0.));
#17218=CARTESIAN_POINT('',(92.225,-81.10625,0.));
#17219=CARTESIAN_POINT('',(92.225,-81.10625,1.6));
#17220=CARTESIAN_POINT('',(92.225,-81.10625,0.));
#17221=CARTESIAN_POINT('',(79.225,-81.10625,1.6));
#17222=CARTESIAN_POINT('',(92.225,-81.10625,1.6));
#17223=CARTESIAN_POINT('',(79.225,-81.10625,0.));
#17224=CARTESIAN_POINT('Origin',(79.225,-81.60625,0.));
#17225=CARTESIAN_POINT('',(78.725,-81.60625,0.));
#17226=CARTESIAN_POINT('Origin',(79.225,-81.60625,0.));
#17227=CARTESIAN_POINT('',(78.725,-81.60625,1.6));
#17228=CARTESIAN_POINT('Origin',(79.225,-81.60625,1.6));
#17229=CARTESIAN_POINT('',(78.725,-81.60625,0.));
#17230=CARTESIAN_POINT('Origin',(78.725,-94.60625,0.));
#17231=CARTESIAN_POINT('',(78.725,-94.60625,0.));
#17232=CARTESIAN_POINT('',(78.725,-81.60625,0.));
#17233=CARTESIAN_POINT('',(78.725,-94.60625,1.6));
#17234=CARTESIAN_POINT('',(78.725,-81.60625,1.6));
#17235=CARTESIAN_POINT('',(78.725,-94.60625,0.));
#17236=CARTESIAN_POINT('Origin',(79.225,-94.60625,0.));
#17237=CARTESIAN_POINT('',(79.225,-95.10625,0.));
#17238=CARTESIAN_POINT('Origin',(79.225,-94.60625,0.));
#17239=CARTESIAN_POINT('',(79.225,-95.10625,1.6));
#17240=CARTESIAN_POINT('Origin',(79.225,-94.60625,1.6));
#17241=CARTESIAN_POINT('',(79.225,-95.10625,0.));
#17242=CARTESIAN_POINT('Origin',(92.225,-95.10625,0.));
#17243=CARTESIAN_POINT('',(92.225,-95.10625,0.));
#17244=CARTESIAN_POINT('',(92.225,-95.10625,0.));
#17245=CARTESIAN_POINT('',(92.225,-95.10625,1.6));
#17246=CARTESIAN_POINT('',(92.225,-95.10625,1.6));
#17247=CARTESIAN_POINT('',(92.225,-95.10625,0.));
#17248=CARTESIAN_POINT('Origin',(92.225,-94.60625,0.));
#17249=CARTESIAN_POINT('',(92.725,-94.60625,0.));
#17250=CARTESIAN_POINT('Origin',(92.225,-94.60625,0.));
#17251=CARTESIAN_POINT('',(92.725,-94.60625,1.6));
#17252=CARTESIAN_POINT('Origin',(92.225,-94.60625,1.6));
#17253=CARTESIAN_POINT('',(92.725,-94.60625,0.));
#17254=CARTESIAN_POINT('Origin',(92.725,-81.60625,0.));
#17255=CARTESIAN_POINT('',(92.725,-81.60625,0.));
#17256=CARTESIAN_POINT('',(92.725,-81.60625,0.));
#17257=CARTESIAN_POINT('',(92.725,-81.60625,1.6));
#17258=CARTESIAN_POINT('',(92.725,-81.60625,1.6));
#17259=CARTESIAN_POINT('',(92.725,-81.60625,0.));
#17260=CARTESIAN_POINT('Origin',(92.225,-81.60625,0.));
#17261=CARTESIAN_POINT('Origin',(92.225,-81.60625,0.));
#17262=CARTESIAN_POINT('Origin',(92.225,-81.60625,1.6));
#17263=CARTESIAN_POINT('Origin',(21.575,-73.175,0.));
#17264=CARTESIAN_POINT('',(21.575,-73.175,0.));
#17265=CARTESIAN_POINT('',(21.575,-60.175,0.));
#17266=CARTESIAN_POINT('',(21.575,-60.175,0.));
#17267=CARTESIAN_POINT('',(21.575,-60.175,1.6));
#17268=CARTESIAN_POINT('',(21.575,-60.175,0.));
#17269=CARTESIAN_POINT('',(21.575,-73.175,1.6));
#17270=CARTESIAN_POINT('',(21.575,-60.175,1.6));
#17271=CARTESIAN_POINT('',(21.575,-73.175,0.));
#17272=CARTESIAN_POINT('Origin',(22.075,-73.175,0.));
#17273=CARTESIAN_POINT('',(22.075,-73.675,0.));
#17274=CARTESIAN_POINT('Origin',(22.075,-73.175,0.));
#17275=CARTESIAN_POINT('',(22.075,-73.675,1.6));
#17276=CARTESIAN_POINT('Origin',(22.075,-73.175,1.6));
#17277=CARTESIAN_POINT('',(22.075,-73.675,0.));
#17278=CARTESIAN_POINT('Origin',(35.075,-73.675,0.));
#17279=CARTESIAN_POINT('',(35.075,-73.675,0.));
#17280=CARTESIAN_POINT('',(22.075,-73.675,0.));
#17281=CARTESIAN_POINT('',(35.075,-73.675,1.6));
#17282=CARTESIAN_POINT('',(22.075,-73.675,1.6));
#17283=CARTESIAN_POINT('',(35.075,-73.675,0.));
#17284=CARTESIAN_POINT('Origin',(35.075,-73.175,0.));
#17285=CARTESIAN_POINT('',(35.575,-73.175,0.));
#17286=CARTESIAN_POINT('Origin',(35.075,-73.175,0.));
#17287=CARTESIAN_POINT('',(35.575,-73.175,1.6));
#17288=CARTESIAN_POINT('Origin',(35.075,-73.175,1.6));
#17289=CARTESIAN_POINT('',(35.575,-73.175,0.));
#17290=CARTESIAN_POINT('Origin',(35.575,-60.175,0.));
#17291=CARTESIAN_POINT('',(35.575,-60.175,0.));
#17292=CARTESIAN_POINT('',(35.575,-60.175,0.));
#17293=CARTESIAN_POINT('',(35.575,-60.175,1.6));
#17294=CARTESIAN_POINT('',(35.575,-60.175,1.6));
#17295=CARTESIAN_POINT('',(35.575,-60.175,0.));
#17296=CARTESIAN_POINT('Origin',(35.075,-60.175,0.));
#17297=CARTESIAN_POINT('',(35.075,-59.675,0.));
#17298=CARTESIAN_POINT('Origin',(35.075,-60.175,0.));
#17299=CARTESIAN_POINT('',(35.075,-59.675,1.6));
#17300=CARTESIAN_POINT('Origin',(35.075,-60.175,1.6));
#17301=CARTESIAN_POINT('',(35.075,-59.675,0.));
#17302=CARTESIAN_POINT('Origin',(22.075,-59.675,0.));
#17303=CARTESIAN_POINT('',(22.075,-59.675,0.));
#17304=CARTESIAN_POINT('',(22.075,-59.675,0.));
#17305=CARTESIAN_POINT('',(22.075,-59.675,1.6));
#17306=CARTESIAN_POINT('',(22.075,-59.675,1.6));
#17307=CARTESIAN_POINT('',(22.075,-59.675,0.));
#17308=CARTESIAN_POINT('Origin',(22.075,-60.175,0.));
#17309=CARTESIAN_POINT('Origin',(22.075,-60.175,0.));
#17310=CARTESIAN_POINT('Origin',(22.075,-60.175,1.6));
#17311=CARTESIAN_POINT('Origin',(40.625,-54.125,0.));
#17312=CARTESIAN_POINT('',(40.625,-54.125,0.));
#17313=CARTESIAN_POINT('',(40.625,-41.125,0.));
#17314=CARTESIAN_POINT('',(40.625,-41.125,0.));
#17315=CARTESIAN_POINT('',(40.625,-41.125,1.6));
#17316=CARTESIAN_POINT('',(40.625,-41.125,0.));
#17317=CARTESIAN_POINT('',(40.625,-54.125,1.6));
#17318=CARTESIAN_POINT('',(40.625,-41.125,1.6));
#17319=CARTESIAN_POINT('',(40.625,-54.125,0.));
#17320=CARTESIAN_POINT('Origin',(41.125,-54.125,0.));
#17321=CARTESIAN_POINT('',(41.125,-54.625,0.));
#17322=CARTESIAN_POINT('Origin',(41.125,-54.125,0.));
#17323=CARTESIAN_POINT('',(41.125,-54.625,1.6));
#17324=CARTESIAN_POINT('Origin',(41.125,-54.125,1.6));
#17325=CARTESIAN_POINT('',(41.125,-54.625,0.));
#17326=CARTESIAN_POINT('Origin',(54.125,-54.625,0.));
#17327=CARTESIAN_POINT('',(54.125,-54.625,0.));
#17328=CARTESIAN_POINT('',(41.125,-54.625,0.));
#17329=CARTESIAN_POINT('',(54.125,-54.625,1.6));
#17330=CARTESIAN_POINT('',(41.125,-54.625,1.6));
#17331=CARTESIAN_POINT('',(54.125,-54.625,0.));
#17332=CARTESIAN_POINT('Origin',(54.125,-54.125,0.));
#17333=CARTESIAN_POINT('',(54.625,-54.125,0.));
#17334=CARTESIAN_POINT('Origin',(54.125,-54.125,0.));
#17335=CARTESIAN_POINT('',(54.625,-54.125,1.6));
#17336=CARTESIAN_POINT('Origin',(54.125,-54.125,1.6));
#17337=CARTESIAN_POINT('',(54.625,-54.125,0.));
#17338=CARTESIAN_POINT('Origin',(54.625,-41.125,0.));
#17339=CARTESIAN_POINT('',(54.625,-41.125,0.));
#17340=CARTESIAN_POINT('',(54.625,-41.125,0.));
#17341=CARTESIAN_POINT('',(54.625,-41.125,1.6));
#17342=CARTESIAN_POINT('',(54.625,-41.125,1.6));
#17343=CARTESIAN_POINT('',(54.625,-41.125,0.));
#17344=CARTESIAN_POINT('Origin',(54.125,-41.125,0.));
#17345=CARTESIAN_POINT('',(54.125,-40.625,0.));
#17346=CARTESIAN_POINT('Origin',(54.125,-41.125,0.));
#17347=CARTESIAN_POINT('',(54.125,-40.625,1.6));
#17348=CARTESIAN_POINT('Origin',(54.125,-41.125,1.6));
#17349=CARTESIAN_POINT('',(54.125,-40.625,0.));
#17350=CARTESIAN_POINT('Origin',(41.125,-40.625,0.));
#17351=CARTESIAN_POINT('',(41.125,-40.625,0.));
#17352=CARTESIAN_POINT('',(41.125,-40.625,0.));
#17353=CARTESIAN_POINT('',(41.125,-40.625,1.6));
#17354=CARTESIAN_POINT('',(41.125,-40.625,1.6));
#17355=CARTESIAN_POINT('',(41.125,-40.625,0.));
#17356=CARTESIAN_POINT('Origin',(41.125,-41.125,0.));
#17357=CARTESIAN_POINT('Origin',(41.125,-41.125,0.));
#17358=CARTESIAN_POINT('Origin',(41.125,-41.125,1.6));
#17359=CARTESIAN_POINT('Origin',(59.675,-35.075,0.));
#17360=CARTESIAN_POINT('',(59.675,-35.075,0.));
#17361=CARTESIAN_POINT('',(59.675,-22.075,0.));
#17362=CARTESIAN_POINT('',(59.675,-22.075,0.));
#17363=CARTESIAN_POINT('',(59.675,-22.075,1.6));
#17364=CARTESIAN_POINT('',(59.675,-22.075,0.));
#17365=CARTESIAN_POINT('',(59.675,-35.075,1.6));
#17366=CARTESIAN_POINT('',(59.675,-22.075,1.6));
#17367=CARTESIAN_POINT('',(59.675,-35.075,0.));
#17368=CARTESIAN_POINT('Origin',(60.175,-35.075,0.));
#17369=CARTESIAN_POINT('',(60.175,-35.575,0.));
#17370=CARTESIAN_POINT('Origin',(60.175,-35.075,0.));
#17371=CARTESIAN_POINT('',(60.175,-35.575,1.6));
#17372=CARTESIAN_POINT('Origin',(60.175,-35.075,1.6));
#17373=CARTESIAN_POINT('',(60.175,-35.575,0.));
#17374=CARTESIAN_POINT('Origin',(73.175,-35.575,0.));
#17375=CARTESIAN_POINT('',(73.175,-35.575,0.));
#17376=CARTESIAN_POINT('',(60.175,-35.575,0.));
#17377=CARTESIAN_POINT('',(73.175,-35.575,1.6));
#17378=CARTESIAN_POINT('',(60.175,-35.575,1.6));
#17379=CARTESIAN_POINT('',(73.175,-35.575,0.));
#17380=CARTESIAN_POINT('Origin',(73.175,-35.075,0.));
#17381=CARTESIAN_POINT('',(73.675,-35.075,0.));
#17382=CARTESIAN_POINT('Origin',(73.175,-35.075,0.));
#17383=CARTESIAN_POINT('',(73.675,-35.075,1.6));
#17384=CARTESIAN_POINT('Origin',(73.175,-35.075,1.6));
#17385=CARTESIAN_POINT('',(73.675,-35.075,0.));
#17386=CARTESIAN_POINT('Origin',(73.675,-22.075,0.));
#17387=CARTESIAN_POINT('',(73.675,-22.075,0.));
#17388=CARTESIAN_POINT('',(73.675,-22.075,0.));
#17389=CARTESIAN_POINT('',(73.675,-22.075,1.6));
#17390=CARTESIAN_POINT('',(73.675,-22.075,1.6));
#17391=CARTESIAN_POINT('',(73.675,-22.075,0.));
#17392=CARTESIAN_POINT('Origin',(73.175,-22.075,0.));
#17393=CARTESIAN_POINT('',(73.175,-21.575,0.));
#17394=CARTESIAN_POINT('Origin',(73.175,-22.075,0.));
#17395=CARTESIAN_POINT('',(73.175,-21.575,1.6));
#17396=CARTESIAN_POINT('Origin',(73.175,-22.075,1.6));
#17397=CARTESIAN_POINT('',(73.175,-21.575,0.));
#17398=CARTESIAN_POINT('Origin',(60.175,-21.575,0.));
#17399=CARTESIAN_POINT('',(60.175,-21.575,0.));
#17400=CARTESIAN_POINT('',(60.175,-21.575,0.));
#17401=CARTESIAN_POINT('',(60.175,-21.575,1.6));
#17402=CARTESIAN_POINT('',(60.175,-21.575,1.6));
#17403=CARTESIAN_POINT('',(60.175,-21.575,0.));
#17404=CARTESIAN_POINT('Origin',(60.175,-22.075,0.));
#17405=CARTESIAN_POINT('Origin',(60.175,-22.075,0.));
#17406=CARTESIAN_POINT('Origin',(60.175,-22.075,1.6));
#17407=CARTESIAN_POINT('Origin',(40.625,-35.075,0.));
#17408=CARTESIAN_POINT('',(40.625,-35.075,0.));
#17409=CARTESIAN_POINT('',(40.625,-22.075,0.));
#17410=CARTESIAN_POINT('',(40.625,-22.075,0.));
#17411=CARTESIAN_POINT('',(40.625,-22.075,1.6));
#17412=CARTESIAN_POINT('',(40.625,-22.075,0.));
#17413=CARTESIAN_POINT('',(40.625,-35.075,1.6));
#17414=CARTESIAN_POINT('',(40.625,-22.075,1.6));
#17415=CARTESIAN_POINT('',(40.625,-35.075,0.));
#17416=CARTESIAN_POINT('Origin',(41.125,-35.075,0.));
#17417=CARTESIAN_POINT('',(41.125,-35.575,0.));
#17418=CARTESIAN_POINT('Origin',(41.125,-35.075,0.));
#17419=CARTESIAN_POINT('',(41.125,-35.575,1.6));
#17420=CARTESIAN_POINT('Origin',(41.125,-35.075,1.6));
#17421=CARTESIAN_POINT('',(41.125,-35.575,0.));
#17422=CARTESIAN_POINT('Origin',(54.125,-35.575,0.));
#17423=CARTESIAN_POINT('',(54.125,-35.575,0.));
#17424=CARTESIAN_POINT('',(41.125,-35.575,0.));
#17425=CARTESIAN_POINT('',(54.125,-35.575,1.6));
#17426=CARTESIAN_POINT('',(41.125,-35.575,1.6));
#17427=CARTESIAN_POINT('',(54.125,-35.575,0.));
#17428=CARTESIAN_POINT('Origin',(54.125,-35.075,0.));
#17429=CARTESIAN_POINT('',(54.625,-35.075,0.));
#17430=CARTESIAN_POINT('Origin',(54.125,-35.075,0.));
#17431=CARTESIAN_POINT('',(54.625,-35.075,1.6));
#17432=CARTESIAN_POINT('Origin',(54.125,-35.075,1.6));
#17433=CARTESIAN_POINT('',(54.625,-35.075,0.));
#17434=CARTESIAN_POINT('Origin',(54.625,-22.075,0.));
#17435=CARTESIAN_POINT('',(54.625,-22.075,0.));
#17436=CARTESIAN_POINT('',(54.625,-22.075,0.));
#17437=CARTESIAN_POINT('',(54.625,-22.075,1.6));
#17438=CARTESIAN_POINT('',(54.625,-22.075,1.6));
#17439=CARTESIAN_POINT('',(54.625,-22.075,0.));
#17440=CARTESIAN_POINT('Origin',(54.125,-22.075,0.));
#17441=CARTESIAN_POINT('',(54.125,-21.575,0.));
#17442=CARTESIAN_POINT('Origin',(54.125,-22.075,0.));
#17443=CARTESIAN_POINT('',(54.125,-21.575,1.6));
#17444=CARTESIAN_POINT('Origin',(54.125,-22.075,1.6));
#17445=CARTESIAN_POINT('',(54.125,-21.575,0.));
#17446=CARTESIAN_POINT('Origin',(41.125,-21.575,0.));
#17447=CARTESIAN_POINT('',(41.125,-21.575,0.));
#17448=CARTESIAN_POINT('',(41.125,-21.575,0.));
#17449=CARTESIAN_POINT('',(41.125,-21.575,1.6));
#17450=CARTESIAN_POINT('',(41.125,-21.575,1.6));
#17451=CARTESIAN_POINT('',(41.125,-21.575,0.));
#17452=CARTESIAN_POINT('Origin',(41.125,-22.075,0.));
#17453=CARTESIAN_POINT('Origin',(41.125,-22.075,0.));
#17454=CARTESIAN_POINT('Origin',(41.125,-22.075,1.6));
#17455=CARTESIAN_POINT('Origin',(98.275,-81.10625,0.));
#17456=CARTESIAN_POINT('',(98.275,-81.10625,0.));
#17457=CARTESIAN_POINT('',(111.275,-81.10625,0.));
#17458=CARTESIAN_POINT('',(111.275,-81.10625,0.));
#17459=CARTESIAN_POINT('',(111.275,-81.10625,1.6));
#17460=CARTESIAN_POINT('',(111.275,-81.10625,0.));
#17461=CARTESIAN_POINT('',(98.275,-81.10625,1.6));
#17462=CARTESIAN_POINT('',(111.275,-81.10625,1.6));
#17463=CARTESIAN_POINT('',(98.275,-81.10625,0.));
#17464=CARTESIAN_POINT('Origin',(98.275,-81.60625,0.));
#17465=CARTESIAN_POINT('',(97.775,-81.60625,0.));
#17466=CARTESIAN_POINT('Origin',(98.275,-81.60625,0.));
#17467=CARTESIAN_POINT('',(97.775,-81.60625,1.6));
#17468=CARTESIAN_POINT('Origin',(98.275,-81.60625,1.6));
#17469=CARTESIAN_POINT('',(97.775,-81.60625,0.));
#17470=CARTESIAN_POINT('Origin',(97.775,-94.60625,0.));
#17471=CARTESIAN_POINT('',(97.775,-94.60625,0.));
#17472=CARTESIAN_POINT('',(97.775,-81.60625,0.));
#17473=CARTESIAN_POINT('',(97.775,-94.60625,1.6));
#17474=CARTESIAN_POINT('',(97.775,-81.60625,1.6));
#17475=CARTESIAN_POINT('',(97.775,-94.60625,0.));
#17476=CARTESIAN_POINT('Origin',(98.275,-94.60625,0.));
#17477=CARTESIAN_POINT('',(98.275,-95.10625,0.));
#17478=CARTESIAN_POINT('Origin',(98.275,-94.60625,0.));
#17479=CARTESIAN_POINT('',(98.275,-95.10625,1.6));
#17480=CARTESIAN_POINT('Origin',(98.275,-94.60625,1.6));
#17481=CARTESIAN_POINT('',(98.275,-95.10625,0.));
#17482=CARTESIAN_POINT('Origin',(111.275,-95.10625,0.));
#17483=CARTESIAN_POINT('',(111.275,-95.10625,0.));
#17484=CARTESIAN_POINT('',(111.275,-95.10625,0.));
#17485=CARTESIAN_POINT('',(111.275,-95.10625,1.6));
#17486=CARTESIAN_POINT('',(111.275,-95.10625,1.6));
#17487=CARTESIAN_POINT('',(111.275,-95.10625,0.));
#17488=CARTESIAN_POINT('Origin',(111.275,-94.60625,0.));
#17489=CARTESIAN_POINT('',(111.775,-94.60625,0.));
#17490=CARTESIAN_POINT('Origin',(111.275,-94.60625,0.));
#17491=CARTESIAN_POINT('',(111.775,-94.60625,1.6));
#17492=CARTESIAN_POINT('Origin',(111.275,-94.60625,1.6));
#17493=CARTESIAN_POINT('',(111.775,-94.60625,0.));
#17494=CARTESIAN_POINT('Origin',(111.775,-81.60625,0.));
#17495=CARTESIAN_POINT('',(111.775,-81.60625,0.));
#17496=CARTESIAN_POINT('',(111.775,-81.60625,0.));
#17497=CARTESIAN_POINT('',(111.775,-81.60625,1.6));
#17498=CARTESIAN_POINT('',(111.775,-81.60625,1.6));
#17499=CARTESIAN_POINT('',(111.775,-81.60625,0.));
#17500=CARTESIAN_POINT('Origin',(111.275,-81.60625,0.));
#17501=CARTESIAN_POINT('Origin',(111.275,-81.60625,0.));
#17502=CARTESIAN_POINT('Origin',(111.275,-81.60625,1.6));
#17503=CARTESIAN_POINT('Origin',(97.775,-54.125,0.));
#17504=CARTESIAN_POINT('',(97.775,-54.125,0.));
#17505=CARTESIAN_POINT('',(97.775,-41.125,0.));
#17506=CARTESIAN_POINT('',(97.775,-41.125,0.));
#17507=CARTESIAN_POINT('',(97.775,-41.125,1.6));
#17508=CARTESIAN_POINT('',(97.775,-41.125,0.));
#17509=CARTESIAN_POINT('',(97.775,-54.125,1.6));
#17510=CARTESIAN_POINT('',(97.775,-41.125,1.6));
#17511=CARTESIAN_POINT('',(97.775,-54.125,0.));
#17512=CARTESIAN_POINT('Origin',(98.275,-54.125,0.));
#17513=CARTESIAN_POINT('',(98.275,-54.625,0.));
#17514=CARTESIAN_POINT('Origin',(98.275,-54.125,0.));
#17515=CARTESIAN_POINT('',(98.275,-54.625,1.6));
#17516=CARTESIAN_POINT('Origin',(98.275,-54.125,1.6));
#17517=CARTESIAN_POINT('',(98.275,-54.625,0.));
#17518=CARTESIAN_POINT('Origin',(111.275,-54.625,0.));
#17519=CARTESIAN_POINT('',(111.275,-54.625,0.));
#17520=CARTESIAN_POINT('',(98.275,-54.625,0.));
#17521=CARTESIAN_POINT('',(111.275,-54.625,1.6));
#17522=CARTESIAN_POINT('',(98.275,-54.625,1.6));
#17523=CARTESIAN_POINT('',(111.275,-54.625,0.));
#17524=CARTESIAN_POINT('Origin',(111.275,-54.125,0.));
#17525=CARTESIAN_POINT('',(111.775,-54.125,0.));
#17526=CARTESIAN_POINT('Origin',(111.275,-54.125,0.));
#17527=CARTESIAN_POINT('',(111.775,-54.125,1.6));
#17528=CARTESIAN_POINT('Origin',(111.275,-54.125,1.6));
#17529=CARTESIAN_POINT('',(111.775,-54.125,0.));
#17530=CARTESIAN_POINT('Origin',(111.775,-41.125,0.));
#17531=CARTESIAN_POINT('',(111.775,-41.125,0.));
#17532=CARTESIAN_POINT('',(111.775,-41.125,0.));
#17533=CARTESIAN_POINT('',(111.775,-41.125,1.6));
#17534=CARTESIAN_POINT('',(111.775,-41.125,1.6));
#17535=CARTESIAN_POINT('',(111.775,-41.125,0.));
#17536=CARTESIAN_POINT('Origin',(111.275,-41.125,0.));
#17537=CARTESIAN_POINT('',(111.275,-40.625,0.));
#17538=CARTESIAN_POINT('Origin',(111.275,-41.125,0.));
#17539=CARTESIAN_POINT('',(111.275,-40.625,1.6));
#17540=CARTESIAN_POINT('Origin',(111.275,-41.125,1.6));
#17541=CARTESIAN_POINT('',(111.275,-40.625,0.));
#17542=CARTESIAN_POINT('Origin',(98.275,-40.625,0.));
#17543=CARTESIAN_POINT('',(98.275,-40.625,0.));
#17544=CARTESIAN_POINT('',(98.275,-40.625,0.));
#17545=CARTESIAN_POINT('',(98.275,-40.625,1.6));
#17546=CARTESIAN_POINT('',(98.275,-40.625,1.6));
#17547=CARTESIAN_POINT('',(98.275,-40.625,0.));
#17548=CARTESIAN_POINT('Origin',(98.275,-41.125,0.));
#17549=CARTESIAN_POINT('Origin',(98.275,-41.125,0.));
#17550=CARTESIAN_POINT('Origin',(98.275,-41.125,1.6));
#17551=CARTESIAN_POINT('Origin',(97.775,-35.075,0.));
#17552=CARTESIAN_POINT('',(97.775,-35.075,0.));
#17553=CARTESIAN_POINT('',(97.775,-22.075,0.));
#17554=CARTESIAN_POINT('',(97.775,-22.075,0.));
#17555=CARTESIAN_POINT('',(97.775,-22.075,1.6));
#17556=CARTESIAN_POINT('',(97.775,-22.075,0.));
#17557=CARTESIAN_POINT('',(97.775,-35.075,1.6));
#17558=CARTESIAN_POINT('',(97.775,-22.075,1.6));
#17559=CARTESIAN_POINT('',(97.775,-35.075,0.));
#17560=CARTESIAN_POINT('Origin',(98.275,-35.075,0.));
#17561=CARTESIAN_POINT('',(98.275,-35.575,0.));
#17562=CARTESIAN_POINT('Origin',(98.275,-35.075,0.));
#17563=CARTESIAN_POINT('',(98.275,-35.575,1.6));
#17564=CARTESIAN_POINT('Origin',(98.275,-35.075,1.6));
#17565=CARTESIAN_POINT('',(98.275,-35.575,0.));
#17566=CARTESIAN_POINT('Origin',(111.275,-35.575,0.));
#17567=CARTESIAN_POINT('',(111.275,-35.575,0.));
#17568=CARTESIAN_POINT('',(98.275,-35.575,0.));
#17569=CARTESIAN_POINT('',(111.275,-35.575,1.6));
#17570=CARTESIAN_POINT('',(98.275,-35.575,1.6));
#17571=CARTESIAN_POINT('',(111.275,-35.575,0.));
#17572=CARTESIAN_POINT('Origin',(111.275,-35.075,0.));
#17573=CARTESIAN_POINT('',(111.775,-35.075,0.));
#17574=CARTESIAN_POINT('Origin',(111.275,-35.075,0.));
#17575=CARTESIAN_POINT('',(111.775,-35.075,1.6));
#17576=CARTESIAN_POINT('Origin',(111.275,-35.075,1.6));
#17577=CARTESIAN_POINT('',(111.775,-35.075,0.));
#17578=CARTESIAN_POINT('Origin',(111.775,-22.075,0.));
#17579=CARTESIAN_POINT('',(111.775,-22.075,0.));
#17580=CARTESIAN_POINT('',(111.775,-22.075,0.));
#17581=CARTESIAN_POINT('',(111.775,-22.075,1.6));
#17582=CARTESIAN_POINT('',(111.775,-22.075,1.6));
#17583=CARTESIAN_POINT('',(111.775,-22.075,0.));
#17584=CARTESIAN_POINT('Origin',(111.275,-22.075,0.));
#17585=CARTESIAN_POINT('',(111.275,-21.575,0.));
#17586=CARTESIAN_POINT('Origin',(111.275,-22.075,0.));
#17587=CARTESIAN_POINT('',(111.275,-21.575,1.6));
#17588=CARTESIAN_POINT('Origin',(111.275,-22.075,1.6));
#17589=CARTESIAN_POINT('',(111.275,-21.575,0.));
#17590=CARTESIAN_POINT('Origin',(98.275,-21.575,0.));
#17591=CARTESIAN_POINT('',(98.275,-21.575,0.));
#17592=CARTESIAN_POINT('',(98.275,-21.575,0.));
#17593=CARTESIAN_POINT('',(98.275,-21.575,1.6));
#17594=CARTESIAN_POINT('',(98.275,-21.575,1.6));
#17595=CARTESIAN_POINT('',(98.275,-21.575,0.));
#17596=CARTESIAN_POINT('Origin',(98.275,-22.075,0.));
#17597=CARTESIAN_POINT('Origin',(98.275,-22.075,0.));
#17598=CARTESIAN_POINT('Origin',(98.275,-22.075,1.6));
#17599=CARTESIAN_POINT('Origin',(21.575,-35.075,0.));
#17600=CARTESIAN_POINT('',(21.575,-35.075,0.));
#17601=CARTESIAN_POINT('',(21.575,-22.075,0.));
#17602=CARTESIAN_POINT('',(21.575,-22.075,0.));
#17603=CARTESIAN_POINT('',(21.575,-22.075,1.6));
#17604=CARTESIAN_POINT('',(21.575,-22.075,0.));
#17605=CARTESIAN_POINT('',(21.575,-35.075,1.6));
#17606=CARTESIAN_POINT('',(21.575,-22.075,1.6));
#17607=CARTESIAN_POINT('',(21.575,-35.075,0.));
#17608=CARTESIAN_POINT('Origin',(22.075,-35.075,0.));
#17609=CARTESIAN_POINT('',(22.075,-35.575,0.));
#17610=CARTESIAN_POINT('Origin',(22.075,-35.075,0.));
#17611=CARTESIAN_POINT('',(22.075,-35.575,1.6));
#17612=CARTESIAN_POINT('Origin',(22.075,-35.075,1.6));
#17613=CARTESIAN_POINT('',(22.075,-35.575,0.));
#17614=CARTESIAN_POINT('Origin',(35.075,-35.575,0.));
#17615=CARTESIAN_POINT('',(35.075,-35.575,0.));
#17616=CARTESIAN_POINT('',(22.075,-35.575,0.));
#17617=CARTESIAN_POINT('',(35.075,-35.575,1.6));
#17618=CARTESIAN_POINT('',(22.075,-35.575,1.6));
#17619=CARTESIAN_POINT('',(35.075,-35.575,0.));
#17620=CARTESIAN_POINT('Origin',(35.075,-35.075,0.));
#17621=CARTESIAN_POINT('',(35.575,-35.075,0.));
#17622=CARTESIAN_POINT('Origin',(35.075,-35.075,0.));
#17623=CARTESIAN_POINT('',(35.575,-35.075,1.6));
#17624=CARTESIAN_POINT('Origin',(35.075,-35.075,1.6));
#17625=CARTESIAN_POINT('',(35.575,-35.075,0.));
#17626=CARTESIAN_POINT('Origin',(35.575,-22.075,0.));
#17627=CARTESIAN_POINT('',(35.575,-22.075,0.));
#17628=CARTESIAN_POINT('',(35.575,-22.075,0.));
#17629=CARTESIAN_POINT('',(35.575,-22.075,1.6));
#17630=CARTESIAN_POINT('',(35.575,-22.075,1.6));
#17631=CARTESIAN_POINT('',(35.575,-22.075,0.));
#17632=CARTESIAN_POINT('Origin',(35.075,-22.075,0.));
#17633=CARTESIAN_POINT('',(35.075,-21.575,0.));
#17634=CARTESIAN_POINT('Origin',(35.075,-22.075,0.));
#17635=CARTESIAN_POINT('',(35.075,-21.575,1.6));
#17636=CARTESIAN_POINT('Origin',(35.075,-22.075,1.6));
#17637=CARTESIAN_POINT('',(35.075,-21.575,0.));
#17638=CARTESIAN_POINT('Origin',(22.075,-21.575,0.));
#17639=CARTESIAN_POINT('',(22.075,-21.575,0.));
#17640=CARTESIAN_POINT('',(22.075,-21.575,0.));
#17641=CARTESIAN_POINT('',(22.075,-21.575,1.6));
#17642=CARTESIAN_POINT('',(22.075,-21.575,1.6));
#17643=CARTESIAN_POINT('',(22.075,-21.575,0.));
#17644=CARTESIAN_POINT('Origin',(22.075,-22.075,0.));
#17645=CARTESIAN_POINT('Origin',(22.075,-22.075,0.));
#17646=CARTESIAN_POINT('Origin',(22.075,-22.075,1.6));
#17647=CARTESIAN_POINT('Origin',(40.625,-16.025,0.));
#17648=CARTESIAN_POINT('',(40.625,-16.025,0.));
#17649=CARTESIAN_POINT('',(40.625,-3.025,0.));
#17650=CARTESIAN_POINT('',(40.625,-3.025,0.));
#17651=CARTESIAN_POINT('',(40.625,-3.025,1.6));
#17652=CARTESIAN_POINT('',(40.625,-3.025,0.));
#17653=CARTESIAN_POINT('',(40.625,-16.025,1.6));
#17654=CARTESIAN_POINT('',(40.625,-3.025,1.6));
#17655=CARTESIAN_POINT('',(40.625,-16.025,0.));
#17656=CARTESIAN_POINT('Origin',(41.125,-16.025,0.));
#17657=CARTESIAN_POINT('',(41.125,-16.525,0.));
#17658=CARTESIAN_POINT('Origin',(41.125,-16.025,0.));
#17659=CARTESIAN_POINT('',(41.125,-16.525,1.6));
#17660=CARTESIAN_POINT('Origin',(41.125,-16.025,1.6));
#17661=CARTESIAN_POINT('',(41.125,-16.525,0.));
#17662=CARTESIAN_POINT('Origin',(54.125,-16.525,0.));
#17663=CARTESIAN_POINT('',(54.125,-16.525,0.));
#17664=CARTESIAN_POINT('',(41.125,-16.525,0.));
#17665=CARTESIAN_POINT('',(54.125,-16.525,1.6));
#17666=CARTESIAN_POINT('',(41.125,-16.525,1.6));
#17667=CARTESIAN_POINT('',(54.125,-16.525,0.));
#17668=CARTESIAN_POINT('Origin',(54.125,-16.025,0.));
#17669=CARTESIAN_POINT('',(54.625,-16.025,0.));
#17670=CARTESIAN_POINT('Origin',(54.125,-16.025,0.));
#17671=CARTESIAN_POINT('',(54.625,-16.025,1.6));
#17672=CARTESIAN_POINT('Origin',(54.125,-16.025,1.6));
#17673=CARTESIAN_POINT('',(54.625,-16.025,0.));
#17674=CARTESIAN_POINT('Origin',(54.625,-3.025,0.));
#17675=CARTESIAN_POINT('',(54.625,-3.025,0.));
#17676=CARTESIAN_POINT('',(54.625,-3.025,0.));
#17677=CARTESIAN_POINT('',(54.625,-3.025,1.6));
#17678=CARTESIAN_POINT('',(54.625,-3.025,1.6));
#17679=CARTESIAN_POINT('',(54.625,-3.025,0.));
#17680=CARTESIAN_POINT('Origin',(54.125,-3.025,0.));
#17681=CARTESIAN_POINT('',(54.125,-2.525,0.));
#17682=CARTESIAN_POINT('Origin',(54.125,-3.025,0.));
#17683=CARTESIAN_POINT('',(54.125,-2.525,1.6));
#17684=CARTESIAN_POINT('Origin',(54.125,-3.025,1.6));
#17685=CARTESIAN_POINT('',(54.125,-2.525,0.));
#17686=CARTESIAN_POINT('Origin',(41.125,-2.525,0.));
#17687=CARTESIAN_POINT('',(41.125,-2.525,0.));
#17688=CARTESIAN_POINT('',(41.125,-2.525,0.));
#17689=CARTESIAN_POINT('',(41.125,-2.525,1.6));
#17690=CARTESIAN_POINT('',(41.125,-2.525,1.6));
#17691=CARTESIAN_POINT('',(41.125,-2.525,0.));
#17692=CARTESIAN_POINT('Origin',(41.125,-3.025,0.));
#17693=CARTESIAN_POINT('Origin',(41.125,-3.025,0.));
#17694=CARTESIAN_POINT('Origin',(41.125,-3.025,1.6));
#17695=CARTESIAN_POINT('Origin',(116.825,-35.075,0.));
#17696=CARTESIAN_POINT('',(116.825,-35.075,0.));
#17697=CARTESIAN_POINT('',(116.825,-22.075,0.));
#17698=CARTESIAN_POINT('',(116.825,-22.075,0.));
#17699=CARTESIAN_POINT('',(116.825,-22.075,1.6));
#17700=CARTESIAN_POINT('',(116.825,-22.075,0.));
#17701=CARTESIAN_POINT('',(116.825,-35.075,1.6));
#17702=CARTESIAN_POINT('',(116.825,-22.075,1.6));
#17703=CARTESIAN_POINT('',(116.825,-35.075,0.));
#17704=CARTESIAN_POINT('Origin',(117.325,-35.075,0.));
#17705=CARTESIAN_POINT('',(117.325,-35.575,0.));
#17706=CARTESIAN_POINT('Origin',(117.325,-35.075,0.));
#17707=CARTESIAN_POINT('',(117.325,-35.575,1.6));
#17708=CARTESIAN_POINT('Origin',(117.325,-35.075,1.6));
#17709=CARTESIAN_POINT('',(117.325,-35.575,0.));
#17710=CARTESIAN_POINT('Origin',(130.325,-35.575,0.));
#17711=CARTESIAN_POINT('',(130.325,-35.575,0.));
#17712=CARTESIAN_POINT('',(117.325,-35.575,0.));
#17713=CARTESIAN_POINT('',(130.325,-35.575,1.6));
#17714=CARTESIAN_POINT('',(117.325,-35.575,1.6));
#17715=CARTESIAN_POINT('',(130.325,-35.575,0.));
#17716=CARTESIAN_POINT('Origin',(130.325,-35.075,0.));
#17717=CARTESIAN_POINT('',(130.825,-35.075,0.));
#17718=CARTESIAN_POINT('Origin',(130.325,-35.075,0.));
#17719=CARTESIAN_POINT('',(130.825,-35.075,1.6));
#17720=CARTESIAN_POINT('Origin',(130.325,-35.075,1.6));
#17721=CARTESIAN_POINT('',(130.825,-35.075,0.));
#17722=CARTESIAN_POINT('Origin',(130.825,-22.075,0.));
#17723=CARTESIAN_POINT('',(130.825,-22.075,0.));
#17724=CARTESIAN_POINT('',(130.825,-22.075,0.));
#17725=CARTESIAN_POINT('',(130.825,-22.075,1.6));
#17726=CARTESIAN_POINT('',(130.825,-22.075,1.6));
#17727=CARTESIAN_POINT('',(130.825,-22.075,0.));
#17728=CARTESIAN_POINT('Origin',(130.325,-22.075,0.));
#17729=CARTESIAN_POINT('',(130.325,-21.575,0.));
#17730=CARTESIAN_POINT('Origin',(130.325,-22.075,0.));
#17731=CARTESIAN_POINT('',(130.325,-21.575,1.6));
#17732=CARTESIAN_POINT('Origin',(130.325,-22.075,1.6));
#17733=CARTESIAN_POINT('',(130.325,-21.575,0.));
#17734=CARTESIAN_POINT('Origin',(117.325,-21.575,0.));
#17735=CARTESIAN_POINT('',(117.325,-21.575,0.));
#17736=CARTESIAN_POINT('',(117.325,-21.575,0.));
#17737=CARTESIAN_POINT('',(117.325,-21.575,1.6));
#17738=CARTESIAN_POINT('',(117.325,-21.575,1.6));
#17739=CARTESIAN_POINT('',(117.325,-21.575,0.));
#17740=CARTESIAN_POINT('Origin',(117.325,-22.075,0.));
#17741=CARTESIAN_POINT('Origin',(117.325,-22.075,0.));
#17742=CARTESIAN_POINT('Origin',(117.325,-22.075,1.6));
#17743=CARTESIAN_POINT('Origin',(2.525,-73.175,0.));
#17744=CARTESIAN_POINT('',(2.525,-73.175,0.));
#17745=CARTESIAN_POINT('',(2.525,-60.175,0.));
#17746=CARTESIAN_POINT('',(2.525,-60.175,0.));
#17747=CARTESIAN_POINT('',(2.525,-60.175,1.6));
#17748=CARTESIAN_POINT('',(2.525,-60.175,0.));
#17749=CARTESIAN_POINT('',(2.525,-73.175,1.6));
#17750=CARTESIAN_POINT('',(2.525,-60.175,1.6));
#17751=CARTESIAN_POINT('',(2.525,-73.175,0.));
#17752=CARTESIAN_POINT('Origin',(3.025,-73.175,0.));
#17753=CARTESIAN_POINT('',(3.025,-73.675,0.));
#17754=CARTESIAN_POINT('Origin',(3.025,-73.175,0.));
#17755=CARTESIAN_POINT('',(3.025,-73.675,1.6));
#17756=CARTESIAN_POINT('Origin',(3.025,-73.175,1.6));
#17757=CARTESIAN_POINT('',(3.025,-73.675,0.));
#17758=CARTESIAN_POINT('Origin',(16.025,-73.675,0.));
#17759=CARTESIAN_POINT('',(16.025,-73.675,0.));
#17760=CARTESIAN_POINT('',(3.025,-73.675,0.));
#17761=CARTESIAN_POINT('',(16.025,-73.675,1.6));
#17762=CARTESIAN_POINT('',(3.025,-73.675,1.6));
#17763=CARTESIAN_POINT('',(16.025,-73.675,0.));
#17764=CARTESIAN_POINT('Origin',(16.025,-73.175,0.));
#17765=CARTESIAN_POINT('',(16.525,-73.175,0.));
#17766=CARTESIAN_POINT('Origin',(16.025,-73.175,0.));
#17767=CARTESIAN_POINT('',(16.525,-73.175,1.6));
#17768=CARTESIAN_POINT('Origin',(16.025,-73.175,1.6));
#17769=CARTESIAN_POINT('',(16.525,-73.175,0.));
#17770=CARTESIAN_POINT('Origin',(16.525,-60.175,0.));
#17771=CARTESIAN_POINT('',(16.525,-60.175,0.));
#17772=CARTESIAN_POINT('',(16.525,-60.175,0.));
#17773=CARTESIAN_POINT('',(16.525,-60.175,1.6));
#17774=CARTESIAN_POINT('',(16.525,-60.175,1.6));
#17775=CARTESIAN_POINT('',(16.525,-60.175,0.));
#17776=CARTESIAN_POINT('Origin',(16.025,-60.175,0.));
#17777=CARTESIAN_POINT('',(16.025,-59.675,0.));
#17778=CARTESIAN_POINT('Origin',(16.025,-60.175,0.));
#17779=CARTESIAN_POINT('',(16.025,-59.675,1.6));
#17780=CARTESIAN_POINT('Origin',(16.025,-60.175,1.6));
#17781=CARTESIAN_POINT('',(16.025,-59.675,0.));
#17782=CARTESIAN_POINT('Origin',(3.025,-59.675,0.));
#17783=CARTESIAN_POINT('',(3.025,-59.675,0.));
#17784=CARTESIAN_POINT('',(3.025,-59.675,0.));
#17785=CARTESIAN_POINT('',(3.025,-59.675,1.6));
#17786=CARTESIAN_POINT('',(3.025,-59.675,1.6));
#17787=CARTESIAN_POINT('',(3.025,-59.675,0.));
#17788=CARTESIAN_POINT('Origin',(3.025,-60.175,0.));
#17789=CARTESIAN_POINT('Origin',(3.025,-60.175,0.));
#17790=CARTESIAN_POINT('Origin',(3.025,-60.175,1.6));
#17791=CARTESIAN_POINT('Origin',(116.825,-73.175,0.));
#17792=CARTESIAN_POINT('',(116.825,-73.175,0.));
#17793=CARTESIAN_POINT('',(116.825,-60.175,0.));
#17794=CARTESIAN_POINT('',(116.825,-60.175,0.));
#17795=CARTESIAN_POINT('',(116.825,-60.175,1.6));
#17796=CARTESIAN_POINT('',(116.825,-60.175,0.));
#17797=CARTESIAN_POINT('',(116.825,-73.175,1.6));
#17798=CARTESIAN_POINT('',(116.825,-60.175,1.6));
#17799=CARTESIAN_POINT('',(116.825,-73.175,0.));
#17800=CARTESIAN_POINT('Origin',(117.325,-73.175,0.));
#17801=CARTESIAN_POINT('',(117.325,-73.675,0.));
#17802=CARTESIAN_POINT('Origin',(117.325,-73.175,0.));
#17803=CARTESIAN_POINT('',(117.325,-73.675,1.6));
#17804=CARTESIAN_POINT('Origin',(117.325,-73.175,1.6));
#17805=CARTESIAN_POINT('',(117.325,-73.675,0.));
#17806=CARTESIAN_POINT('Origin',(130.325,-73.675,0.));
#17807=CARTESIAN_POINT('',(130.325,-73.675,0.));
#17808=CARTESIAN_POINT('',(117.325,-73.675,0.));
#17809=CARTESIAN_POINT('',(130.325,-73.675,1.6));
#17810=CARTESIAN_POINT('',(117.325,-73.675,1.6));
#17811=CARTESIAN_POINT('',(130.325,-73.675,0.));
#17812=CARTESIAN_POINT('Origin',(130.325,-73.175,0.));
#17813=CARTESIAN_POINT('',(130.825,-73.175,0.));
#17814=CARTESIAN_POINT('Origin',(130.325,-73.175,0.));
#17815=CARTESIAN_POINT('',(130.825,-73.175,1.6));
#17816=CARTESIAN_POINT('Origin',(130.325,-73.175,1.6));
#17817=CARTESIAN_POINT('',(130.825,-73.175,0.));
#17818=CARTESIAN_POINT('Origin',(130.825,-60.175,0.));
#17819=CARTESIAN_POINT('',(130.825,-60.175,0.));
#17820=CARTESIAN_POINT('',(130.825,-60.175,0.));
#17821=CARTESIAN_POINT('',(130.825,-60.175,1.6));
#17822=CARTESIAN_POINT('',(130.825,-60.175,1.6));
#17823=CARTESIAN_POINT('',(130.825,-60.175,0.));
#17824=CARTESIAN_POINT('Origin',(130.325,-60.175,0.));
#17825=CARTESIAN_POINT('',(130.325,-59.675,0.));
#17826=CARTESIAN_POINT('Origin',(130.325,-60.175,0.));
#17827=CARTESIAN_POINT('',(130.325,-59.675,1.6));
#17828=CARTESIAN_POINT('Origin',(130.325,-60.175,1.6));
#17829=CARTESIAN_POINT('',(130.325,-59.675,0.));
#17830=CARTESIAN_POINT('Origin',(117.325,-59.675,0.));
#17831=CARTESIAN_POINT('',(117.325,-59.675,0.));
#17832=CARTESIAN_POINT('',(117.325,-59.675,0.));
#17833=CARTESIAN_POINT('',(117.325,-59.675,1.6));
#17834=CARTESIAN_POINT('',(117.325,-59.675,1.6));
#17835=CARTESIAN_POINT('',(117.325,-59.675,0.));
#17836=CARTESIAN_POINT('Origin',(117.325,-60.175,0.));
#17837=CARTESIAN_POINT('Origin',(117.325,-60.175,0.));
#17838=CARTESIAN_POINT('Origin',(117.325,-60.175,1.6));
#17839=CARTESIAN_POINT('Origin',(116.825,-54.125,0.));
#17840=CARTESIAN_POINT('',(116.825,-54.125,0.));
#17841=CARTESIAN_POINT('',(116.825,-41.125,0.));
#17842=CARTESIAN_POINT('',(116.825,-41.125,0.));
#17843=CARTESIAN_POINT('',(116.825,-41.125,1.6));
#17844=CARTESIAN_POINT('',(116.825,-41.125,0.));
#17845=CARTESIAN_POINT('',(116.825,-54.125,1.6));
#17846=CARTESIAN_POINT('',(116.825,-41.125,1.6));
#17847=CARTESIAN_POINT('',(116.825,-54.125,0.));
#17848=CARTESIAN_POINT('Origin',(117.325,-54.125,0.));
#17849=CARTESIAN_POINT('',(117.325,-54.625,0.));
#17850=CARTESIAN_POINT('Origin',(117.325,-54.125,0.));
#17851=CARTESIAN_POINT('',(117.325,-54.625,1.6));
#17852=CARTESIAN_POINT('Origin',(117.325,-54.125,1.6));
#17853=CARTESIAN_POINT('',(117.325,-54.625,0.));
#17854=CARTESIAN_POINT('Origin',(130.325,-54.625,0.));
#17855=CARTESIAN_POINT('',(130.325,-54.625,0.));
#17856=CARTESIAN_POINT('',(117.325,-54.625,0.));
#17857=CARTESIAN_POINT('',(130.325,-54.625,1.6));
#17858=CARTESIAN_POINT('',(117.325,-54.625,1.6));
#17859=CARTESIAN_POINT('',(130.325,-54.625,0.));
#17860=CARTESIAN_POINT('Origin',(130.325,-54.125,0.));
#17861=CARTESIAN_POINT('',(130.825,-54.125,0.));
#17862=CARTESIAN_POINT('Origin',(130.325,-54.125,0.));
#17863=CARTESIAN_POINT('',(130.825,-54.125,1.6));
#17864=CARTESIAN_POINT('Origin',(130.325,-54.125,1.6));
#17865=CARTESIAN_POINT('',(130.825,-54.125,0.));
#17866=CARTESIAN_POINT('Origin',(130.825,-41.125,0.));
#17867=CARTESIAN_POINT('',(130.825,-41.125,0.));
#17868=CARTESIAN_POINT('',(130.825,-41.125,0.));
#17869=CARTESIAN_POINT('',(130.825,-41.125,1.6));
#17870=CARTESIAN_POINT('',(130.825,-41.125,1.6));
#17871=CARTESIAN_POINT('',(130.825,-41.125,0.));
#17872=CARTESIAN_POINT('Origin',(130.325,-41.125,0.));
#17873=CARTESIAN_POINT('',(130.325,-40.625,0.));
#17874=CARTESIAN_POINT('Origin',(130.325,-41.125,0.));
#17875=CARTESIAN_POINT('',(130.325,-40.625,1.6));
#17876=CARTESIAN_POINT('Origin',(130.325,-41.125,1.6));
#17877=CARTESIAN_POINT('',(130.325,-40.625,0.));
#17878=CARTESIAN_POINT('Origin',(117.325,-40.625,0.));
#17879=CARTESIAN_POINT('',(117.325,-40.625,0.));
#17880=CARTESIAN_POINT('',(117.325,-40.625,0.));
#17881=CARTESIAN_POINT('',(117.325,-40.625,1.6));
#17882=CARTESIAN_POINT('',(117.325,-40.625,1.6));
#17883=CARTESIAN_POINT('',(117.325,-40.625,0.));
#17884=CARTESIAN_POINT('Origin',(117.325,-41.125,0.));
#17885=CARTESIAN_POINT('Origin',(117.325,-41.125,0.));
#17886=CARTESIAN_POINT('Origin',(117.325,-41.125,1.6));
#17887=CARTESIAN_POINT('Origin',(2.525,-54.125,0.));
#17888=CARTESIAN_POINT('',(2.525,-54.125,0.));
#17889=CARTESIAN_POINT('',(2.525,-41.125,0.));
#17890=CARTESIAN_POINT('',(2.525,-41.125,0.));
#17891=CARTESIAN_POINT('',(2.525,-41.125,1.6));
#17892=CARTESIAN_POINT('',(2.525,-41.125,0.));
#17893=CARTESIAN_POINT('',(2.525,-54.125,1.6));
#17894=CARTESIAN_POINT('',(2.525,-41.125,1.6));
#17895=CARTESIAN_POINT('',(2.525,-54.125,0.));
#17896=CARTESIAN_POINT('Origin',(3.025,-54.125,0.));
#17897=CARTESIAN_POINT('',(3.025,-54.625,0.));
#17898=CARTESIAN_POINT('Origin',(3.025,-54.125,0.));
#17899=CARTESIAN_POINT('',(3.025,-54.625,1.6));
#17900=CARTESIAN_POINT('Origin',(3.025,-54.125,1.6));
#17901=CARTESIAN_POINT('',(3.025,-54.625,0.));
#17902=CARTESIAN_POINT('Origin',(16.025,-54.625,0.));
#17903=CARTESIAN_POINT('',(16.025,-54.625,0.));
#17904=CARTESIAN_POINT('',(3.025,-54.625,0.));
#17905=CARTESIAN_POINT('',(16.025,-54.625,1.6));
#17906=CARTESIAN_POINT('',(3.025,-54.625,1.6));
#17907=CARTESIAN_POINT('',(16.025,-54.625,0.));
#17908=CARTESIAN_POINT('Origin',(16.025,-54.125,0.));
#17909=CARTESIAN_POINT('',(16.525,-54.125,0.));
#17910=CARTESIAN_POINT('Origin',(16.025,-54.125,0.));
#17911=CARTESIAN_POINT('',(16.525,-54.125,1.6));
#17912=CARTESIAN_POINT('Origin',(16.025,-54.125,1.6));
#17913=CARTESIAN_POINT('',(16.525,-54.125,0.));
#17914=CARTESIAN_POINT('Origin',(16.525,-41.125,0.));
#17915=CARTESIAN_POINT('',(16.525,-41.125,0.));
#17916=CARTESIAN_POINT('',(16.525,-41.125,0.));
#17917=CARTESIAN_POINT('',(16.525,-41.125,1.6));
#17918=CARTESIAN_POINT('',(16.525,-41.125,1.6));
#17919=CARTESIAN_POINT('',(16.525,-41.125,0.));
#17920=CARTESIAN_POINT('Origin',(16.025,-41.125,0.));
#17921=CARTESIAN_POINT('',(16.025,-40.625,0.));
#17922=CARTESIAN_POINT('Origin',(16.025,-41.125,0.));
#17923=CARTESIAN_POINT('',(16.025,-40.625,1.6));
#17924=CARTESIAN_POINT('Origin',(16.025,-41.125,1.6));
#17925=CARTESIAN_POINT('',(16.025,-40.625,0.));
#17926=CARTESIAN_POINT('Origin',(3.025,-40.625,0.));
#17927=CARTESIAN_POINT('',(3.025,-40.625,0.));
#17928=CARTESIAN_POINT('',(3.025,-40.625,0.));
#17929=CARTESIAN_POINT('',(3.025,-40.625,1.6));
#17930=CARTESIAN_POINT('',(3.025,-40.625,1.6));
#17931=CARTESIAN_POINT('',(3.025,-40.625,0.));
#17932=CARTESIAN_POINT('Origin',(3.025,-41.125,0.));
#17933=CARTESIAN_POINT('Origin',(3.025,-41.125,0.));
#17934=CARTESIAN_POINT('Origin',(3.025,-41.125,1.6));
#17935=CARTESIAN_POINT('Origin',(97.775,-16.025,0.));
#17936=CARTESIAN_POINT('',(97.775,-16.025,0.));
#17937=CARTESIAN_POINT('',(97.775,-3.025,0.));
#17938=CARTESIAN_POINT('',(97.775,-3.025,0.));
#17939=CARTESIAN_POINT('',(97.775,-3.025,1.6));
#17940=CARTESIAN_POINT('',(97.775,-3.025,0.));
#17941=CARTESIAN_POINT('',(97.775,-16.025,1.6));
#17942=CARTESIAN_POINT('',(97.775,-3.025,1.6));
#17943=CARTESIAN_POINT('',(97.775,-16.025,0.));
#17944=CARTESIAN_POINT('Origin',(98.275,-16.025,0.));
#17945=CARTESIAN_POINT('',(98.275,-16.525,0.));
#17946=CARTESIAN_POINT('Origin',(98.275,-16.025,0.));
#17947=CARTESIAN_POINT('',(98.275,-16.525,1.6));
#17948=CARTESIAN_POINT('Origin',(98.275,-16.025,1.6));
#17949=CARTESIAN_POINT('',(98.275,-16.525,0.));
#17950=CARTESIAN_POINT('Origin',(111.275,-16.525,0.));
#17951=CARTESIAN_POINT('',(111.275,-16.525,0.));
#17952=CARTESIAN_POINT('',(98.275,-16.525,0.));
#17953=CARTESIAN_POINT('',(111.275,-16.525,1.6));
#17954=CARTESIAN_POINT('',(98.275,-16.525,1.6));
#17955=CARTESIAN_POINT('',(111.275,-16.525,0.));
#17956=CARTESIAN_POINT('Origin',(111.275,-16.025,0.));
#17957=CARTESIAN_POINT('',(111.775,-16.025,0.));
#17958=CARTESIAN_POINT('Origin',(111.275,-16.025,0.));
#17959=CARTESIAN_POINT('',(111.775,-16.025,1.6));
#17960=CARTESIAN_POINT('Origin',(111.275,-16.025,1.6));
#17961=CARTESIAN_POINT('',(111.775,-16.025,0.));
#17962=CARTESIAN_POINT('Origin',(111.775,-3.025,0.));
#17963=CARTESIAN_POINT('',(111.775,-3.025,0.));
#17964=CARTESIAN_POINT('',(111.775,-3.025,0.));
#17965=CARTESIAN_POINT('',(111.775,-3.025,1.6));
#17966=CARTESIAN_POINT('',(111.775,-3.025,1.6));
#17967=CARTESIAN_POINT('',(111.775,-3.025,0.));
#17968=CARTESIAN_POINT('Origin',(111.275,-3.025,0.));
#17969=CARTESIAN_POINT('',(111.275,-2.52499999999999,0.));
#17970=CARTESIAN_POINT('Origin',(111.275,-3.025,0.));
#17971=CARTESIAN_POINT('',(111.275,-2.525,1.6));
#17972=CARTESIAN_POINT('Origin',(111.275,-3.025,1.6));
#17973=CARTESIAN_POINT('',(111.275,-2.52499999999999,0.));
#17974=CARTESIAN_POINT('Origin',(98.275,-2.525,0.));
#17975=CARTESIAN_POINT('',(98.275,-2.525,0.));
#17976=CARTESIAN_POINT('',(98.275,-2.525,0.));
#17977=CARTESIAN_POINT('',(98.275,-2.525,1.6));
#17978=CARTESIAN_POINT('',(98.275,-2.525,1.6));
#17979=CARTESIAN_POINT('',(98.275,-2.525,0.));
#17980=CARTESIAN_POINT('Origin',(98.275,-3.025,0.));
#17981=CARTESIAN_POINT('Origin',(98.275,-3.025,0.));
#17982=CARTESIAN_POINT('Origin',(98.275,-3.025,1.6));
#17983=CARTESIAN_POINT('Origin',(21.575,-16.025,0.));
#17984=CARTESIAN_POINT('',(21.575,-16.025,0.));
#17985=CARTESIAN_POINT('',(21.575,-3.025,0.));
#17986=CARTESIAN_POINT('',(21.575,-3.025,0.));
#17987=CARTESIAN_POINT('',(21.575,-3.025,1.6));
#17988=CARTESIAN_POINT('',(21.575,-3.025,0.));
#17989=CARTESIAN_POINT('',(21.575,-16.025,1.6));
#17990=CARTESIAN_POINT('',(21.575,-3.025,1.6));
#17991=CARTESIAN_POINT('',(21.575,-16.025,0.));
#17992=CARTESIAN_POINT('Origin',(22.075,-16.025,0.));
#17993=CARTESIAN_POINT('',(22.075,-16.525,0.));
#17994=CARTESIAN_POINT('Origin',(22.075,-16.025,0.));
#17995=CARTESIAN_POINT('',(22.075,-16.525,1.6));
#17996=CARTESIAN_POINT('Origin',(22.075,-16.025,1.6));
#17997=CARTESIAN_POINT('',(22.075,-16.525,0.));
#17998=CARTESIAN_POINT('Origin',(35.075,-16.525,0.));
#17999=CARTESIAN_POINT('',(35.075,-16.525,0.));
#18000=CARTESIAN_POINT('',(22.075,-16.525,0.));
#18001=CARTESIAN_POINT('',(35.075,-16.525,1.6));
#18002=CARTESIAN_POINT('',(22.075,-16.525,1.6));
#18003=CARTESIAN_POINT('',(35.075,-16.525,0.));
#18004=CARTESIAN_POINT('Origin',(35.075,-16.025,0.));
#18005=CARTESIAN_POINT('',(35.575,-16.025,0.));
#18006=CARTESIAN_POINT('Origin',(35.075,-16.025,0.));
#18007=CARTESIAN_POINT('',(35.575,-16.025,1.6));
#18008=CARTESIAN_POINT('Origin',(35.075,-16.025,1.6));
#18009=CARTESIAN_POINT('',(35.575,-16.025,0.));
#18010=CARTESIAN_POINT('Origin',(35.575,-3.025,0.));
#18011=CARTESIAN_POINT('',(35.575,-3.025,0.));
#18012=CARTESIAN_POINT('',(35.575,-3.025,0.));
#18013=CARTESIAN_POINT('',(35.575,-3.025,1.6));
#18014=CARTESIAN_POINT('',(35.575,-3.025,1.6));
#18015=CARTESIAN_POINT('',(35.575,-3.025,0.));
#18016=CARTESIAN_POINT('Origin',(35.075,-3.025,0.));
#18017=CARTESIAN_POINT('',(35.075,-2.525,0.));
#18018=CARTESIAN_POINT('Origin',(35.075,-3.025,0.));
#18019=CARTESIAN_POINT('',(35.075,-2.525,1.6));
#18020=CARTESIAN_POINT('Origin',(35.075,-3.025,1.6));
#18021=CARTESIAN_POINT('',(35.075,-2.525,0.));
#18022=CARTESIAN_POINT('Origin',(22.075,-2.525,0.));
#18023=CARTESIAN_POINT('',(22.075,-2.525,0.));
#18024=CARTESIAN_POINT('',(22.075,-2.525,0.));
#18025=CARTESIAN_POINT('',(22.075,-2.525,1.6));
#18026=CARTESIAN_POINT('',(22.075,-2.525,1.6));
#18027=CARTESIAN_POINT('',(22.075,-2.525,0.));
#18028=CARTESIAN_POINT('Origin',(22.075,-3.025,0.));
#18029=CARTESIAN_POINT('Origin',(22.075,-3.025,0.));
#18030=CARTESIAN_POINT('Origin',(22.075,-3.025,1.6));
#18031=CARTESIAN_POINT('Origin',(59.675,-16.025,0.));
#18032=CARTESIAN_POINT('',(59.675,-16.025,0.));
#18033=CARTESIAN_POINT('',(59.675,-3.025,0.));
#18034=CARTESIAN_POINT('',(59.675,-3.025,0.));
#18035=CARTESIAN_POINT('',(59.675,-3.025,1.6));
#18036=CARTESIAN_POINT('',(59.675,-3.025,0.));
#18037=CARTESIAN_POINT('',(59.675,-16.025,1.6));
#18038=CARTESIAN_POINT('',(59.675,-3.025,1.6));
#18039=CARTESIAN_POINT('',(59.675,-16.025,0.));
#18040=CARTESIAN_POINT('Origin',(60.175,-16.025,0.));
#18041=CARTESIAN_POINT('',(60.175,-16.525,0.));
#18042=CARTESIAN_POINT('Origin',(60.175,-16.025,0.));
#18043=CARTESIAN_POINT('',(60.175,-16.525,1.6));
#18044=CARTESIAN_POINT('Origin',(60.175,-16.025,1.6));
#18045=CARTESIAN_POINT('',(60.175,-16.525,0.));
#18046=CARTESIAN_POINT('Origin',(73.175,-16.525,0.));
#18047=CARTESIAN_POINT('',(73.175,-16.525,0.));
#18048=CARTESIAN_POINT('',(60.175,-16.525,0.));
#18049=CARTESIAN_POINT('',(73.175,-16.525,1.6));
#18050=CARTESIAN_POINT('',(60.175,-16.525,1.6));
#18051=CARTESIAN_POINT('',(73.175,-16.525,0.));
#18052=CARTESIAN_POINT('Origin',(73.175,-16.025,0.));
#18053=CARTESIAN_POINT('',(73.675,-16.025,0.));
#18054=CARTESIAN_POINT('Origin',(73.175,-16.025,0.));
#18055=CARTESIAN_POINT('',(73.675,-16.025,1.6));
#18056=CARTESIAN_POINT('Origin',(73.175,-16.025,1.6));
#18057=CARTESIAN_POINT('',(73.675,-16.025,0.));
#18058=CARTESIAN_POINT('Origin',(73.675,-3.025,0.));
#18059=CARTESIAN_POINT('',(73.675,-3.025,0.));
#18060=CARTESIAN_POINT('',(73.675,-3.025,0.));
#18061=CARTESIAN_POINT('',(73.675,-3.025,1.6));
#18062=CARTESIAN_POINT('',(73.675,-3.025,1.6));
#18063=CARTESIAN_POINT('',(73.675,-3.025,0.));
#18064=CARTESIAN_POINT('Origin',(73.175,-3.025,0.));
#18065=CARTESIAN_POINT('',(73.175,-2.525,0.));
#18066=CARTESIAN_POINT('Origin',(73.175,-3.025,0.));
#18067=CARTESIAN_POINT('',(73.175,-2.525,1.6));
#18068=CARTESIAN_POINT('Origin',(73.175,-3.025,1.6));
#18069=CARTESIAN_POINT('',(73.175,-2.525,0.));
#18070=CARTESIAN_POINT('Origin',(60.175,-2.525,0.));
#18071=CARTESIAN_POINT('',(60.175,-2.525,0.));
#18072=CARTESIAN_POINT('',(60.175,-2.525,0.));
#18073=CARTESIAN_POINT('',(60.175,-2.525,1.6));
#18074=CARTESIAN_POINT('',(60.175,-2.525,1.6));
#18075=CARTESIAN_POINT('',(60.175,-2.525,0.));
#18076=CARTESIAN_POINT('Origin',(60.175,-3.025,0.));
#18077=CARTESIAN_POINT('Origin',(60.175,-3.025,0.));
#18078=CARTESIAN_POINT('Origin',(60.175,-3.025,1.6));
#18079=CARTESIAN_POINT('Origin',(59.675,-73.175,0.));
#18080=CARTESIAN_POINT('',(59.675,-73.175,0.));
#18081=CARTESIAN_POINT('',(59.675,-60.175,0.));
#18082=CARTESIAN_POINT('',(59.675,-60.175,0.));
#18083=CARTESIAN_POINT('',(59.675,-60.175,1.6));
#18084=CARTESIAN_POINT('',(59.675,-60.175,0.));
#18085=CARTESIAN_POINT('',(59.675,-73.175,1.6));
#18086=CARTESIAN_POINT('',(59.675,-60.175,1.6));
#18087=CARTESIAN_POINT('',(59.675,-73.175,0.));
#18088=CARTESIAN_POINT('Origin',(60.175,-73.175,0.));
#18089=CARTESIAN_POINT('',(60.175,-73.675,0.));
#18090=CARTESIAN_POINT('Origin',(60.175,-73.175,0.));
#18091=CARTESIAN_POINT('',(60.175,-73.675,1.6));
#18092=CARTESIAN_POINT('Origin',(60.175,-73.175,1.6));
#18093=CARTESIAN_POINT('',(60.175,-73.675,0.));
#18094=CARTESIAN_POINT('Origin',(73.175,-73.675,0.));
#18095=CARTESIAN_POINT('',(73.175,-73.675,0.));
#18096=CARTESIAN_POINT('',(60.175,-73.675,0.));
#18097=CARTESIAN_POINT('',(73.175,-73.675,1.6));
#18098=CARTESIAN_POINT('',(60.175,-73.675,1.6));
#18099=CARTESIAN_POINT('',(73.175,-73.675,0.));
#18100=CARTESIAN_POINT('Origin',(73.175,-73.175,0.));
#18101=CARTESIAN_POINT('',(73.675,-73.175,0.));
#18102=CARTESIAN_POINT('Origin',(73.175,-73.175,0.));
#18103=CARTESIAN_POINT('',(73.675,-73.175,1.6));
#18104=CARTESIAN_POINT('Origin',(73.175,-73.175,1.6));
#18105=CARTESIAN_POINT('',(73.675,-73.175,0.));
#18106=CARTESIAN_POINT('Origin',(73.675,-60.175,0.));
#18107=CARTESIAN_POINT('',(73.675,-60.175,0.));
#18108=CARTESIAN_POINT('',(73.675,-60.175,0.));
#18109=CARTESIAN_POINT('',(73.675,-60.175,1.6));
#18110=CARTESIAN_POINT('',(73.675,-60.175,1.6));
#18111=CARTESIAN_POINT('',(73.675,-60.175,0.));
#18112=CARTESIAN_POINT('Origin',(73.175,-60.175,0.));
#18113=CARTESIAN_POINT('',(73.175,-59.675,0.));
#18114=CARTESIAN_POINT('Origin',(73.175,-60.175,0.));
#18115=CARTESIAN_POINT('',(73.175,-59.675,1.6));
#18116=CARTESIAN_POINT('Origin',(73.175,-60.175,1.6));
#18117=CARTESIAN_POINT('',(73.175,-59.675,0.));
#18118=CARTESIAN_POINT('Origin',(60.175,-59.675,0.));
#18119=CARTESIAN_POINT('',(60.175,-59.675,0.));
#18120=CARTESIAN_POINT('',(60.175,-59.675,0.));
#18121=CARTESIAN_POINT('',(60.175,-59.675,1.6));
#18122=CARTESIAN_POINT('',(60.175,-59.675,1.6));
#18123=CARTESIAN_POINT('',(60.175,-59.675,0.));
#18124=CARTESIAN_POINT('Origin',(60.175,-60.175,0.));
#18125=CARTESIAN_POINT('Origin',(60.175,-60.175,0.));
#18126=CARTESIAN_POINT('Origin',(60.175,-60.175,1.6));
#18127=CARTESIAN_POINT('Origin',(78.725,-54.125,0.));
#18128=CARTESIAN_POINT('',(78.725,-54.125,0.));
#18129=CARTESIAN_POINT('',(78.725,-41.125,0.));
#18130=CARTESIAN_POINT('',(78.725,-41.125,0.));
#18131=CARTESIAN_POINT('',(78.725,-41.125,1.6));
#18132=CARTESIAN_POINT('',(78.725,-41.125,0.));
#18133=CARTESIAN_POINT('',(78.725,-54.125,1.6));
#18134=CARTESIAN_POINT('',(78.725,-41.125,1.6));
#18135=CARTESIAN_POINT('',(78.725,-54.125,0.));
#18136=CARTESIAN_POINT('Origin',(79.225,-54.125,0.));
#18137=CARTESIAN_POINT('',(79.225,-54.625,0.));
#18138=CARTESIAN_POINT('Origin',(79.225,-54.125,0.));
#18139=CARTESIAN_POINT('',(79.225,-54.625,1.6));
#18140=CARTESIAN_POINT('Origin',(79.225,-54.125,1.6));
#18141=CARTESIAN_POINT('',(79.225,-54.625,0.));
#18142=CARTESIAN_POINT('Origin',(92.225,-54.625,0.));
#18143=CARTESIAN_POINT('',(92.225,-54.625,0.));
#18144=CARTESIAN_POINT('',(79.225,-54.625,0.));
#18145=CARTESIAN_POINT('',(92.225,-54.625,1.6));
#18146=CARTESIAN_POINT('',(79.225,-54.625,1.6));
#18147=CARTESIAN_POINT('',(92.225,-54.625,0.));
#18148=CARTESIAN_POINT('Origin',(92.225,-54.125,0.));
#18149=CARTESIAN_POINT('',(92.725,-54.125,0.));
#18150=CARTESIAN_POINT('Origin',(92.225,-54.125,0.));
#18151=CARTESIAN_POINT('',(92.725,-54.125,1.6));
#18152=CARTESIAN_POINT('Origin',(92.225,-54.125,1.6));
#18153=CARTESIAN_POINT('',(92.725,-54.125,0.));
#18154=CARTESIAN_POINT('Origin',(92.725,-41.125,0.));
#18155=CARTESIAN_POINT('',(92.725,-41.125,0.));
#18156=CARTESIAN_POINT('',(92.725,-41.125,0.));
#18157=CARTESIAN_POINT('',(92.725,-41.125,1.6));
#18158=CARTESIAN_POINT('',(92.725,-41.125,1.6));
#18159=CARTESIAN_POINT('',(92.725,-41.125,0.));
#18160=CARTESIAN_POINT('Origin',(92.225,-41.125,0.));
#18161=CARTESIAN_POINT('',(92.225,-40.625,0.));
#18162=CARTESIAN_POINT('Origin',(92.225,-41.125,0.));
#18163=CARTESIAN_POINT('',(92.225,-40.625,1.6));
#18164=CARTESIAN_POINT('Origin',(92.225,-41.125,1.6));
#18165=CARTESIAN_POINT('',(92.225,-40.625,0.));
#18166=CARTESIAN_POINT('Origin',(79.225,-40.625,0.));
#18167=CARTESIAN_POINT('',(79.225,-40.625,0.));
#18168=CARTESIAN_POINT('',(79.225,-40.625,0.));
#18169=CARTESIAN_POINT('',(79.225,-40.625,1.6));
#18170=CARTESIAN_POINT('',(79.225,-40.625,1.6));
#18171=CARTESIAN_POINT('',(79.225,-40.625,0.));
#18172=CARTESIAN_POINT('Origin',(79.225,-41.125,0.));
#18173=CARTESIAN_POINT('Origin',(79.225,-41.125,0.));
#18174=CARTESIAN_POINT('Origin',(79.225,-41.125,1.6));
#18175=CARTESIAN_POINT('Origin',(78.725,-16.025,0.));
#18176=CARTESIAN_POINT('',(78.725,-16.025,0.));
#18177=CARTESIAN_POINT('',(78.725,-3.025,0.));
#18178=CARTESIAN_POINT('',(78.725,-3.025,0.));
#18179=CARTESIAN_POINT('',(78.725,-3.025,1.6));
#18180=CARTESIAN_POINT('',(78.725,-3.025,0.));
#18181=CARTESIAN_POINT('',(78.725,-16.025,1.6));
#18182=CARTESIAN_POINT('',(78.725,-3.025,1.6));
#18183=CARTESIAN_POINT('',(78.725,-16.025,0.));
#18184=CARTESIAN_POINT('Origin',(79.225,-16.025,0.));
#18185=CARTESIAN_POINT('',(79.225,-16.525,0.));
#18186=CARTESIAN_POINT('Origin',(79.225,-16.025,0.));
#18187=CARTESIAN_POINT('',(79.225,-16.525,1.6));
#18188=CARTESIAN_POINT('Origin',(79.225,-16.025,1.6));
#18189=CARTESIAN_POINT('',(79.225,-16.525,0.));
#18190=CARTESIAN_POINT('Origin',(92.225,-16.525,0.));
#18191=CARTESIAN_POINT('',(92.225,-16.525,0.));
#18192=CARTESIAN_POINT('',(79.225,-16.525,0.));
#18193=CARTESIAN_POINT('',(92.225,-16.525,1.6));
#18194=CARTESIAN_POINT('',(79.225,-16.525,1.6));
#18195=CARTESIAN_POINT('',(92.225,-16.525,0.));
#18196=CARTESIAN_POINT('Origin',(92.225,-16.025,0.));
#18197=CARTESIAN_POINT('',(92.725,-16.025,0.));
#18198=CARTESIAN_POINT('Origin',(92.225,-16.025,0.));
#18199=CARTESIAN_POINT('',(92.725,-16.025,1.6));
#18200=CARTESIAN_POINT('Origin',(92.225,-16.025,1.6));
#18201=CARTESIAN_POINT('',(92.725,-16.025,0.));
#18202=CARTESIAN_POINT('Origin',(92.725,-3.025,0.));
#18203=CARTESIAN_POINT('',(92.725,-3.025,0.));
#18204=CARTESIAN_POINT('',(92.725,-3.025,0.));
#18205=CARTESIAN_POINT('',(92.725,-3.025,1.6));
#18206=CARTESIAN_POINT('',(92.725,-3.025,1.6));
#18207=CARTESIAN_POINT('',(92.725,-3.025,0.));
#18208=CARTESIAN_POINT('Origin',(92.225,-3.025,0.));
#18209=CARTESIAN_POINT('',(92.225,-2.52500000000001,0.));
#18210=CARTESIAN_POINT('Origin',(92.225,-3.025,0.));
#18211=CARTESIAN_POINT('',(92.225,-2.52500000000001,1.6));
#18212=CARTESIAN_POINT('Origin',(92.225,-3.025,1.6));
#18213=CARTESIAN_POINT('',(92.225,-2.52500000000001,0.));
#18214=CARTESIAN_POINT('Origin',(79.225,-2.525,0.));
#18215=CARTESIAN_POINT('',(79.225,-2.525,0.));
#18216=CARTESIAN_POINT('',(79.225,-2.525,0.));
#18217=CARTESIAN_POINT('',(79.225,-2.525,1.6));
#18218=CARTESIAN_POINT('',(79.225,-2.525,1.6));
#18219=CARTESIAN_POINT('',(79.225,-2.525,0.));
#18220=CARTESIAN_POINT('Origin',(79.225,-3.025,0.));
#18221=CARTESIAN_POINT('Origin',(79.225,-3.025,0.));
#18222=CARTESIAN_POINT('Origin',(79.225,-3.025,1.6));
#18223=CARTESIAN_POINT('Origin',(116.825,-16.025,0.));
#18224=CARTESIAN_POINT('',(116.825,-16.025,0.));
#18225=CARTESIAN_POINT('',(116.825,-3.025,0.));
#18226=CARTESIAN_POINT('',(116.825,-3.025,0.));
#18227=CARTESIAN_POINT('',(116.825,-3.025,1.6));
#18228=CARTESIAN_POINT('',(116.825,-3.025,0.));
#18229=CARTESIAN_POINT('',(116.825,-16.025,1.6));
#18230=CARTESIAN_POINT('',(116.825,-3.025,1.6));
#18231=CARTESIAN_POINT('',(116.825,-16.025,0.));
#18232=CARTESIAN_POINT('Origin',(117.325,-16.025,0.));
#18233=CARTESIAN_POINT('',(117.325,-16.525,0.));
#18234=CARTESIAN_POINT('Origin',(117.325,-16.025,0.));
#18235=CARTESIAN_POINT('',(117.325,-16.525,1.6));
#18236=CARTESIAN_POINT('Origin',(117.325,-16.025,1.6));
#18237=CARTESIAN_POINT('',(117.325,-16.525,0.));
#18238=CARTESIAN_POINT('Origin',(130.325,-16.525,0.));
#18239=CARTESIAN_POINT('',(130.325,-16.525,0.));
#18240=CARTESIAN_POINT('',(117.325,-16.525,0.));
#18241=CARTESIAN_POINT('',(130.325,-16.525,1.6));
#18242=CARTESIAN_POINT('',(117.325,-16.525,1.6));
#18243=CARTESIAN_POINT('',(130.325,-16.525,0.));
#18244=CARTESIAN_POINT('Origin',(130.325,-16.025,0.));
#18245=CARTESIAN_POINT('',(130.825,-16.025,0.));
#18246=CARTESIAN_POINT('Origin',(130.325,-16.025,0.));
#18247=CARTESIAN_POINT('',(130.825,-16.025,1.6));
#18248=CARTESIAN_POINT('Origin',(130.325,-16.025,1.6));
#18249=CARTESIAN_POINT('',(130.825,-16.025,0.));
#18250=CARTESIAN_POINT('Origin',(130.825,-3.025,0.));
#18251=CARTESIAN_POINT('',(130.825,-3.025,0.));
#18252=CARTESIAN_POINT('',(130.825,-3.025,0.));
#18253=CARTESIAN_POINT('',(130.825,-3.025,1.6));
#18254=CARTESIAN_POINT('',(130.825,-3.025,1.6));
#18255=CARTESIAN_POINT('',(130.825,-3.025,0.));
#18256=CARTESIAN_POINT('Origin',(130.325,-3.025,0.));
#18257=CARTESIAN_POINT('',(130.325,-2.52499999999999,0.));
#18258=CARTESIAN_POINT('Origin',(130.325,-3.025,0.));
#18259=CARTESIAN_POINT('',(130.325,-2.525,1.6));
#18260=CARTESIAN_POINT('Origin',(130.325,-3.025,1.6));
#18261=CARTESIAN_POINT('',(130.325,-2.52499999999999,0.));
#18262=CARTESIAN_POINT('Origin',(117.325,-2.525,0.));
#18263=CARTESIAN_POINT('',(117.325,-2.525,0.));
#18264=CARTESIAN_POINT('',(117.325,-2.525,0.));
#18265=CARTESIAN_POINT('',(117.325,-2.525,1.6));
#18266=CARTESIAN_POINT('',(117.325,-2.525,1.6));
#18267=CARTESIAN_POINT('',(117.325,-2.525,0.));
#18268=CARTESIAN_POINT('Origin',(117.325,-3.025,0.));
#18269=CARTESIAN_POINT('Origin',(117.325,-3.025,0.));
#18270=CARTESIAN_POINT('Origin',(117.325,-3.025,1.6));
#18271=CARTESIAN_POINT('Origin',(2.525,-35.075,0.));
#18272=CARTESIAN_POINT('',(2.525,-35.075,0.));
#18273=CARTESIAN_POINT('',(2.525,-22.075,0.));
#18274=CARTESIAN_POINT('',(2.525,-22.075,0.));
#18275=CARTESIAN_POINT('',(2.525,-22.075,1.6));
#18276=CARTESIAN_POINT('',(2.525,-22.075,0.));
#18277=CARTESIAN_POINT('',(2.525,-35.075,1.6));
#18278=CARTESIAN_POINT('',(2.525,-22.075,1.6));
#18279=CARTESIAN_POINT('',(2.525,-35.075,0.));
#18280=CARTESIAN_POINT('Origin',(3.025,-35.075,0.));
#18281=CARTESIAN_POINT('',(3.025,-35.575,0.));
#18282=CARTESIAN_POINT('Origin',(3.025,-35.075,0.));
#18283=CARTESIAN_POINT('',(3.025,-35.575,1.6));
#18284=CARTESIAN_POINT('Origin',(3.025,-35.075,1.6));
#18285=CARTESIAN_POINT('',(3.025,-35.575,0.));
#18286=CARTESIAN_POINT('Origin',(16.025,-35.575,0.));
#18287=CARTESIAN_POINT('',(16.025,-35.575,0.));
#18288=CARTESIAN_POINT('',(3.025,-35.575,0.));
#18289=CARTESIAN_POINT('',(16.025,-35.575,1.6));
#18290=CARTESIAN_POINT('',(3.025,-35.575,1.6));
#18291=CARTESIAN_POINT('',(16.025,-35.575,0.));
#18292=CARTESIAN_POINT('Origin',(16.025,-35.075,0.));
#18293=CARTESIAN_POINT('',(16.525,-35.075,0.));
#18294=CARTESIAN_POINT('Origin',(16.025,-35.075,0.));
#18295=CARTESIAN_POINT('',(16.525,-35.075,1.6));
#18296=CARTESIAN_POINT('Origin',(16.025,-35.075,1.6));
#18297=CARTESIAN_POINT('',(16.525,-35.075,0.));
#18298=CARTESIAN_POINT('Origin',(16.525,-22.075,0.));
#18299=CARTESIAN_POINT('',(16.525,-22.075,0.));
#18300=CARTESIAN_POINT('',(16.525,-22.075,0.));
#18301=CARTESIAN_POINT('',(16.525,-22.075,1.6));
#18302=CARTESIAN_POINT('',(16.525,-22.075,1.6));
#18303=CARTESIAN_POINT('',(16.525,-22.075,0.));
#18304=CARTESIAN_POINT('Origin',(16.025,-22.075,0.));
#18305=CARTESIAN_POINT('',(16.025,-21.575,0.));
#18306=CARTESIAN_POINT('Origin',(16.025,-22.075,0.));
#18307=CARTESIAN_POINT('',(16.025,-21.575,1.6));
#18308=CARTESIAN_POINT('Origin',(16.025,-22.075,1.6));
#18309=CARTESIAN_POINT('',(16.025,-21.575,0.));
#18310=CARTESIAN_POINT('Origin',(3.025,-21.575,0.));
#18311=CARTESIAN_POINT('',(3.025,-21.575,0.));
#18312=CARTESIAN_POINT('',(3.025,-21.575,0.));
#18313=CARTESIAN_POINT('',(3.025,-21.575,1.6));
#18314=CARTESIAN_POINT('',(3.025,-21.575,1.6));
#18315=CARTESIAN_POINT('',(3.025,-21.575,0.));
#18316=CARTESIAN_POINT('Origin',(3.025,-22.075,0.));
#18317=CARTESIAN_POINT('Origin',(3.025,-22.075,0.));
#18318=CARTESIAN_POINT('Origin',(3.025,-22.075,1.6));
#18319=CARTESIAN_POINT('Origin',(21.575,-54.125,0.));
#18320=CARTESIAN_POINT('',(21.575,-54.125,0.));
#18321=CARTESIAN_POINT('',(21.575,-41.125,0.));
#18322=CARTESIAN_POINT('',(21.575,-41.125,0.));
#18323=CARTESIAN_POINT('',(21.575,-41.125,1.6));
#18324=CARTESIAN_POINT('',(21.575,-41.125,0.));
#18325=CARTESIAN_POINT('',(21.575,-54.125,1.6));
#18326=CARTESIAN_POINT('',(21.575,-41.125,1.6));
#18327=CARTESIAN_POINT('',(21.575,-54.125,0.));
#18328=CARTESIAN_POINT('Origin',(22.075,-54.125,0.));
#18329=CARTESIAN_POINT('',(22.075,-54.625,0.));
#18330=CARTESIAN_POINT('Origin',(22.075,-54.125,0.));
#18331=CARTESIAN_POINT('',(22.075,-54.625,1.6));
#18332=CARTESIAN_POINT('Origin',(22.075,-54.125,1.6));
#18333=CARTESIAN_POINT('',(22.075,-54.625,0.));
#18334=CARTESIAN_POINT('Origin',(35.075,-54.625,0.));
#18335=CARTESIAN_POINT('',(35.075,-54.625,0.));
#18336=CARTESIAN_POINT('',(22.075,-54.625,0.));
#18337=CARTESIAN_POINT('',(35.075,-54.625,1.6));
#18338=CARTESIAN_POINT('',(22.075,-54.625,1.6));
#18339=CARTESIAN_POINT('',(35.075,-54.625,0.));
#18340=CARTESIAN_POINT('Origin',(35.075,-54.125,0.));
#18341=CARTESIAN_POINT('',(35.575,-54.125,0.));
#18342=CARTESIAN_POINT('Origin',(35.075,-54.125,0.));
#18343=CARTESIAN_POINT('',(35.575,-54.125,1.6));
#18344=CARTESIAN_POINT('Origin',(35.075,-54.125,1.6));
#18345=CARTESIAN_POINT('',(35.575,-54.125,0.));
#18346=CARTESIAN_POINT('Origin',(35.575,-41.125,0.));
#18347=CARTESIAN_POINT('',(35.575,-41.125,0.));
#18348=CARTESIAN_POINT('',(35.575,-41.125,0.));
#18349=CARTESIAN_POINT('',(35.575,-41.125,1.6));
#18350=CARTESIAN_POINT('',(35.575,-41.125,1.6));
#18351=CARTESIAN_POINT('',(35.575,-41.125,0.));
#18352=CARTESIAN_POINT('Origin',(35.075,-41.125,0.));
#18353=CARTESIAN_POINT('',(35.075,-40.625,0.));
#18354=CARTESIAN_POINT('Origin',(35.075,-41.125,0.));
#18355=CARTESIAN_POINT('',(35.075,-40.625,1.6));
#18356=CARTESIAN_POINT('Origin',(35.075,-41.125,1.6));
#18357=CARTESIAN_POINT('',(35.075,-40.625,0.));
#18358=CARTESIAN_POINT('Origin',(22.075,-40.625,0.));
#18359=CARTESIAN_POINT('',(22.075,-40.625,0.));
#18360=CARTESIAN_POINT('',(22.075,-40.625,0.));
#18361=CARTESIAN_POINT('',(22.075,-40.625,1.6));
#18362=CARTESIAN_POINT('',(22.075,-40.625,1.6));
#18363=CARTESIAN_POINT('',(22.075,-40.625,0.));
#18364=CARTESIAN_POINT('Origin',(22.075,-41.125,0.));
#18365=CARTESIAN_POINT('Origin',(22.075,-41.125,0.));
#18366=CARTESIAN_POINT('Origin',(22.075,-41.125,1.6));
#18367=CARTESIAN_POINT('Origin',(117.325,-81.10625,0.));
#18368=CARTESIAN_POINT('',(117.325,-81.10625,0.));
#18369=CARTESIAN_POINT('',(130.325,-81.10625,0.));
#18370=CARTESIAN_POINT('',(130.325,-81.10625,0.));
#18371=CARTESIAN_POINT('',(130.325,-81.10625,1.6));
#18372=CARTESIAN_POINT('',(130.325,-81.10625,0.));
#18373=CARTESIAN_POINT('',(117.325,-81.10625,1.6));
#18374=CARTESIAN_POINT('',(130.325,-81.10625,1.6));
#18375=CARTESIAN_POINT('',(117.325,-81.10625,0.));
#18376=CARTESIAN_POINT('Origin',(117.325,-81.60625,0.));
#18377=CARTESIAN_POINT('',(116.825,-81.60625,0.));
#18378=CARTESIAN_POINT('Origin',(117.325,-81.60625,0.));
#18379=CARTESIAN_POINT('',(116.825,-81.60625,1.6));
#18380=CARTESIAN_POINT('Origin',(117.325,-81.60625,1.6));
#18381=CARTESIAN_POINT('',(116.825,-81.60625,0.));
#18382=CARTESIAN_POINT('Origin',(116.825,-94.60625,0.));
#18383=CARTESIAN_POINT('',(116.825,-94.60625,0.));
#18384=CARTESIAN_POINT('',(116.825,-81.60625,0.));
#18385=CARTESIAN_POINT('',(116.825,-94.60625,1.6));
#18386=CARTESIAN_POINT('',(116.825,-81.60625,1.6));
#18387=CARTESIAN_POINT('',(116.825,-94.60625,0.));
#18388=CARTESIAN_POINT('Origin',(117.325,-94.60625,0.));
#18389=CARTESIAN_POINT('',(117.325,-95.10625,0.));
#18390=CARTESIAN_POINT('Origin',(117.325,-94.60625,0.));
#18391=CARTESIAN_POINT('',(117.325,-95.10625,1.6));
#18392=CARTESIAN_POINT('Origin',(117.325,-94.60625,1.6));
#18393=CARTESIAN_POINT('',(117.325,-95.10625,0.));
#18394=CARTESIAN_POINT('Origin',(130.325,-95.10625,0.));
#18395=CARTESIAN_POINT('',(130.325,-95.10625,0.));
#18396=CARTESIAN_POINT('',(130.325,-95.10625,0.));
#18397=CARTESIAN_POINT('',(130.325,-95.10625,1.6));
#18398=CARTESIAN_POINT('',(130.325,-95.10625,1.6));
#18399=CARTESIAN_POINT('',(130.325,-95.10625,0.));
#18400=CARTESIAN_POINT('Origin',(130.325,-94.60625,0.));
#18401=CARTESIAN_POINT('',(130.825,-94.60625,0.));
#18402=CARTESIAN_POINT('Origin',(130.325,-94.60625,0.));
#18403=CARTESIAN_POINT('',(130.825,-94.60625,1.6));
#18404=CARTESIAN_POINT('Origin',(130.325,-94.60625,1.6));
#18405=CARTESIAN_POINT('',(130.825,-94.60625,0.));
#18406=CARTESIAN_POINT('Origin',(130.825,-81.60625,0.));
#18407=CARTESIAN_POINT('',(130.825,-81.60625,0.));
#18408=CARTESIAN_POINT('',(130.825,-81.60625,0.));
#18409=CARTESIAN_POINT('',(130.825,-81.60625,1.6));
#18410=CARTESIAN_POINT('',(130.825,-81.60625,1.6));
#18411=CARTESIAN_POINT('',(130.825,-81.60625,0.));
#18412=CARTESIAN_POINT('Origin',(130.325,-81.60625,0.));
#18413=CARTESIAN_POINT('Origin',(130.325,-81.60625,0.));
#18414=CARTESIAN_POINT('Origin',(130.325,-81.60625,1.6));
#18415=CARTESIAN_POINT('Origin',(78.725,-35.075,0.));
#18416=CARTESIAN_POINT('',(78.725,-35.075,0.));
#18417=CARTESIAN_POINT('',(78.725,-22.075,0.));
#18418=CARTESIAN_POINT('',(78.725,-22.075,0.));
#18419=CARTESIAN_POINT('',(78.725,-22.075,1.6));
#18420=CARTESIAN_POINT('',(78.725,-22.075,0.));
#18421=CARTESIAN_POINT('',(78.725,-35.075,1.6));
#18422=CARTESIAN_POINT('',(78.725,-22.075,1.6));
#18423=CARTESIAN_POINT('',(78.725,-35.075,0.));
#18424=CARTESIAN_POINT('Origin',(79.225,-35.075,0.));
#18425=CARTESIAN_POINT('',(79.225,-35.575,0.));
#18426=CARTESIAN_POINT('Origin',(79.225,-35.075,0.));
#18427=CARTESIAN_POINT('',(79.225,-35.575,1.6));
#18428=CARTESIAN_POINT('Origin',(79.225,-35.075,1.6));
#18429=CARTESIAN_POINT('',(79.225,-35.575,0.));
#18430=CARTESIAN_POINT('Origin',(92.225,-35.575,0.));
#18431=CARTESIAN_POINT('',(92.225,-35.575,0.));
#18432=CARTESIAN_POINT('',(79.225,-35.575,0.));
#18433=CARTESIAN_POINT('',(92.225,-35.575,1.6));
#18434=CARTESIAN_POINT('',(79.225,-35.575,1.6));
#18435=CARTESIAN_POINT('',(92.225,-35.575,0.));
#18436=CARTESIAN_POINT('Origin',(92.225,-35.075,0.));
#18437=CARTESIAN_POINT('',(92.725,-35.075,0.));
#18438=CARTESIAN_POINT('Origin',(92.225,-35.075,0.));
#18439=CARTESIAN_POINT('',(92.725,-35.075,1.6));
#18440=CARTESIAN_POINT('Origin',(92.225,-35.075,1.6));
#18441=CARTESIAN_POINT('',(92.725,-35.075,0.));
#18442=CARTESIAN_POINT('Origin',(92.725,-22.075,0.));
#18443=CARTESIAN_POINT('',(92.725,-22.075,0.));
#18444=CARTESIAN_POINT('',(92.725,-22.075,0.));
#18445=CARTESIAN_POINT('',(92.725,-22.075,1.6));
#18446=CARTESIAN_POINT('',(92.725,-22.075,1.6));
#18447=CARTESIAN_POINT('',(92.725,-22.075,0.));
#18448=CARTESIAN_POINT('Origin',(92.225,-22.075,0.));
#18449=CARTESIAN_POINT('',(92.225,-21.575,0.));
#18450=CARTESIAN_POINT('Origin',(92.225,-22.075,0.));
#18451=CARTESIAN_POINT('',(92.225,-21.575,1.6));
#18452=CARTESIAN_POINT('Origin',(92.225,-22.075,1.6));
#18453=CARTESIAN_POINT('',(92.225,-21.575,0.));
#18454=CARTESIAN_POINT('Origin',(79.225,-21.575,0.));
#18455=CARTESIAN_POINT('',(79.225,-21.575,0.));
#18456=CARTESIAN_POINT('',(79.225,-21.575,0.));
#18457=CARTESIAN_POINT('',(79.225,-21.575,1.6));
#18458=CARTESIAN_POINT('',(79.225,-21.575,1.6));
#18459=CARTESIAN_POINT('',(79.225,-21.575,0.));
#18460=CARTESIAN_POINT('Origin',(79.225,-22.075,0.));
#18461=CARTESIAN_POINT('Origin',(79.225,-22.075,0.));
#18462=CARTESIAN_POINT('Origin',(79.225,-22.075,1.6));
#18463=CARTESIAN_POINT('Origin',(78.725,-73.175,0.));
#18464=CARTESIAN_POINT('',(78.725,-73.175,0.));
#18465=CARTESIAN_POINT('',(78.725,-60.175,0.));
#18466=CARTESIAN_POINT('',(78.725,-60.175,0.));
#18467=CARTESIAN_POINT('',(78.725,-60.175,1.6));
#18468=CARTESIAN_POINT('',(78.725,-60.175,0.));
#18469=CARTESIAN_POINT('',(78.725,-73.175,1.6));
#18470=CARTESIAN_POINT('',(78.725,-60.175,1.6));
#18471=CARTESIAN_POINT('',(78.725,-73.175,0.));
#18472=CARTESIAN_POINT('Origin',(79.225,-73.175,0.));
#18473=CARTESIAN_POINT('',(79.225,-73.675,0.));
#18474=CARTESIAN_POINT('Origin',(79.225,-73.175,0.));
#18475=CARTESIAN_POINT('',(79.225,-73.675,1.6));
#18476=CARTESIAN_POINT('Origin',(79.225,-73.175,1.6));
#18477=CARTESIAN_POINT('',(79.225,-73.675,0.));
#18478=CARTESIAN_POINT('Origin',(92.225,-73.675,0.));
#18479=CARTESIAN_POINT('',(92.225,-73.675,0.));
#18480=CARTESIAN_POINT('',(79.225,-73.675,0.));
#18481=CARTESIAN_POINT('',(92.225,-73.675,1.6));
#18482=CARTESIAN_POINT('',(79.225,-73.675,1.6));
#18483=CARTESIAN_POINT('',(92.225,-73.675,0.));
#18484=CARTESIAN_POINT('Origin',(92.225,-73.175,0.));
#18485=CARTESIAN_POINT('',(92.725,-73.175,0.));
#18486=CARTESIAN_POINT('Origin',(92.225,-73.175,0.));
#18487=CARTESIAN_POINT('',(92.725,-73.175,1.6));
#18488=CARTESIAN_POINT('Origin',(92.225,-73.175,1.6));
#18489=CARTESIAN_POINT('',(92.725,-73.175,0.));
#18490=CARTESIAN_POINT('Origin',(92.725,-60.175,0.));
#18491=CARTESIAN_POINT('',(92.725,-60.175,0.));
#18492=CARTESIAN_POINT('',(92.725,-60.175,0.));
#18493=CARTESIAN_POINT('',(92.725,-60.175,1.6));
#18494=CARTESIAN_POINT('',(92.725,-60.175,1.6));
#18495=CARTESIAN_POINT('',(92.725,-60.175,0.));
#18496=CARTESIAN_POINT('Origin',(92.225,-60.175,0.));
#18497=CARTESIAN_POINT('',(92.225,-59.675,0.));
#18498=CARTESIAN_POINT('Origin',(92.225,-60.175,0.));
#18499=CARTESIAN_POINT('',(92.225,-59.675,1.6));
#18500=CARTESIAN_POINT('Origin',(92.225,-60.175,1.6));
#18501=CARTESIAN_POINT('',(92.225,-59.675,0.));
#18502=CARTESIAN_POINT('Origin',(79.225,-59.675,0.));
#18503=CARTESIAN_POINT('',(79.225,-59.675,0.));
#18504=CARTESIAN_POINT('',(79.225,-59.675,0.));
#18505=CARTESIAN_POINT('',(79.225,-59.675,1.6));
#18506=CARTESIAN_POINT('',(79.225,-59.675,1.6));
#18507=CARTESIAN_POINT('',(79.225,-59.675,0.));
#18508=CARTESIAN_POINT('Origin',(79.225,-60.175,0.));
#18509=CARTESIAN_POINT('Origin',(79.225,-60.175,0.));
#18510=CARTESIAN_POINT('Origin',(79.225,-60.175,1.6));
#18511=CARTESIAN_POINT('Origin',(59.675,-54.125,0.));
#18512=CARTESIAN_POINT('',(59.675,-54.125,0.));
#18513=CARTESIAN_POINT('',(59.675,-41.125,0.));
#18514=CARTESIAN_POINT('',(59.675,-41.125,0.));
#18515=CARTESIAN_POINT('',(59.675,-41.125,1.6));
#18516=CARTESIAN_POINT('',(59.675,-41.125,0.));
#18517=CARTESIAN_POINT('',(59.675,-54.125,1.6));
#18518=CARTESIAN_POINT('',(59.675,-41.125,1.6));
#18519=CARTESIAN_POINT('',(59.675,-54.125,0.));
#18520=CARTESIAN_POINT('Origin',(60.175,-54.125,0.));
#18521=CARTESIAN_POINT('',(60.175,-54.625,0.));
#18522=CARTESIAN_POINT('Origin',(60.175,-54.125,0.));
#18523=CARTESIAN_POINT('',(60.175,-54.625,1.6));
#18524=CARTESIAN_POINT('Origin',(60.175,-54.125,1.6));
#18525=CARTESIAN_POINT('',(60.175,-54.625,0.));
#18526=CARTESIAN_POINT('Origin',(73.175,-54.625,0.));
#18527=CARTESIAN_POINT('',(73.175,-54.625,0.));
#18528=CARTESIAN_POINT('',(60.175,-54.625,0.));
#18529=CARTESIAN_POINT('',(73.175,-54.625,1.6));
#18530=CARTESIAN_POINT('',(60.175,-54.625,1.6));
#18531=CARTESIAN_POINT('',(73.175,-54.625,0.));
#18532=CARTESIAN_POINT('Origin',(73.175,-54.125,0.));
#18533=CARTESIAN_POINT('',(73.675,-54.125,0.));
#18534=CARTESIAN_POINT('Origin',(73.175,-54.125,0.));
#18535=CARTESIAN_POINT('',(73.675,-54.125,1.6));
#18536=CARTESIAN_POINT('Origin',(73.175,-54.125,1.6));
#18537=CARTESIAN_POINT('',(73.675,-54.125,0.));
#18538=CARTESIAN_POINT('Origin',(73.675,-41.125,0.));
#18539=CARTESIAN_POINT('',(73.675,-41.125,0.));
#18540=CARTESIAN_POINT('',(73.675,-41.125,0.));
#18541=CARTESIAN_POINT('',(73.675,-41.125,1.6));
#18542=CARTESIAN_POINT('',(73.675,-41.125,1.6));
#18543=CARTESIAN_POINT('',(73.675,-41.125,0.));
#18544=CARTESIAN_POINT('Origin',(73.175,-41.125,0.));
#18545=CARTESIAN_POINT('',(73.175,-40.625,0.));
#18546=CARTESIAN_POINT('Origin',(73.175,-41.125,0.));
#18547=CARTESIAN_POINT('',(73.175,-40.625,1.6));
#18548=CARTESIAN_POINT('Origin',(73.175,-41.125,1.6));
#18549=CARTESIAN_POINT('',(73.175,-40.625,0.));
#18550=CARTESIAN_POINT('Origin',(60.175,-40.625,0.));
#18551=CARTESIAN_POINT('',(60.175,-40.625,0.));
#18552=CARTESIAN_POINT('',(60.175,-40.625,0.));
#18553=CARTESIAN_POINT('',(60.175,-40.625,1.6));
#18554=CARTESIAN_POINT('',(60.175,-40.625,1.6));
#18555=CARTESIAN_POINT('',(60.175,-40.625,0.));
#18556=CARTESIAN_POINT('Origin',(60.175,-41.125,0.));
#18557=CARTESIAN_POINT('Origin',(60.175,-41.125,0.));
#18558=CARTESIAN_POINT('Origin',(60.175,-41.125,1.6));
#18559=CARTESIAN_POINT('Origin',(162.1375,-114.3,0.));
#18560=CARTESIAN_POINT('',(162.1375,0.,0.));
#18561=CARTESIAN_POINT('',(162.1375,-114.3,0.));
#18562=CARTESIAN_POINT('',(162.1375,0.,0.));
#18563=CARTESIAN_POINT('',(162.1375,0.,1.6));
#18564=CARTESIAN_POINT('',(162.1375,0.,0.));
#18565=CARTESIAN_POINT('',(162.1375,-114.3,1.6));
#18566=CARTESIAN_POINT('',(162.1375,0.,1.6));
#18567=CARTESIAN_POINT('',(162.1375,-114.3,0.));
#18568=CARTESIAN_POINT('Origin',(131.124998509884,-114.3,0.));
#18569=CARTESIAN_POINT('',(131.124998509884,-114.3,0.));
#18570=CARTESIAN_POINT('',(131.124998509884,-114.3,0.));
#18571=CARTESIAN_POINT('',(131.124998509884,-114.3,1.6));
#18572=CARTESIAN_POINT('',(131.124998509884,-114.3,1.6));
#18573=CARTESIAN_POINT('',(131.124998509884,-114.3,0.));
#18574=CARTESIAN_POINT('Origin',(116.825,-100.000001490116,0.));
#18575=CARTESIAN_POINT('',(116.825,-100.000001490116,0.));
#18576=CARTESIAN_POINT('',(116.825,-100.000001490116,0.));
#18577=CARTESIAN_POINT('',(116.825,-100.000001490116,1.6));
#18578=CARTESIAN_POINT('',(116.825,-100.000001490116,1.6));
#18579=CARTESIAN_POINT('',(116.825,-100.000001490116,0.));
#18580=CARTESIAN_POINT('Origin',(75.0000011175871,-100.000001490116,0.));
#18581=CARTESIAN_POINT('',(75.0000011175871,-100.000001490116,0.));
#18582=CARTESIAN_POINT('',(75.0000011175871,-100.000001490116,0.));
#18583=CARTESIAN_POINT('',(75.0000011175871,-100.000001490116,1.6));
#18584=CARTESIAN_POINT('',(75.0000011175871,-100.000001490116,1.6));
#18585=CARTESIAN_POINT('',(75.0000011175871,-100.000001490116,0.));
#18586=CARTESIAN_POINT('Origin',(75.0000011175871,-80.,0.));
#18587=CARTESIAN_POINT('',(75.0000011175871,-80.,0.));
#18588=CARTESIAN_POINT('',(75.0000011175871,-80.,0.));
#18589=CARTESIAN_POINT('',(75.0000011175871,-80.,1.6));
#18590=CARTESIAN_POINT('',(75.0000011175871,-80.,1.6));
#18591=CARTESIAN_POINT('',(75.0000011175871,-80.,0.));
#18592=CARTESIAN_POINT('Origin',(0.,-80.,0.));
#18593=CARTESIAN_POINT('',(0.,-80.,0.));
#18594=CARTESIAN_POINT('',(0.,-80.,0.));
#18595=CARTESIAN_POINT('',(0.,-80.,1.6));
#18596=CARTESIAN_POINT('',(0.,-80.,1.6));
#18597=CARTESIAN_POINT('',(0.,-80.,0.));
#18598=CARTESIAN_POINT('Origin',(0.,0.,0.));
#18599=CARTESIAN_POINT('',(0.,0.,0.));
#18600=CARTESIAN_POINT('',(0.,0.,0.));
#18601=CARTESIAN_POINT('',(0.,0.,1.6));
#18602=CARTESIAN_POINT('',(0.,0.,1.6));
#18603=CARTESIAN_POINT('',(0.,0.,0.));
#18604=CARTESIAN_POINT('Origin',(162.1375,0.,0.));
#18605=CARTESIAN_POINT('',(162.1375,0.,0.));
#18606=CARTESIAN_POINT('',(162.1375,0.,1.6));
#18607=CARTESIAN_POINT('Origin',(81.06875,-57.15,1.6));
#18608=CARTESIAN_POINT('Origin',(81.06875,-57.15,0.));
#18609=CARTESIAN_POINT('Origin',(212.075,-54.125,0.));
#18610=CARTESIAN_POINT('',(212.075,-54.125,0.));
#18611=CARTESIAN_POINT('',(212.075,-41.125,0.));
#18612=CARTESIAN_POINT('',(212.075,-41.125,0.));
#18613=CARTESIAN_POINT('',(212.075,-41.125,1.6));
#18614=CARTESIAN_POINT('',(212.075,-41.125,0.));
#18615=CARTESIAN_POINT('',(212.075,-54.125,1.6));
#18616=CARTESIAN_POINT('',(212.075,-41.125,1.6));
#18617=CARTESIAN_POINT('',(212.075,-54.125,0.));
#18618=CARTESIAN_POINT('Origin',(212.575,-54.125,0.));
#18619=CARTESIAN_POINT('',(212.575,-54.625,0.));
#18620=CARTESIAN_POINT('Origin',(212.575,-54.125,0.));
#18621=CARTESIAN_POINT('',(212.575,-54.625,1.6));
#18622=CARTESIAN_POINT('Origin',(212.575,-54.125,1.6));
#18623=CARTESIAN_POINT('',(212.575,-54.625,0.));
#18624=CARTESIAN_POINT('Origin',(225.575,-54.625,0.));
#18625=CARTESIAN_POINT('',(225.575,-54.625,0.));
#18626=CARTESIAN_POINT('',(212.575,-54.625,0.));
#18627=CARTESIAN_POINT('',(225.575,-54.625,1.6));
#18628=CARTESIAN_POINT('',(212.575,-54.625,1.6));
#18629=CARTESIAN_POINT('',(225.575,-54.625,0.));
#18630=CARTESIAN_POINT('Origin',(225.575,-54.125,0.));
#18631=CARTESIAN_POINT('',(226.075,-54.125,0.));
#18632=CARTESIAN_POINT('Origin',(225.575,-54.125,0.));
#18633=CARTESIAN_POINT('',(226.075,-54.125,1.6));
#18634=CARTESIAN_POINT('Origin',(225.575,-54.125,1.6));
#18635=CARTESIAN_POINT('',(226.075,-54.125,0.));
#18636=CARTESIAN_POINT('Origin',(226.075,-41.125,0.));
#18637=CARTESIAN_POINT('',(226.075,-41.125,0.));
#18638=CARTESIAN_POINT('',(226.075,-41.125,0.));
#18639=CARTESIAN_POINT('',(226.075,-41.125,1.6));
#18640=CARTESIAN_POINT('',(226.075,-41.125,1.6));
#18641=CARTESIAN_POINT('',(226.075,-41.125,0.));
#18642=CARTESIAN_POINT('Origin',(225.575,-41.125,0.));
#18643=CARTESIAN_POINT('',(225.575,-40.625,0.));
#18644=CARTESIAN_POINT('Origin',(225.575,-41.125,0.));
#18645=CARTESIAN_POINT('',(225.575,-40.625,1.6));
#18646=CARTESIAN_POINT('Origin',(225.575,-41.125,1.6));
#18647=CARTESIAN_POINT('',(225.575,-40.625,0.));
#18648=CARTESIAN_POINT('Origin',(212.575,-40.625,0.));
#18649=CARTESIAN_POINT('',(212.575,-40.625,0.));
#18650=CARTESIAN_POINT('',(212.575,-40.625,0.));
#18651=CARTESIAN_POINT('',(212.575,-40.625,1.6));
#18652=CARTESIAN_POINT('',(212.575,-40.625,1.6));
#18653=CARTESIAN_POINT('',(212.575,-40.625,0.));
#18654=CARTESIAN_POINT('Origin',(212.575,-41.125,0.));
#18655=CARTESIAN_POINT('Origin',(212.575,-41.125,0.));
#18656=CARTESIAN_POINT('Origin',(212.575,-41.125,1.6));
#18657=CARTESIAN_POINT('Origin',(307.325,-92.225,0.));
#18658=CARTESIAN_POINT('',(307.325,-92.225,0.));
#18659=CARTESIAN_POINT('',(307.325,-79.225,0.));
#18660=CARTESIAN_POINT('',(307.325,-79.225,0.));
#18661=CARTESIAN_POINT('',(307.325,-79.225,1.6));
#18662=CARTESIAN_POINT('',(307.325,-79.225,0.));
#18663=CARTESIAN_POINT('',(307.325,-92.225,1.6));
#18664=CARTESIAN_POINT('',(307.325,-79.225,1.6));
#18665=CARTESIAN_POINT('',(307.325,-92.225,0.));
#18666=CARTESIAN_POINT('Origin',(307.825,-92.225,0.));
#18667=CARTESIAN_POINT('',(307.825,-92.725,0.));
#18668=CARTESIAN_POINT('Origin',(307.825,-92.225,0.));
#18669=CARTESIAN_POINT('',(307.825,-92.725,1.6));
#18670=CARTESIAN_POINT('Origin',(307.825,-92.225,1.6));
#18671=CARTESIAN_POINT('',(307.825,-92.725,0.));
#18672=CARTESIAN_POINT('Origin',(320.825,-92.725,0.));
#18673=CARTESIAN_POINT('',(320.825,-92.725,0.));
#18674=CARTESIAN_POINT('',(307.825,-92.725,0.));
#18675=CARTESIAN_POINT('',(320.825,-92.725,1.6));
#18676=CARTESIAN_POINT('',(307.825,-92.725,1.6));
#18677=CARTESIAN_POINT('',(320.825,-92.725,0.));
#18678=CARTESIAN_POINT('Origin',(320.825,-92.225,0.));
#18679=CARTESIAN_POINT('',(321.325,-92.225,0.));
#18680=CARTESIAN_POINT('Origin',(320.825,-92.225,0.));
#18681=CARTESIAN_POINT('',(321.325,-92.225,1.6));
#18682=CARTESIAN_POINT('Origin',(320.825,-92.225,1.6));
#18683=CARTESIAN_POINT('',(321.325,-92.225,0.));
#18684=CARTESIAN_POINT('Origin',(321.325,-79.225,0.));
#18685=CARTESIAN_POINT('',(321.325,-79.225,0.));
#18686=CARTESIAN_POINT('',(321.325,-79.225,0.));
#18687=CARTESIAN_POINT('',(321.325,-79.225,1.6));
#18688=CARTESIAN_POINT('',(321.325,-79.225,1.6));
#18689=CARTESIAN_POINT('',(321.325,-79.225,0.));
#18690=CARTESIAN_POINT('Origin',(320.825,-79.225,0.));
#18691=CARTESIAN_POINT('',(320.825,-78.725,0.));
#18692=CARTESIAN_POINT('Origin',(320.825,-79.225,0.));
#18693=CARTESIAN_POINT('',(320.825,-78.725,1.6));
#18694=CARTESIAN_POINT('Origin',(320.825,-79.225,1.6));
#18695=CARTESIAN_POINT('',(320.825,-78.725,0.));
#18696=CARTESIAN_POINT('Origin',(307.825,-78.725,0.));
#18697=CARTESIAN_POINT('',(307.825,-78.725,0.));
#18698=CARTESIAN_POINT('',(307.825,-78.725,0.));
#18699=CARTESIAN_POINT('',(307.825,-78.725,1.6));
#18700=CARTESIAN_POINT('',(307.825,-78.725,1.6));
#18701=CARTESIAN_POINT('',(307.825,-78.725,0.));
#18702=CARTESIAN_POINT('Origin',(307.825,-79.225,0.));
#18703=CARTESIAN_POINT('Origin',(307.825,-79.225,0.));
#18704=CARTESIAN_POINT('Origin',(307.825,-79.225,1.6));
#18705=CARTESIAN_POINT('Origin',(269.225,-54.125,0.));
#18706=CARTESIAN_POINT('',(269.225,-54.125,0.));
#18707=CARTESIAN_POINT('',(269.225,-41.125,0.));
#18708=CARTESIAN_POINT('',(269.225,-41.125,0.));
#18709=CARTESIAN_POINT('',(269.225,-41.125,1.6));
#18710=CARTESIAN_POINT('',(269.225,-41.125,0.));
#18711=CARTESIAN_POINT('',(269.225,-54.125,1.6));
#18712=CARTESIAN_POINT('',(269.225,-41.125,1.6));
#18713=CARTESIAN_POINT('',(269.225,-54.125,0.));
#18714=CARTESIAN_POINT('Origin',(269.725,-54.125,0.));
#18715=CARTESIAN_POINT('',(269.725,-54.625,0.));
#18716=CARTESIAN_POINT('Origin',(269.725,-54.125,0.));
#18717=CARTESIAN_POINT('',(269.725,-54.625,1.6));
#18718=CARTESIAN_POINT('Origin',(269.725,-54.125,1.6));
#18719=CARTESIAN_POINT('',(269.725,-54.625,0.));
#18720=CARTESIAN_POINT('Origin',(282.725,-54.625,0.));
#18721=CARTESIAN_POINT('',(282.725,-54.625,0.));
#18722=CARTESIAN_POINT('',(269.725,-54.625,0.));
#18723=CARTESIAN_POINT('',(282.725,-54.625,1.6));
#18724=CARTESIAN_POINT('',(269.725,-54.625,1.6));
#18725=CARTESIAN_POINT('',(282.725,-54.625,0.));
#18726=CARTESIAN_POINT('Origin',(282.725,-54.125,0.));
#18727=CARTESIAN_POINT('',(283.225,-54.125,0.));
#18728=CARTESIAN_POINT('Origin',(282.725,-54.125,0.));
#18729=CARTESIAN_POINT('',(283.225,-54.125,1.6));
#18730=CARTESIAN_POINT('Origin',(282.725,-54.125,1.6));
#18731=CARTESIAN_POINT('',(283.225,-54.125,0.));
#18732=CARTESIAN_POINT('Origin',(283.225,-41.125,0.));
#18733=CARTESIAN_POINT('',(283.225,-41.125,0.));
#18734=CARTESIAN_POINT('',(283.225,-41.125,0.));
#18735=CARTESIAN_POINT('',(283.225,-41.125,1.6));
#18736=CARTESIAN_POINT('',(283.225,-41.125,1.6));
#18737=CARTESIAN_POINT('',(283.225,-41.125,0.));
#18738=CARTESIAN_POINT('Origin',(282.725,-41.125,0.));
#18739=CARTESIAN_POINT('',(282.725,-40.625,0.));
#18740=CARTESIAN_POINT('Origin',(282.725,-41.125,0.));
#18741=CARTESIAN_POINT('',(282.725,-40.625,1.6));
#18742=CARTESIAN_POINT('Origin',(282.725,-41.125,1.6));
#18743=CARTESIAN_POINT('',(282.725,-40.625,0.));
#18744=CARTESIAN_POINT('Origin',(269.725,-40.625,0.));
#18745=CARTESIAN_POINT('',(269.725,-40.625,0.));
#18746=CARTESIAN_POINT('',(269.725,-40.625,0.));
#18747=CARTESIAN_POINT('',(269.725,-40.625,1.6));
#18748=CARTESIAN_POINT('',(269.725,-40.625,1.6));
#18749=CARTESIAN_POINT('',(269.725,-40.625,0.));
#18750=CARTESIAN_POINT('Origin',(269.725,-41.125,0.));
#18751=CARTESIAN_POINT('Origin',(269.725,-41.125,0.));
#18752=CARTESIAN_POINT('Origin',(269.725,-41.125,1.6));
#18753=CARTESIAN_POINT('Origin',(212.075,-73.175,0.));
#18754=CARTESIAN_POINT('',(212.075,-73.175,0.));
#18755=CARTESIAN_POINT('',(212.075,-60.175,0.));
#18756=CARTESIAN_POINT('',(212.075,-60.175,0.));
#18757=CARTESIAN_POINT('',(212.075,-60.175,1.6));
#18758=CARTESIAN_POINT('',(212.075,-60.175,0.));
#18759=CARTESIAN_POINT('',(212.075,-73.175,1.6));
#18760=CARTESIAN_POINT('',(212.075,-60.175,1.6));
#18761=CARTESIAN_POINT('',(212.075,-73.175,0.));
#18762=CARTESIAN_POINT('Origin',(212.575,-73.175,0.));
#18763=CARTESIAN_POINT('',(212.575,-73.675,0.));
#18764=CARTESIAN_POINT('Origin',(212.575,-73.175,0.));
#18765=CARTESIAN_POINT('',(212.575,-73.675,1.6));
#18766=CARTESIAN_POINT('Origin',(212.575,-73.175,1.6));
#18767=CARTESIAN_POINT('',(212.575,-73.675,0.));
#18768=CARTESIAN_POINT('Origin',(225.575,-73.675,0.));
#18769=CARTESIAN_POINT('',(225.575,-73.675,0.));
#18770=CARTESIAN_POINT('',(212.575,-73.675,0.));
#18771=CARTESIAN_POINT('',(225.575,-73.675,1.6));
#18772=CARTESIAN_POINT('',(212.575,-73.675,1.6));
#18773=CARTESIAN_POINT('',(225.575,-73.675,0.));
#18774=CARTESIAN_POINT('Origin',(225.575,-73.175,0.));
#18775=CARTESIAN_POINT('',(226.075,-73.175,0.));
#18776=CARTESIAN_POINT('Origin',(225.575,-73.175,0.));
#18777=CARTESIAN_POINT('',(226.075,-73.175,1.6));
#18778=CARTESIAN_POINT('Origin',(225.575,-73.175,1.6));
#18779=CARTESIAN_POINT('',(226.075,-73.175,0.));
#18780=CARTESIAN_POINT('Origin',(226.075,-60.175,0.));
#18781=CARTESIAN_POINT('',(226.075,-60.175,0.));
#18782=CARTESIAN_POINT('',(226.075,-60.175,0.));
#18783=CARTESIAN_POINT('',(226.075,-60.175,1.6));
#18784=CARTESIAN_POINT('',(226.075,-60.175,1.6));
#18785=CARTESIAN_POINT('',(226.075,-60.175,0.));
#18786=CARTESIAN_POINT('Origin',(225.575,-60.175,0.));
#18787=CARTESIAN_POINT('',(225.575,-59.675,0.));
#18788=CARTESIAN_POINT('Origin',(225.575,-60.175,0.));
#18789=CARTESIAN_POINT('',(225.575,-59.675,1.6));
#18790=CARTESIAN_POINT('Origin',(225.575,-60.175,1.6));
#18791=CARTESIAN_POINT('',(225.575,-59.675,0.));
#18792=CARTESIAN_POINT('Origin',(212.575,-59.675,0.));
#18793=CARTESIAN_POINT('',(212.575,-59.675,0.));
#18794=CARTESIAN_POINT('',(212.575,-59.675,0.));
#18795=CARTESIAN_POINT('',(212.575,-59.675,1.6));
#18796=CARTESIAN_POINT('',(212.575,-59.675,1.6));
#18797=CARTESIAN_POINT('',(212.575,-59.675,0.));
#18798=CARTESIAN_POINT('Origin',(212.575,-60.175,0.));
#18799=CARTESIAN_POINT('Origin',(212.575,-60.175,0.));
#18800=CARTESIAN_POINT('Origin',(212.575,-60.175,1.6));
#18801=CARTESIAN_POINT('Origin',(250.175,-73.175,0.));
#18802=CARTESIAN_POINT('',(250.175,-73.175,0.));
#18803=CARTESIAN_POINT('',(250.175,-60.175,0.));
#18804=CARTESIAN_POINT('',(250.175,-60.175,0.));
#18805=CARTESIAN_POINT('',(250.175,-60.175,1.6));
#18806=CARTESIAN_POINT('',(250.175,-60.175,0.));
#18807=CARTESIAN_POINT('',(250.175,-73.175,1.6));
#18808=CARTESIAN_POINT('',(250.175,-60.175,1.6));
#18809=CARTESIAN_POINT('',(250.175,-73.175,0.));
#18810=CARTESIAN_POINT('Origin',(250.675,-73.175,0.));
#18811=CARTESIAN_POINT('',(250.675,-73.675,0.));
#18812=CARTESIAN_POINT('Origin',(250.675,-73.175,0.));
#18813=CARTESIAN_POINT('',(250.675,-73.675,1.6));
#18814=CARTESIAN_POINT('Origin',(250.675,-73.175,1.6));
#18815=CARTESIAN_POINT('',(250.675,-73.675,0.));
#18816=CARTESIAN_POINT('Origin',(263.675,-73.675,0.));
#18817=CARTESIAN_POINT('',(263.675,-73.675,0.));
#18818=CARTESIAN_POINT('',(250.675,-73.675,0.));
#18819=CARTESIAN_POINT('',(263.675,-73.675,1.6));
#18820=CARTESIAN_POINT('',(250.675,-73.675,1.6));
#18821=CARTESIAN_POINT('',(263.675,-73.675,0.));
#18822=CARTESIAN_POINT('Origin',(263.675,-73.175,0.));
#18823=CARTESIAN_POINT('',(264.175,-73.175,0.));
#18824=CARTESIAN_POINT('Origin',(263.675,-73.175,0.));
#18825=CARTESIAN_POINT('',(264.175,-73.175,1.6));
#18826=CARTESIAN_POINT('Origin',(263.675,-73.175,1.6));
#18827=CARTESIAN_POINT('',(264.175,-73.175,0.));
#18828=CARTESIAN_POINT('Origin',(264.175,-60.175,0.));
#18829=CARTESIAN_POINT('',(264.175,-60.175,0.));
#18830=CARTESIAN_POINT('',(264.175,-60.175,0.));
#18831=CARTESIAN_POINT('',(264.175,-60.175,1.6));
#18832=CARTESIAN_POINT('',(264.175,-60.175,1.6));
#18833=CARTESIAN_POINT('',(264.175,-60.175,0.));
#18834=CARTESIAN_POINT('Origin',(263.675,-60.175,0.));
#18835=CARTESIAN_POINT('',(263.675,-59.675,0.));
#18836=CARTESIAN_POINT('Origin',(263.675,-60.175,0.));
#18837=CARTESIAN_POINT('',(263.675,-59.675,1.6));
#18838=CARTESIAN_POINT('Origin',(263.675,-60.175,1.6));
#18839=CARTESIAN_POINT('',(263.675,-59.675,0.));
#18840=CARTESIAN_POINT('Origin',(250.675,-59.675,0.));
#18841=CARTESIAN_POINT('',(250.675,-59.675,0.));
#18842=CARTESIAN_POINT('',(250.675,-59.675,0.));
#18843=CARTESIAN_POINT('',(250.675,-59.675,1.6));
#18844=CARTESIAN_POINT('',(250.675,-59.675,1.6));
#18845=CARTESIAN_POINT('',(250.675,-59.675,0.));
#18846=CARTESIAN_POINT('Origin',(250.675,-60.175,0.));
#18847=CARTESIAN_POINT('Origin',(250.675,-60.175,0.));
#18848=CARTESIAN_POINT('Origin',(250.675,-60.175,1.6));
#18849=CARTESIAN_POINT('Origin',(326.375,-16.025,0.));
#18850=CARTESIAN_POINT('',(326.375,-16.025,0.));
#18851=CARTESIAN_POINT('',(326.375,-3.025,0.));
#18852=CARTESIAN_POINT('',(326.375,-3.025,0.));
#18853=CARTESIAN_POINT('',(326.375,-3.025,1.6));
#18854=CARTESIAN_POINT('',(326.375,-3.025,0.));
#18855=CARTESIAN_POINT('',(326.375,-16.025,1.6));
#18856=CARTESIAN_POINT('',(326.375,-3.025,1.6));
#18857=CARTESIAN_POINT('',(326.375,-16.025,0.));
#18858=CARTESIAN_POINT('Origin',(326.875,-16.025,0.));
#18859=CARTESIAN_POINT('',(326.875,-16.525,0.));
#18860=CARTESIAN_POINT('Origin',(326.875,-16.025,0.));
#18861=CARTESIAN_POINT('',(326.875,-16.525,1.6));
#18862=CARTESIAN_POINT('Origin',(326.875,-16.025,1.6));
#18863=CARTESIAN_POINT('',(326.875,-16.525,0.));
#18864=CARTESIAN_POINT('Origin',(339.875,-16.525,0.));
#18865=CARTESIAN_POINT('',(339.875,-16.525,0.));
#18866=CARTESIAN_POINT('',(326.875,-16.525,0.));
#18867=CARTESIAN_POINT('',(339.875,-16.525,1.6));
#18868=CARTESIAN_POINT('',(326.875,-16.525,1.6));
#18869=CARTESIAN_POINT('',(339.875,-16.525,0.));
#18870=CARTESIAN_POINT('Origin',(339.875,-16.025,0.));
#18871=CARTESIAN_POINT('',(340.375,-16.025,0.));
#18872=CARTESIAN_POINT('Origin',(339.875,-16.025,0.));
#18873=CARTESIAN_POINT('',(340.375,-16.025,1.6));
#18874=CARTESIAN_POINT('Origin',(339.875,-16.025,1.6));
#18875=CARTESIAN_POINT('',(340.375,-16.025,0.));
#18876=CARTESIAN_POINT('Origin',(340.375,-3.025,0.));
#18877=CARTESIAN_POINT('',(340.375,-3.025,0.));
#18878=CARTESIAN_POINT('',(340.375,-3.025,0.));
#18879=CARTESIAN_POINT('',(340.375,-3.025,1.6));
#18880=CARTESIAN_POINT('',(340.375,-3.025,1.6));
#18881=CARTESIAN_POINT('',(340.375,-3.025,0.));
#18882=CARTESIAN_POINT('Origin',(339.875,-3.025,0.));
#18883=CARTESIAN_POINT('',(339.875,-2.52500000000003,0.));
#18884=CARTESIAN_POINT('Origin',(339.875,-3.025,0.));
#18885=CARTESIAN_POINT('',(339.875,-2.52500000000003,1.6));
#18886=CARTESIAN_POINT('Origin',(339.875,-3.025,1.6));
#18887=CARTESIAN_POINT('',(339.875,-2.52500000000003,0.));
#18888=CARTESIAN_POINT('Origin',(326.875,-2.525,0.));
#18889=CARTESIAN_POINT('',(326.875,-2.525,0.));
#18890=CARTESIAN_POINT('',(326.875,-2.525,0.));
#18891=CARTESIAN_POINT('',(326.875,-2.525,1.6));
#18892=CARTESIAN_POINT('',(326.875,-2.525,1.6));
#18893=CARTESIAN_POINT('',(326.875,-2.525,0.));
#18894=CARTESIAN_POINT('Origin',(326.875,-3.025,0.));
#18895=CARTESIAN_POINT('Origin',(326.875,-3.025,0.));
#18896=CARTESIAN_POINT('Origin',(326.875,-3.025,1.6));
#18897=CARTESIAN_POINT('Origin',(307.325,-16.025,0.));
#18898=CARTESIAN_POINT('',(307.325,-16.025,0.));
#18899=CARTESIAN_POINT('',(307.325,-3.025,0.));
#18900=CARTESIAN_POINT('',(307.325,-3.025,0.));
#18901=CARTESIAN_POINT('',(307.325,-3.025,1.6));
#18902=CARTESIAN_POINT('',(307.325,-3.025,0.));
#18903=CARTESIAN_POINT('',(307.325,-16.025,1.6));
#18904=CARTESIAN_POINT('',(307.325,-3.025,1.6));
#18905=CARTESIAN_POINT('',(307.325,-16.025,0.));
#18906=CARTESIAN_POINT('Origin',(307.825,-16.025,0.));
#18907=CARTESIAN_POINT('',(307.825,-16.525,0.));
#18908=CARTESIAN_POINT('Origin',(307.825,-16.025,0.));
#18909=CARTESIAN_POINT('',(307.825,-16.525,1.6));
#18910=CARTESIAN_POINT('Origin',(307.825,-16.025,1.6));
#18911=CARTESIAN_POINT('',(307.825,-16.525,0.));
#18912=CARTESIAN_POINT('Origin',(320.825,-16.525,0.));
#18913=CARTESIAN_POINT('',(320.825,-16.525,0.));
#18914=CARTESIAN_POINT('',(307.825,-16.525,0.));
#18915=CARTESIAN_POINT('',(320.825,-16.525,1.6));
#18916=CARTESIAN_POINT('',(307.825,-16.525,1.6));
#18917=CARTESIAN_POINT('',(320.825,-16.525,0.));
#18918=CARTESIAN_POINT('Origin',(320.825,-16.025,0.));
#18919=CARTESIAN_POINT('',(321.325,-16.025,0.));
#18920=CARTESIAN_POINT('Origin',(320.825,-16.025,0.));
#18921=CARTESIAN_POINT('',(321.325,-16.025,1.6));
#18922=CARTESIAN_POINT('Origin',(320.825,-16.025,1.6));
#18923=CARTESIAN_POINT('',(321.325,-16.025,0.));
#18924=CARTESIAN_POINT('Origin',(321.325,-3.025,0.));
#18925=CARTESIAN_POINT('',(321.325,-3.025,0.));
#18926=CARTESIAN_POINT('',(321.325,-3.025,0.));
#18927=CARTESIAN_POINT('',(321.325,-3.025,1.6));
#18928=CARTESIAN_POINT('',(321.325,-3.025,1.6));
#18929=CARTESIAN_POINT('',(321.325,-3.025,0.));
#18930=CARTESIAN_POINT('Origin',(320.825,-3.025,0.));
#18931=CARTESIAN_POINT('',(320.825,-2.52500000000003,0.));
#18932=CARTESIAN_POINT('Origin',(320.825,-3.025,0.));
#18933=CARTESIAN_POINT('',(320.825,-2.52500000000003,1.6));
#18934=CARTESIAN_POINT('Origin',(320.825,-3.025,1.6));
#18935=CARTESIAN_POINT('',(320.825,-2.52500000000003,0.));
#18936=CARTESIAN_POINT('Origin',(307.825,-2.525,0.));
#18937=CARTESIAN_POINT('',(307.825,-2.525,0.));
#18938=CARTESIAN_POINT('',(307.825,-2.525,0.));
#18939=CARTESIAN_POINT('',(307.825,-2.525,1.6));
#18940=CARTESIAN_POINT('',(307.825,-2.525,1.6));
#18941=CARTESIAN_POINT('',(307.825,-2.525,0.));
#18942=CARTESIAN_POINT('Origin',(307.825,-3.025,0.));
#18943=CARTESIAN_POINT('Origin',(307.825,-3.025,0.));
#18944=CARTESIAN_POINT('Origin',(307.825,-3.025,1.6));
#18945=CARTESIAN_POINT('Origin',(288.275,-35.075,0.));
#18946=CARTESIAN_POINT('',(288.275,-35.075,0.));
#18947=CARTESIAN_POINT('',(288.275,-22.075,0.));
#18948=CARTESIAN_POINT('',(288.275,-22.075,0.));
#18949=CARTESIAN_POINT('',(288.275,-22.075,1.6));
#18950=CARTESIAN_POINT('',(288.275,-22.075,0.));
#18951=CARTESIAN_POINT('',(288.275,-35.075,1.6));
#18952=CARTESIAN_POINT('',(288.275,-22.075,1.6));
#18953=CARTESIAN_POINT('',(288.275,-35.075,0.));
#18954=CARTESIAN_POINT('Origin',(288.775,-35.075,0.));
#18955=CARTESIAN_POINT('',(288.775,-35.575,0.));
#18956=CARTESIAN_POINT('Origin',(288.775,-35.075,0.));
#18957=CARTESIAN_POINT('',(288.775,-35.575,1.6));
#18958=CARTESIAN_POINT('Origin',(288.775,-35.075,1.6));
#18959=CARTESIAN_POINT('',(288.775,-35.575,0.));
#18960=CARTESIAN_POINT('Origin',(301.775,-35.575,0.));
#18961=CARTESIAN_POINT('',(301.775,-35.575,0.));
#18962=CARTESIAN_POINT('',(288.775,-35.575,0.));
#18963=CARTESIAN_POINT('',(301.775,-35.575,1.6));
#18964=CARTESIAN_POINT('',(288.775,-35.575,1.6));
#18965=CARTESIAN_POINT('',(301.775,-35.575,0.));
#18966=CARTESIAN_POINT('Origin',(301.775,-35.075,0.));
#18967=CARTESIAN_POINT('',(302.275,-35.075,0.));
#18968=CARTESIAN_POINT('Origin',(301.775,-35.075,0.));
#18969=CARTESIAN_POINT('',(302.275,-35.075,1.6));
#18970=CARTESIAN_POINT('Origin',(301.775,-35.075,1.6));
#18971=CARTESIAN_POINT('',(302.275,-35.075,0.));
#18972=CARTESIAN_POINT('Origin',(302.275,-22.075,0.));
#18973=CARTESIAN_POINT('',(302.275,-22.075,0.));
#18974=CARTESIAN_POINT('',(302.275,-22.075,0.));
#18975=CARTESIAN_POINT('',(302.275,-22.075,1.6));
#18976=CARTESIAN_POINT('',(302.275,-22.075,1.6));
#18977=CARTESIAN_POINT('',(302.275,-22.075,0.));
#18978=CARTESIAN_POINT('Origin',(301.775,-22.075,0.));
#18979=CARTESIAN_POINT('',(301.775,-21.575,0.));
#18980=CARTESIAN_POINT('Origin',(301.775,-22.075,0.));
#18981=CARTESIAN_POINT('',(301.775,-21.575,1.6));
#18982=CARTESIAN_POINT('Origin',(301.775,-22.075,1.6));
#18983=CARTESIAN_POINT('',(301.775,-21.575,0.));
#18984=CARTESIAN_POINT('Origin',(288.775,-21.575,0.));
#18985=CARTESIAN_POINT('',(288.775,-21.575,0.));
#18986=CARTESIAN_POINT('',(288.775,-21.575,0.));
#18987=CARTESIAN_POINT('',(288.775,-21.575,1.6));
#18988=CARTESIAN_POINT('',(288.775,-21.575,1.6));
#18989=CARTESIAN_POINT('',(288.775,-21.575,0.));
#18990=CARTESIAN_POINT('Origin',(288.775,-22.075,0.));
#18991=CARTESIAN_POINT('Origin',(288.775,-22.075,0.));
#18992=CARTESIAN_POINT('Origin',(288.775,-22.075,1.6));
#18993=CARTESIAN_POINT('Origin',(231.125,-54.125,0.));
#18994=CARTESIAN_POINT('',(231.125,-54.125,0.));
#18995=CARTESIAN_POINT('',(231.125,-41.125,0.));
#18996=CARTESIAN_POINT('',(231.125,-41.125,0.));
#18997=CARTESIAN_POINT('',(231.125,-41.125,1.6));
#18998=CARTESIAN_POINT('',(231.125,-41.125,0.));
#18999=CARTESIAN_POINT('',(231.125,-54.125,1.6));
#19000=CARTESIAN_POINT('',(231.125,-41.125,1.6));
#19001=CARTESIAN_POINT('',(231.125,-54.125,0.));
#19002=CARTESIAN_POINT('Origin',(231.625,-54.125,0.));
#19003=CARTESIAN_POINT('',(231.625,-54.625,0.));
#19004=CARTESIAN_POINT('Origin',(231.625,-54.125,0.));
#19005=CARTESIAN_POINT('',(231.625,-54.625,1.6));
#19006=CARTESIAN_POINT('Origin',(231.625,-54.125,1.6));
#19007=CARTESIAN_POINT('',(231.625,-54.625,0.));
#19008=CARTESIAN_POINT('Origin',(244.625,-54.625,0.));
#19009=CARTESIAN_POINT('',(244.625,-54.625,0.));
#19010=CARTESIAN_POINT('',(231.625,-54.625,0.));
#19011=CARTESIAN_POINT('',(244.625,-54.625,1.6));
#19012=CARTESIAN_POINT('',(231.625,-54.625,1.6));
#19013=CARTESIAN_POINT('',(244.625,-54.625,0.));
#19014=CARTESIAN_POINT('Origin',(244.625,-54.125,0.));
#19015=CARTESIAN_POINT('',(245.125,-54.125,0.));
#19016=CARTESIAN_POINT('Origin',(244.625,-54.125,0.));
#19017=CARTESIAN_POINT('',(245.125,-54.125,1.6));
#19018=CARTESIAN_POINT('Origin',(244.625,-54.125,1.6));
#19019=CARTESIAN_POINT('',(245.125,-54.125,0.));
#19020=CARTESIAN_POINT('Origin',(245.125,-41.125,0.));
#19021=CARTESIAN_POINT('',(245.125,-41.125,0.));
#19022=CARTESIAN_POINT('',(245.125,-41.125,0.));
#19023=CARTESIAN_POINT('',(245.125,-41.125,1.6));
#19024=CARTESIAN_POINT('',(245.125,-41.125,1.6));
#19025=CARTESIAN_POINT('',(245.125,-41.125,0.));
#19026=CARTESIAN_POINT('Origin',(244.625,-41.125,0.));
#19027=CARTESIAN_POINT('',(244.625,-40.625,0.));
#19028=CARTESIAN_POINT('Origin',(244.625,-41.125,0.));
#19029=CARTESIAN_POINT('',(244.625,-40.625,1.6));
#19030=CARTESIAN_POINT('Origin',(244.625,-41.125,1.6));
#19031=CARTESIAN_POINT('',(244.625,-40.625,0.));
#19032=CARTESIAN_POINT('Origin',(231.625,-40.625,0.));
#19033=CARTESIAN_POINT('',(231.625,-40.625,0.));
#19034=CARTESIAN_POINT('',(231.625,-40.625,0.));
#19035=CARTESIAN_POINT('',(231.625,-40.625,1.6));
#19036=CARTESIAN_POINT('',(231.625,-40.625,1.6));
#19037=CARTESIAN_POINT('',(231.625,-40.625,0.));
#19038=CARTESIAN_POINT('Origin',(231.625,-41.125,0.));
#19039=CARTESIAN_POINT('Origin',(231.625,-41.125,0.));
#19040=CARTESIAN_POINT('Origin',(231.625,-41.125,1.6));
#19041=CARTESIAN_POINT('Origin',(231.125,-73.175,0.));
#19042=CARTESIAN_POINT('',(231.125,-73.175,0.));
#19043=CARTESIAN_POINT('',(231.125,-60.175,0.));
#19044=CARTESIAN_POINT('',(231.125,-60.175,0.));
#19045=CARTESIAN_POINT('',(231.125,-60.175,1.6));
#19046=CARTESIAN_POINT('',(231.125,-60.175,0.));
#19047=CARTESIAN_POINT('',(231.125,-73.175,1.6));
#19048=CARTESIAN_POINT('',(231.125,-60.175,1.6));
#19049=CARTESIAN_POINT('',(231.125,-73.175,0.));
#19050=CARTESIAN_POINT('Origin',(231.625,-73.175,0.));
#19051=CARTESIAN_POINT('',(231.625,-73.675,0.));
#19052=CARTESIAN_POINT('Origin',(231.625,-73.175,0.));
#19053=CARTESIAN_POINT('',(231.625,-73.675,1.6));
#19054=CARTESIAN_POINT('Origin',(231.625,-73.175,1.6));
#19055=CARTESIAN_POINT('',(231.625,-73.675,0.));
#19056=CARTESIAN_POINT('Origin',(244.625,-73.675,0.));
#19057=CARTESIAN_POINT('',(244.625,-73.675,0.));
#19058=CARTESIAN_POINT('',(231.625,-73.675,0.));
#19059=CARTESIAN_POINT('',(244.625,-73.675,1.6));
#19060=CARTESIAN_POINT('',(231.625,-73.675,1.6));
#19061=CARTESIAN_POINT('',(244.625,-73.675,0.));
#19062=CARTESIAN_POINT('Origin',(244.625,-73.175,0.));
#19063=CARTESIAN_POINT('',(245.125,-73.175,0.));
#19064=CARTESIAN_POINT('Origin',(244.625,-73.175,0.));
#19065=CARTESIAN_POINT('',(245.125,-73.175,1.6));
#19066=CARTESIAN_POINT('Origin',(244.625,-73.175,1.6));
#19067=CARTESIAN_POINT('',(245.125,-73.175,0.));
#19068=CARTESIAN_POINT('Origin',(245.125,-60.175,0.));
#19069=CARTESIAN_POINT('',(245.125,-60.175,0.));
#19070=CARTESIAN_POINT('',(245.125,-60.175,0.));
#19071=CARTESIAN_POINT('',(245.125,-60.175,1.6));
#19072=CARTESIAN_POINT('',(245.125,-60.175,1.6));
#19073=CARTESIAN_POINT('',(245.125,-60.175,0.));
#19074=CARTESIAN_POINT('Origin',(244.625,-60.175,0.));
#19075=CARTESIAN_POINT('',(244.625,-59.675,0.));
#19076=CARTESIAN_POINT('Origin',(244.625,-60.175,0.));
#19077=CARTESIAN_POINT('',(244.625,-59.675,1.6));
#19078=CARTESIAN_POINT('Origin',(244.625,-60.175,1.6));
#19079=CARTESIAN_POINT('',(244.625,-59.675,0.));
#19080=CARTESIAN_POINT('Origin',(231.625,-59.675,0.));
#19081=CARTESIAN_POINT('',(231.625,-59.675,0.));
#19082=CARTESIAN_POINT('',(231.625,-59.675,0.));
#19083=CARTESIAN_POINT('',(231.625,-59.675,1.6));
#19084=CARTESIAN_POINT('',(231.625,-59.675,1.6));
#19085=CARTESIAN_POINT('',(231.625,-59.675,0.));
#19086=CARTESIAN_POINT('Origin',(231.625,-60.175,0.));
#19087=CARTESIAN_POINT('Origin',(231.625,-60.175,0.));
#19088=CARTESIAN_POINT('Origin',(231.625,-60.175,1.6));
#19089=CARTESIAN_POINT('Origin',(326.375,-35.075,0.));
#19090=CARTESIAN_POINT('',(326.375,-35.075,0.));
#19091=CARTESIAN_POINT('',(326.375,-22.075,0.));
#19092=CARTESIAN_POINT('',(326.375,-22.075,0.));
#19093=CARTESIAN_POINT('',(326.375,-22.075,1.6));
#19094=CARTESIAN_POINT('',(326.375,-22.075,0.));
#19095=CARTESIAN_POINT('',(326.375,-35.075,1.6));
#19096=CARTESIAN_POINT('',(326.375,-22.075,1.6));
#19097=CARTESIAN_POINT('',(326.375,-35.075,0.));
#19098=CARTESIAN_POINT('Origin',(326.875,-35.075,0.));
#19099=CARTESIAN_POINT('',(326.875,-35.575,0.));
#19100=CARTESIAN_POINT('Origin',(326.875,-35.075,0.));
#19101=CARTESIAN_POINT('',(326.875,-35.575,1.6));
#19102=CARTESIAN_POINT('Origin',(326.875,-35.075,1.6));
#19103=CARTESIAN_POINT('',(326.875,-35.575,0.));
#19104=CARTESIAN_POINT('Origin',(339.875,-35.575,0.));
#19105=CARTESIAN_POINT('',(339.875,-35.575,0.));
#19106=CARTESIAN_POINT('',(326.875,-35.575,0.));
#19107=CARTESIAN_POINT('',(339.875,-35.575,1.6));
#19108=CARTESIAN_POINT('',(326.875,-35.575,1.6));
#19109=CARTESIAN_POINT('',(339.875,-35.575,0.));
#19110=CARTESIAN_POINT('Origin',(339.875,-35.075,0.));
#19111=CARTESIAN_POINT('',(340.375,-35.075,0.));
#19112=CARTESIAN_POINT('Origin',(339.875,-35.075,0.));
#19113=CARTESIAN_POINT('',(340.375,-35.075,1.6));
#19114=CARTESIAN_POINT('Origin',(339.875,-35.075,1.6));
#19115=CARTESIAN_POINT('',(340.375,-35.075,0.));
#19116=CARTESIAN_POINT('Origin',(340.375,-22.075,0.));
#19117=CARTESIAN_POINT('',(340.375,-22.075,0.));
#19118=CARTESIAN_POINT('',(340.375,-22.075,0.));
#19119=CARTESIAN_POINT('',(340.375,-22.075,1.6));
#19120=CARTESIAN_POINT('',(340.375,-22.075,1.6));
#19121=CARTESIAN_POINT('',(340.375,-22.075,0.));
#19122=CARTESIAN_POINT('Origin',(339.875,-22.075,0.));
#19123=CARTESIAN_POINT('',(339.875,-21.575,0.));
#19124=CARTESIAN_POINT('Origin',(339.875,-22.075,0.));
#19125=CARTESIAN_POINT('',(339.875,-21.575,1.6));
#19126=CARTESIAN_POINT('Origin',(339.875,-22.075,1.6));
#19127=CARTESIAN_POINT('',(339.875,-21.575,0.));
#19128=CARTESIAN_POINT('Origin',(326.875,-21.575,0.));
#19129=CARTESIAN_POINT('',(326.875,-21.575,0.));
#19130=CARTESIAN_POINT('',(326.875,-21.575,0.));
#19131=CARTESIAN_POINT('',(326.875,-21.575,1.6));
#19132=CARTESIAN_POINT('',(326.875,-21.575,1.6));
#19133=CARTESIAN_POINT('',(326.875,-21.575,0.));
#19134=CARTESIAN_POINT('Origin',(326.875,-22.075,0.));
#19135=CARTESIAN_POINT('Origin',(326.875,-22.075,0.));
#19136=CARTESIAN_POINT('Origin',(326.875,-22.075,1.6));
#19137=CARTESIAN_POINT('Origin',(231.625,-81.10625,0.));
#19138=CARTESIAN_POINT('',(231.625,-81.10625,0.));
#19139=CARTESIAN_POINT('',(244.625,-81.10625,0.));
#19140=CARTESIAN_POINT('',(244.625,-81.10625,0.));
#19141=CARTESIAN_POINT('',(244.625,-81.10625,1.6));
#19142=CARTESIAN_POINT('',(244.625,-81.10625,0.));
#19143=CARTESIAN_POINT('',(231.625,-81.10625,1.6));
#19144=CARTESIAN_POINT('',(244.625,-81.10625,1.6));
#19145=CARTESIAN_POINT('',(231.625,-81.10625,0.));
#19146=CARTESIAN_POINT('Origin',(231.625,-81.60625,0.));
#19147=CARTESIAN_POINT('',(231.125,-81.60625,0.));
#19148=CARTESIAN_POINT('Origin',(231.625,-81.60625,0.));
#19149=CARTESIAN_POINT('',(231.125,-81.60625,1.6));
#19150=CARTESIAN_POINT('Origin',(231.625,-81.60625,1.6));
#19151=CARTESIAN_POINT('',(231.125,-81.60625,0.));
#19152=CARTESIAN_POINT('Origin',(231.125,-94.60625,0.));
#19153=CARTESIAN_POINT('',(231.125,-94.60625,0.));
#19154=CARTESIAN_POINT('',(231.125,-81.60625,0.));
#19155=CARTESIAN_POINT('',(231.125,-94.60625,1.6));
#19156=CARTESIAN_POINT('',(231.125,-81.60625,1.6));
#19157=CARTESIAN_POINT('',(231.125,-94.60625,0.));
#19158=CARTESIAN_POINT('Origin',(231.625,-94.60625,0.));
#19159=CARTESIAN_POINT('',(231.625,-95.10625,0.));
#19160=CARTESIAN_POINT('Origin',(231.625,-94.60625,0.));
#19161=CARTESIAN_POINT('',(231.625,-95.10625,1.6));
#19162=CARTESIAN_POINT('Origin',(231.625,-94.60625,1.6));
#19163=CARTESIAN_POINT('',(231.625,-95.10625,0.));
#19164=CARTESIAN_POINT('Origin',(244.625,-95.10625,0.));
#19165=CARTESIAN_POINT('',(244.625,-95.10625,0.));
#19166=CARTESIAN_POINT('',(244.625,-95.10625,0.));
#19167=CARTESIAN_POINT('',(244.625,-95.10625,1.6));
#19168=CARTESIAN_POINT('',(244.625,-95.10625,1.6));
#19169=CARTESIAN_POINT('',(244.625,-95.10625,0.));
#19170=CARTESIAN_POINT('Origin',(244.625,-94.60625,0.));
#19171=CARTESIAN_POINT('',(245.125,-94.60625,0.));
#19172=CARTESIAN_POINT('Origin',(244.625,-94.60625,0.));
#19173=CARTESIAN_POINT('',(245.125,-94.60625,1.6));
#19174=CARTESIAN_POINT('Origin',(244.625,-94.60625,1.6));
#19175=CARTESIAN_POINT('',(245.125,-94.60625,0.));
#19176=CARTESIAN_POINT('Origin',(245.125,-81.60625,0.));
#19177=CARTESIAN_POINT('',(245.125,-81.60625,0.));
#19178=CARTESIAN_POINT('',(245.125,-81.60625,0.));
#19179=CARTESIAN_POINT('',(245.125,-81.60625,1.6));
#19180=CARTESIAN_POINT('',(245.125,-81.60625,1.6));
#19181=CARTESIAN_POINT('',(245.125,-81.60625,0.));
#19182=CARTESIAN_POINT('Origin',(244.625,-81.60625,0.));
#19183=CARTESIAN_POINT('Origin',(244.625,-81.60625,0.));
#19184=CARTESIAN_POINT('Origin',(244.625,-81.60625,1.6));
#19185=CARTESIAN_POINT('Origin',(231.125,-16.025,0.));
#19186=CARTESIAN_POINT('',(231.125,-16.025,0.));
#19187=CARTESIAN_POINT('',(231.125,-3.025,0.));
#19188=CARTESIAN_POINT('',(231.125,-3.025,0.));
#19189=CARTESIAN_POINT('',(231.125,-3.025,1.6));
#19190=CARTESIAN_POINT('',(231.125,-3.025,0.));
#19191=CARTESIAN_POINT('',(231.125,-16.025,1.6));
#19192=CARTESIAN_POINT('',(231.125,-3.025,1.6));
#19193=CARTESIAN_POINT('',(231.125,-16.025,0.));
#19194=CARTESIAN_POINT('Origin',(231.625,-16.025,0.));
#19195=CARTESIAN_POINT('',(231.625,-16.525,0.));
#19196=CARTESIAN_POINT('Origin',(231.625,-16.025,0.));
#19197=CARTESIAN_POINT('',(231.625,-16.525,1.6));
#19198=CARTESIAN_POINT('Origin',(231.625,-16.025,1.6));
#19199=CARTESIAN_POINT('',(231.625,-16.525,0.));
#19200=CARTESIAN_POINT('Origin',(244.625,-16.525,0.));
#19201=CARTESIAN_POINT('',(244.625,-16.525,0.));
#19202=CARTESIAN_POINT('',(231.625,-16.525,0.));
#19203=CARTESIAN_POINT('',(244.625,-16.525,1.6));
#19204=CARTESIAN_POINT('',(231.625,-16.525,1.6));
#19205=CARTESIAN_POINT('',(244.625,-16.525,0.));
#19206=CARTESIAN_POINT('Origin',(244.625,-16.025,0.));
#19207=CARTESIAN_POINT('',(245.125,-16.025,0.));
#19208=CARTESIAN_POINT('Origin',(244.625,-16.025,0.));
#19209=CARTESIAN_POINT('',(245.125,-16.025,1.6));
#19210=CARTESIAN_POINT('Origin',(244.625,-16.025,1.6));
#19211=CARTESIAN_POINT('',(245.125,-16.025,0.));
#19212=CARTESIAN_POINT('Origin',(245.125,-3.025,0.));
#19213=CARTESIAN_POINT('',(245.125,-3.025,0.));
#19214=CARTESIAN_POINT('',(245.125,-3.025,0.));
#19215=CARTESIAN_POINT('',(245.125,-3.025,1.6));
#19216=CARTESIAN_POINT('',(245.125,-3.025,1.6));
#19217=CARTESIAN_POINT('',(245.125,-3.025,0.));
#19218=CARTESIAN_POINT('Origin',(244.625,-3.025,0.));
#19219=CARTESIAN_POINT('',(244.625,-2.52499999999999,0.));
#19220=CARTESIAN_POINT('Origin',(244.625,-3.025,0.));
#19221=CARTESIAN_POINT('',(244.625,-2.525,1.6));
#19222=CARTESIAN_POINT('Origin',(244.625,-3.025,1.6));
#19223=CARTESIAN_POINT('',(244.625,-2.52499999999999,0.));
#19224=CARTESIAN_POINT('Origin',(231.625,-2.525,0.));
#19225=CARTESIAN_POINT('',(231.625,-2.525,0.));
#19226=CARTESIAN_POINT('',(231.625,-2.525,0.));
#19227=CARTESIAN_POINT('',(231.625,-2.525,1.6));
#19228=CARTESIAN_POINT('',(231.625,-2.525,1.6));
#19229=CARTESIAN_POINT('',(231.625,-2.525,0.));
#19230=CARTESIAN_POINT('Origin',(231.625,-3.025,0.));
#19231=CARTESIAN_POINT('Origin',(231.625,-3.025,0.));
#19232=CARTESIAN_POINT('Origin',(231.625,-3.025,1.6));
#19233=CARTESIAN_POINT('Origin',(250.675,-81.10625,0.));
#19234=CARTESIAN_POINT('',(250.675,-81.10625,0.));
#19235=CARTESIAN_POINT('',(263.675,-81.10625,0.));
#19236=CARTESIAN_POINT('',(263.675,-81.10625,0.));
#19237=CARTESIAN_POINT('',(263.675,-81.10625,1.6));
#19238=CARTESIAN_POINT('',(263.675,-81.10625,0.));
#19239=CARTESIAN_POINT('',(250.675,-81.10625,1.6));
#19240=CARTESIAN_POINT('',(263.675,-81.10625,1.6));
#19241=CARTESIAN_POINT('',(250.675,-81.10625,0.));
#19242=CARTESIAN_POINT('Origin',(250.675,-81.60625,0.));
#19243=CARTESIAN_POINT('',(250.175,-81.60625,0.));
#19244=CARTESIAN_POINT('Origin',(250.675,-81.60625,0.));
#19245=CARTESIAN_POINT('',(250.175,-81.60625,1.6));
#19246=CARTESIAN_POINT('Origin',(250.675,-81.60625,1.6));
#19247=CARTESIAN_POINT('',(250.175,-81.60625,0.));
#19248=CARTESIAN_POINT('Origin',(250.175,-94.60625,0.));
#19249=CARTESIAN_POINT('',(250.175,-94.60625,0.));
#19250=CARTESIAN_POINT('',(250.175,-81.60625,0.));
#19251=CARTESIAN_POINT('',(250.175,-94.60625,1.6));
#19252=CARTESIAN_POINT('',(250.175,-81.60625,1.6));
#19253=CARTESIAN_POINT('',(250.175,-94.60625,0.));
#19254=CARTESIAN_POINT('Origin',(250.675,-94.60625,0.));
#19255=CARTESIAN_POINT('',(250.675,-95.10625,0.));
#19256=CARTESIAN_POINT('Origin',(250.675,-94.60625,0.));
#19257=CARTESIAN_POINT('',(250.675,-95.10625,1.6));
#19258=CARTESIAN_POINT('Origin',(250.675,-94.60625,1.6));
#19259=CARTESIAN_POINT('',(250.675,-95.10625,0.));
#19260=CARTESIAN_POINT('Origin',(263.675,-95.10625,0.));
#19261=CARTESIAN_POINT('',(263.675,-95.10625,0.));
#19262=CARTESIAN_POINT('',(263.675,-95.10625,0.));
#19263=CARTESIAN_POINT('',(263.675,-95.10625,1.6));
#19264=CARTESIAN_POINT('',(263.675,-95.10625,1.6));
#19265=CARTESIAN_POINT('',(263.675,-95.10625,0.));
#19266=CARTESIAN_POINT('Origin',(263.675,-94.60625,0.));
#19267=CARTESIAN_POINT('',(264.175,-94.60625,0.));
#19268=CARTESIAN_POINT('Origin',(263.675,-94.60625,0.));
#19269=CARTESIAN_POINT('',(264.175,-94.60625,1.6));
#19270=CARTESIAN_POINT('Origin',(263.675,-94.60625,1.6));
#19271=CARTESIAN_POINT('',(264.175,-94.60625,0.));
#19272=CARTESIAN_POINT('Origin',(264.175,-81.60625,0.));
#19273=CARTESIAN_POINT('',(264.175,-81.60625,0.));
#19274=CARTESIAN_POINT('',(264.175,-81.60625,0.));
#19275=CARTESIAN_POINT('',(264.175,-81.60625,1.6));
#19276=CARTESIAN_POINT('',(264.175,-81.60625,1.6));
#19277=CARTESIAN_POINT('',(264.175,-81.60625,0.));
#19278=CARTESIAN_POINT('Origin',(263.675,-81.60625,0.));
#19279=CARTESIAN_POINT('Origin',(263.675,-81.60625,0.));
#19280=CARTESIAN_POINT('Origin',(263.675,-81.60625,1.6));
#19281=CARTESIAN_POINT('Origin',(307.325,-35.075,0.));
#19282=CARTESIAN_POINT('',(307.325,-35.075,0.));
#19283=CARTESIAN_POINT('',(307.325,-22.075,0.));
#19284=CARTESIAN_POINT('',(307.325,-22.075,0.));
#19285=CARTESIAN_POINT('',(307.325,-22.075,1.6));
#19286=CARTESIAN_POINT('',(307.325,-22.075,0.));
#19287=CARTESIAN_POINT('',(307.325,-35.075,1.6));
#19288=CARTESIAN_POINT('',(307.325,-22.075,1.6));
#19289=CARTESIAN_POINT('',(307.325,-35.075,0.));
#19290=CARTESIAN_POINT('Origin',(307.825,-35.075,0.));
#19291=CARTESIAN_POINT('',(307.825,-35.575,0.));
#19292=CARTESIAN_POINT('Origin',(307.825,-35.075,0.));
#19293=CARTESIAN_POINT('',(307.825,-35.575,1.6));
#19294=CARTESIAN_POINT('Origin',(307.825,-35.075,1.6));
#19295=CARTESIAN_POINT('',(307.825,-35.575,0.));
#19296=CARTESIAN_POINT('Origin',(320.825,-35.575,0.));
#19297=CARTESIAN_POINT('',(320.825,-35.575,0.));
#19298=CARTESIAN_POINT('',(307.825,-35.575,0.));
#19299=CARTESIAN_POINT('',(320.825,-35.575,1.6));
#19300=CARTESIAN_POINT('',(307.825,-35.575,1.6));
#19301=CARTESIAN_POINT('',(320.825,-35.575,0.));
#19302=CARTESIAN_POINT('Origin',(320.825,-35.075,0.));
#19303=CARTESIAN_POINT('',(321.325,-35.075,0.));
#19304=CARTESIAN_POINT('Origin',(320.825,-35.075,0.));
#19305=CARTESIAN_POINT('',(321.325,-35.075,1.6));
#19306=CARTESIAN_POINT('Origin',(320.825,-35.075,1.6));
#19307=CARTESIAN_POINT('',(321.325,-35.075,0.));
#19308=CARTESIAN_POINT('Origin',(321.325,-22.075,0.));
#19309=CARTESIAN_POINT('',(321.325,-22.075,0.));
#19310=CARTESIAN_POINT('',(321.325,-22.075,0.));
#19311=CARTESIAN_POINT('',(321.325,-22.075,1.6));
#19312=CARTESIAN_POINT('',(321.325,-22.075,1.6));
#19313=CARTESIAN_POINT('',(321.325,-22.075,0.));
#19314=CARTESIAN_POINT('Origin',(320.825,-22.075,0.));
#19315=CARTESIAN_POINT('',(320.825,-21.575,0.));
#19316=CARTESIAN_POINT('Origin',(320.825,-22.075,0.));
#19317=CARTESIAN_POINT('',(320.825,-21.575,1.6));
#19318=CARTESIAN_POINT('Origin',(320.825,-22.075,1.6));
#19319=CARTESIAN_POINT('',(320.825,-21.575,0.));
#19320=CARTESIAN_POINT('Origin',(307.825,-21.575,0.));
#19321=CARTESIAN_POINT('',(307.825,-21.575,0.));
#19322=CARTESIAN_POINT('',(307.825,-21.575,0.));
#19323=CARTESIAN_POINT('',(307.825,-21.575,1.6));
#19324=CARTESIAN_POINT('',(307.825,-21.575,1.6));
#19325=CARTESIAN_POINT('',(307.825,-21.575,0.));
#19326=CARTESIAN_POINT('Origin',(307.825,-22.075,0.));
#19327=CARTESIAN_POINT('Origin',(307.825,-22.075,0.));
#19328=CARTESIAN_POINT('Origin',(307.825,-22.075,1.6));
#19329=CARTESIAN_POINT('Origin',(188.2625,-106.5125,0.));
#19330=CARTESIAN_POINT('',(188.2625,-106.5125,0.));
#19331=CARTESIAN_POINT('',(188.2625,-93.5125,0.));
#19332=CARTESIAN_POINT('',(188.2625,-93.5125,0.));
#19333=CARTESIAN_POINT('',(188.2625,-93.5125,1.6));
#19334=CARTESIAN_POINT('',(188.2625,-93.5125,0.));
#19335=CARTESIAN_POINT('',(188.2625,-106.5125,1.6));
#19336=CARTESIAN_POINT('',(188.2625,-93.5125,1.6));
#19337=CARTESIAN_POINT('',(188.2625,-106.5125,0.));
#19338=CARTESIAN_POINT('Origin',(188.7625,-106.5125,0.));
#19339=CARTESIAN_POINT('',(188.7625,-107.0125,0.));
#19340=CARTESIAN_POINT('Origin',(188.7625,-106.5125,0.));
#19341=CARTESIAN_POINT('',(188.7625,-107.0125,1.6));
#19342=CARTESIAN_POINT('Origin',(188.7625,-106.5125,1.6));
#19343=CARTESIAN_POINT('',(188.7625,-107.0125,0.));
#19344=CARTESIAN_POINT('Origin',(201.7625,-107.0125,0.));
#19345=CARTESIAN_POINT('',(201.7625,-107.0125,0.));
#19346=CARTESIAN_POINT('',(188.7625,-107.0125,0.));
#19347=CARTESIAN_POINT('',(201.7625,-107.0125,1.6));
#19348=CARTESIAN_POINT('',(188.7625,-107.0125,1.6));
#19349=CARTESIAN_POINT('',(201.7625,-107.0125,0.));
#19350=CARTESIAN_POINT('Origin',(201.7625,-106.5125,0.));
#19351=CARTESIAN_POINT('',(202.2625,-106.5125,0.));
#19352=CARTESIAN_POINT('Origin',(201.7625,-106.5125,0.));
#19353=CARTESIAN_POINT('',(202.2625,-106.5125,1.6));
#19354=CARTESIAN_POINT('Origin',(201.7625,-106.5125,1.6));
#19355=CARTESIAN_POINT('',(202.2625,-106.5125,0.));
#19356=CARTESIAN_POINT('Origin',(202.2625,-93.5125,0.));
#19357=CARTESIAN_POINT('',(202.2625,-93.5125,0.));
#19358=CARTESIAN_POINT('',(202.2625,-93.5125,0.));
#19359=CARTESIAN_POINT('',(202.2625,-93.5125,1.6));
#19360=CARTESIAN_POINT('',(202.2625,-93.5125,1.6));
#19361=CARTESIAN_POINT('',(202.2625,-93.5125,0.));
#19362=CARTESIAN_POINT('Origin',(201.7625,-93.5125,0.));
#19363=CARTESIAN_POINT('',(201.7625,-93.0125,0.));
#19364=CARTESIAN_POINT('Origin',(201.7625,-93.5125,0.));
#19365=CARTESIAN_POINT('',(201.7625,-93.0125,1.6));
#19366=CARTESIAN_POINT('Origin',(201.7625,-93.5125,1.6));
#19367=CARTESIAN_POINT('',(201.7625,-93.0125,0.));
#19368=CARTESIAN_POINT('Origin',(188.7625,-93.0125,0.));
#19369=CARTESIAN_POINT('',(188.7625,-93.0125,0.));
#19370=CARTESIAN_POINT('',(188.7625,-93.0125,0.));
#19371=CARTESIAN_POINT('',(188.7625,-93.0125,1.6));
#19372=CARTESIAN_POINT('',(188.7625,-93.0125,1.6));
#19373=CARTESIAN_POINT('',(188.7625,-93.0125,0.));
#19374=CARTESIAN_POINT('Origin',(188.7625,-93.5125,0.));
#19375=CARTESIAN_POINT('Origin',(188.7625,-93.5125,0.));
#19376=CARTESIAN_POINT('Origin',(188.7625,-93.5125,1.6));
#19377=CARTESIAN_POINT('Origin',(269.225,-35.075,0.));
#19378=CARTESIAN_POINT('',(269.225,-35.075,0.));
#19379=CARTESIAN_POINT('',(269.225,-22.075,0.));
#19380=CARTESIAN_POINT('',(269.225,-22.075,0.));
#19381=CARTESIAN_POINT('',(269.225,-22.075,1.6));
#19382=CARTESIAN_POINT('',(269.225,-22.075,0.));
#19383=CARTESIAN_POINT('',(269.225,-35.075,1.6));
#19384=CARTESIAN_POINT('',(269.225,-22.075,1.6));
#19385=CARTESIAN_POINT('',(269.225,-35.075,0.));
#19386=CARTESIAN_POINT('Origin',(269.725,-35.075,0.));
#19387=CARTESIAN_POINT('',(269.725,-35.575,0.));
#19388=CARTESIAN_POINT('Origin',(269.725,-35.075,0.));
#19389=CARTESIAN_POINT('',(269.725,-35.575,1.6));
#19390=CARTESIAN_POINT('Origin',(269.725,-35.075,1.6));
#19391=CARTESIAN_POINT('',(269.725,-35.575,0.));
#19392=CARTESIAN_POINT('Origin',(282.725,-35.575,0.));
#19393=CARTESIAN_POINT('',(282.725,-35.575,0.));
#19394=CARTESIAN_POINT('',(269.725,-35.575,0.));
#19395=CARTESIAN_POINT('',(282.725,-35.575,1.6));
#19396=CARTESIAN_POINT('',(269.725,-35.575,1.6));
#19397=CARTESIAN_POINT('',(282.725,-35.575,0.));
#19398=CARTESIAN_POINT('Origin',(282.725,-35.075,0.));
#19399=CARTESIAN_POINT('',(283.225,-35.075,0.));
#19400=CARTESIAN_POINT('Origin',(282.725,-35.075,0.));
#19401=CARTESIAN_POINT('',(283.225,-35.075,1.6));
#19402=CARTESIAN_POINT('Origin',(282.725,-35.075,1.6));
#19403=CARTESIAN_POINT('',(283.225,-35.075,0.));
#19404=CARTESIAN_POINT('Origin',(283.225,-22.075,0.));
#19405=CARTESIAN_POINT('',(283.225,-22.075,0.));
#19406=CARTESIAN_POINT('',(283.225,-22.075,0.));
#19407=CARTESIAN_POINT('',(283.225,-22.075,1.6));
#19408=CARTESIAN_POINT('',(283.225,-22.075,1.6));
#19409=CARTESIAN_POINT('',(283.225,-22.075,0.));
#19410=CARTESIAN_POINT('Origin',(282.725,-22.075,0.));
#19411=CARTESIAN_POINT('',(282.725,-21.575,0.));
#19412=CARTESIAN_POINT('Origin',(282.725,-22.075,0.));
#19413=CARTESIAN_POINT('',(282.725,-21.575,1.6));
#19414=CARTESIAN_POINT('Origin',(282.725,-22.075,1.6));
#19415=CARTESIAN_POINT('',(282.725,-21.575,0.));
#19416=CARTESIAN_POINT('Origin',(269.725,-21.575,0.));
#19417=CARTESIAN_POINT('',(269.725,-21.575,0.));
#19418=CARTESIAN_POINT('',(269.725,-21.575,0.));
#19419=CARTESIAN_POINT('',(269.725,-21.575,1.6));
#19420=CARTESIAN_POINT('',(269.725,-21.575,1.6));
#19421=CARTESIAN_POINT('',(269.725,-21.575,0.));
#19422=CARTESIAN_POINT('Origin',(269.725,-22.075,0.));
#19423=CARTESIAN_POINT('Origin',(269.725,-22.075,0.));
#19424=CARTESIAN_POINT('Origin',(269.725,-22.075,1.6));
#19425=CARTESIAN_POINT('Origin',(250.175,-35.075,0.));
#19426=CARTESIAN_POINT('',(250.175,-35.075,0.));
#19427=CARTESIAN_POINT('',(250.175,-22.075,0.));
#19428=CARTESIAN_POINT('',(250.175,-22.075,0.));
#19429=CARTESIAN_POINT('',(250.175,-22.075,1.6));
#19430=CARTESIAN_POINT('',(250.175,-22.075,0.));
#19431=CARTESIAN_POINT('',(250.175,-35.075,1.6));
#19432=CARTESIAN_POINT('',(250.175,-22.075,1.6));
#19433=CARTESIAN_POINT('',(250.175,-35.075,0.));
#19434=CARTESIAN_POINT('Origin',(250.675,-35.075,0.));
#19435=CARTESIAN_POINT('',(250.675,-35.575,0.));
#19436=CARTESIAN_POINT('Origin',(250.675,-35.075,0.));
#19437=CARTESIAN_POINT('',(250.675,-35.575,1.6));
#19438=CARTESIAN_POINT('Origin',(250.675,-35.075,1.6));
#19439=CARTESIAN_POINT('',(250.675,-35.575,0.));
#19440=CARTESIAN_POINT('Origin',(263.675,-35.575,0.));
#19441=CARTESIAN_POINT('',(263.675,-35.575,0.));
#19442=CARTESIAN_POINT('',(250.675,-35.575,0.));
#19443=CARTESIAN_POINT('',(263.675,-35.575,1.6));
#19444=CARTESIAN_POINT('',(250.675,-35.575,1.6));
#19445=CARTESIAN_POINT('',(263.675,-35.575,0.));
#19446=CARTESIAN_POINT('Origin',(263.675,-35.075,0.));
#19447=CARTESIAN_POINT('',(264.175,-35.075,0.));
#19448=CARTESIAN_POINT('Origin',(263.675,-35.075,0.));
#19449=CARTESIAN_POINT('',(264.175,-35.075,1.6));
#19450=CARTESIAN_POINT('Origin',(263.675,-35.075,1.6));
#19451=CARTESIAN_POINT('',(264.175,-35.075,0.));
#19452=CARTESIAN_POINT('Origin',(264.175,-22.075,0.));
#19453=CARTESIAN_POINT('',(264.175,-22.075,0.));
#19454=CARTESIAN_POINT('',(264.175,-22.075,0.));
#19455=CARTESIAN_POINT('',(264.175,-22.075,1.6));
#19456=CARTESIAN_POINT('',(264.175,-22.075,1.6));
#19457=CARTESIAN_POINT('',(264.175,-22.075,0.));
#19458=CARTESIAN_POINT('Origin',(263.675,-22.075,0.));
#19459=CARTESIAN_POINT('',(263.675,-21.575,0.));
#19460=CARTESIAN_POINT('Origin',(263.675,-22.075,0.));
#19461=CARTESIAN_POINT('',(263.675,-21.575,1.6));
#19462=CARTESIAN_POINT('Origin',(263.675,-22.075,1.6));
#19463=CARTESIAN_POINT('',(263.675,-21.575,0.));
#19464=CARTESIAN_POINT('Origin',(250.675,-21.575,0.));
#19465=CARTESIAN_POINT('',(250.675,-21.575,0.));
#19466=CARTESIAN_POINT('',(250.675,-21.575,0.));
#19467=CARTESIAN_POINT('',(250.675,-21.575,1.6));
#19468=CARTESIAN_POINT('',(250.675,-21.575,1.6));
#19469=CARTESIAN_POINT('',(250.675,-21.575,0.));
#19470=CARTESIAN_POINT('Origin',(250.675,-22.075,0.));
#19471=CARTESIAN_POINT('Origin',(250.675,-22.075,0.));
#19472=CARTESIAN_POINT('Origin',(250.675,-22.075,1.6));
#19473=CARTESIAN_POINT('Origin',(231.125,-35.075,0.));
#19474=CARTESIAN_POINT('',(231.125,-35.075,0.));
#19475=CARTESIAN_POINT('',(231.125,-22.075,0.));
#19476=CARTESIAN_POINT('',(231.125,-22.075,0.));
#19477=CARTESIAN_POINT('',(231.125,-22.075,1.6));
#19478=CARTESIAN_POINT('',(231.125,-22.075,0.));
#19479=CARTESIAN_POINT('',(231.125,-35.075,1.6));
#19480=CARTESIAN_POINT('',(231.125,-22.075,1.6));
#19481=CARTESIAN_POINT('',(231.125,-35.075,0.));
#19482=CARTESIAN_POINT('Origin',(231.625,-35.075,0.));
#19483=CARTESIAN_POINT('',(231.625,-35.575,0.));
#19484=CARTESIAN_POINT('Origin',(231.625,-35.075,0.));
#19485=CARTESIAN_POINT('',(231.625,-35.575,1.6));
#19486=CARTESIAN_POINT('Origin',(231.625,-35.075,1.6));
#19487=CARTESIAN_POINT('',(231.625,-35.575,0.));
#19488=CARTESIAN_POINT('Origin',(244.625,-35.575,0.));
#19489=CARTESIAN_POINT('',(244.625,-35.575,0.));
#19490=CARTESIAN_POINT('',(231.625,-35.575,0.));
#19491=CARTESIAN_POINT('',(244.625,-35.575,1.6));
#19492=CARTESIAN_POINT('',(231.625,-35.575,1.6));
#19493=CARTESIAN_POINT('',(244.625,-35.575,0.));
#19494=CARTESIAN_POINT('Origin',(244.625,-35.075,0.));
#19495=CARTESIAN_POINT('',(245.125,-35.075,0.));
#19496=CARTESIAN_POINT('Origin',(244.625,-35.075,0.));
#19497=CARTESIAN_POINT('',(245.125,-35.075,1.6));
#19498=CARTESIAN_POINT('Origin',(244.625,-35.075,1.6));
#19499=CARTESIAN_POINT('',(245.125,-35.075,0.));
#19500=CARTESIAN_POINT('Origin',(245.125,-22.075,0.));
#19501=CARTESIAN_POINT('',(245.125,-22.075,0.));
#19502=CARTESIAN_POINT('',(245.125,-22.075,0.));
#19503=CARTESIAN_POINT('',(245.125,-22.075,1.6));
#19504=CARTESIAN_POINT('',(245.125,-22.075,1.6));
#19505=CARTESIAN_POINT('',(245.125,-22.075,0.));
#19506=CARTESIAN_POINT('Origin',(244.625,-22.075,0.));
#19507=CARTESIAN_POINT('',(244.625,-21.575,0.));
#19508=CARTESIAN_POINT('Origin',(244.625,-22.075,0.));
#19509=CARTESIAN_POINT('',(244.625,-21.575,1.6));
#19510=CARTESIAN_POINT('Origin',(244.625,-22.075,1.6));
#19511=CARTESIAN_POINT('',(244.625,-21.575,0.));
#19512=CARTESIAN_POINT('Origin',(231.625,-21.575,0.));
#19513=CARTESIAN_POINT('',(231.625,-21.575,0.));
#19514=CARTESIAN_POINT('',(231.625,-21.575,0.));
#19515=CARTESIAN_POINT('',(231.625,-21.575,1.6));
#19516=CARTESIAN_POINT('',(231.625,-21.575,1.6));
#19517=CARTESIAN_POINT('',(231.625,-21.575,0.));
#19518=CARTESIAN_POINT('Origin',(231.625,-22.075,0.));
#19519=CARTESIAN_POINT('Origin',(231.625,-22.075,0.));
#19520=CARTESIAN_POINT('Origin',(231.625,-22.075,1.6));
#19521=CARTESIAN_POINT('Origin',(212.075,-35.075,0.));
#19522=CARTESIAN_POINT('',(212.075,-35.075,0.));
#19523=CARTESIAN_POINT('',(212.075,-22.075,0.));
#19524=CARTESIAN_POINT('',(212.075,-22.075,0.));
#19525=CARTESIAN_POINT('',(212.075,-22.075,1.6));
#19526=CARTESIAN_POINT('',(212.075,-22.075,0.));
#19527=CARTESIAN_POINT('',(212.075,-35.075,1.6));
#19528=CARTESIAN_POINT('',(212.075,-22.075,1.6));
#19529=CARTESIAN_POINT('',(212.075,-35.075,0.));
#19530=CARTESIAN_POINT('Origin',(212.575,-35.075,0.));
#19531=CARTESIAN_POINT('',(212.575,-35.575,0.));
#19532=CARTESIAN_POINT('Origin',(212.575,-35.075,0.));
#19533=CARTESIAN_POINT('',(212.575,-35.575,1.6));
#19534=CARTESIAN_POINT('Origin',(212.575,-35.075,1.6));
#19535=CARTESIAN_POINT('',(212.575,-35.575,0.));
#19536=CARTESIAN_POINT('Origin',(225.575,-35.575,0.));
#19537=CARTESIAN_POINT('',(225.575,-35.575,0.));
#19538=CARTESIAN_POINT('',(212.575,-35.575,0.));
#19539=CARTESIAN_POINT('',(225.575,-35.575,1.6));
#19540=CARTESIAN_POINT('',(212.575,-35.575,1.6));
#19541=CARTESIAN_POINT('',(225.575,-35.575,0.));
#19542=CARTESIAN_POINT('Origin',(225.575,-35.075,0.));
#19543=CARTESIAN_POINT('',(226.075,-35.075,0.));
#19544=CARTESIAN_POINT('Origin',(225.575,-35.075,0.));
#19545=CARTESIAN_POINT('',(226.075,-35.075,1.6));
#19546=CARTESIAN_POINT('Origin',(225.575,-35.075,1.6));
#19547=CARTESIAN_POINT('',(226.075,-35.075,0.));
#19548=CARTESIAN_POINT('Origin',(226.075,-22.075,0.));
#19549=CARTESIAN_POINT('',(226.075,-22.075,0.));
#19550=CARTESIAN_POINT('',(226.075,-22.075,0.));
#19551=CARTESIAN_POINT('',(226.075,-22.075,1.6));
#19552=CARTESIAN_POINT('',(226.075,-22.075,1.6));
#19553=CARTESIAN_POINT('',(226.075,-22.075,0.));
#19554=CARTESIAN_POINT('Origin',(225.575,-22.075,0.));
#19555=CARTESIAN_POINT('',(225.575,-21.575,0.));
#19556=CARTESIAN_POINT('Origin',(225.575,-22.075,0.));
#19557=CARTESIAN_POINT('',(225.575,-21.575,1.6));
#19558=CARTESIAN_POINT('Origin',(225.575,-22.075,1.6));
#19559=CARTESIAN_POINT('',(225.575,-21.575,0.));
#19560=CARTESIAN_POINT('Origin',(212.575,-21.575,0.));
#19561=CARTESIAN_POINT('',(212.575,-21.575,0.));
#19562=CARTESIAN_POINT('',(212.575,-21.575,0.));
#19563=CARTESIAN_POINT('',(212.575,-21.575,1.6));
#19564=CARTESIAN_POINT('',(212.575,-21.575,1.6));
#19565=CARTESIAN_POINT('',(212.575,-21.575,0.));
#19566=CARTESIAN_POINT('Origin',(212.575,-22.075,0.));
#19567=CARTESIAN_POINT('Origin',(212.575,-22.075,0.));
#19568=CARTESIAN_POINT('Origin',(212.575,-22.075,1.6));
#19569=CARTESIAN_POINT('Origin',(288.275,-54.125,0.));
#19570=CARTESIAN_POINT('',(288.275,-54.125,0.));
#19571=CARTESIAN_POINT('',(288.275,-41.125,0.));
#19572=CARTESIAN_POINT('',(288.275,-41.125,0.));
#19573=CARTESIAN_POINT('',(288.275,-41.125,1.6));
#19574=CARTESIAN_POINT('',(288.275,-41.125,0.));
#19575=CARTESIAN_POINT('',(288.275,-54.125,1.6));
#19576=CARTESIAN_POINT('',(288.275,-41.125,1.6));
#19577=CARTESIAN_POINT('',(288.275,-54.125,0.));
#19578=CARTESIAN_POINT('Origin',(288.775,-54.125,0.));
#19579=CARTESIAN_POINT('',(288.775,-54.625,0.));
#19580=CARTESIAN_POINT('Origin',(288.775,-54.125,0.));
#19581=CARTESIAN_POINT('',(288.775,-54.625,1.6));
#19582=CARTESIAN_POINT('Origin',(288.775,-54.125,1.6));
#19583=CARTESIAN_POINT('',(288.775,-54.625,0.));
#19584=CARTESIAN_POINT('Origin',(301.775,-54.625,0.));
#19585=CARTESIAN_POINT('',(301.775,-54.625,0.));
#19586=CARTESIAN_POINT('',(288.775,-54.625,0.));
#19587=CARTESIAN_POINT('',(301.775,-54.625,1.6));
#19588=CARTESIAN_POINT('',(288.775,-54.625,1.6));
#19589=CARTESIAN_POINT('',(301.775,-54.625,0.));
#19590=CARTESIAN_POINT('Origin',(301.775,-54.125,0.));
#19591=CARTESIAN_POINT('',(302.275,-54.125,0.));
#19592=CARTESIAN_POINT('Origin',(301.775,-54.125,0.));
#19593=CARTESIAN_POINT('',(302.275,-54.125,1.6));
#19594=CARTESIAN_POINT('Origin',(301.775,-54.125,1.6));
#19595=CARTESIAN_POINT('',(302.275,-54.125,0.));
#19596=CARTESIAN_POINT('Origin',(302.275,-41.125,0.));
#19597=CARTESIAN_POINT('',(302.275,-41.125,0.));
#19598=CARTESIAN_POINT('',(302.275,-41.125,0.));
#19599=CARTESIAN_POINT('',(302.275,-41.125,1.6));
#19600=CARTESIAN_POINT('',(302.275,-41.125,1.6));
#19601=CARTESIAN_POINT('',(302.275,-41.125,0.));
#19602=CARTESIAN_POINT('Origin',(301.775,-41.125,0.));
#19603=CARTESIAN_POINT('',(301.775,-40.625,0.));
#19604=CARTESIAN_POINT('Origin',(301.775,-41.125,0.));
#19605=CARTESIAN_POINT('',(301.775,-40.625,1.6));
#19606=CARTESIAN_POINT('Origin',(301.775,-41.125,1.6));
#19607=CARTESIAN_POINT('',(301.775,-40.625,0.));
#19608=CARTESIAN_POINT('Origin',(288.775,-40.625,0.));
#19609=CARTESIAN_POINT('',(288.775,-40.625,0.));
#19610=CARTESIAN_POINT('',(288.775,-40.625,0.));
#19611=CARTESIAN_POINT('',(288.775,-40.625,1.6));
#19612=CARTESIAN_POINT('',(288.775,-40.625,1.6));
#19613=CARTESIAN_POINT('',(288.775,-40.625,0.));
#19614=CARTESIAN_POINT('Origin',(288.775,-41.125,0.));
#19615=CARTESIAN_POINT('Origin',(288.775,-41.125,0.));
#19616=CARTESIAN_POINT('Origin',(288.775,-41.125,1.6));
#19617=CARTESIAN_POINT('Origin',(316.85,-54.125,0.));
#19618=CARTESIAN_POINT('',(316.85,-54.125,0.));
#19619=CARTESIAN_POINT('',(316.85,-41.125,0.));
#19620=CARTESIAN_POINT('',(316.85,-41.125,0.));
#19621=CARTESIAN_POINT('',(316.85,-41.125,1.6));
#19622=CARTESIAN_POINT('',(316.85,-41.125,0.));
#19623=CARTESIAN_POINT('',(316.85,-54.125,1.6));
#19624=CARTESIAN_POINT('',(316.85,-41.125,1.6));
#19625=CARTESIAN_POINT('',(316.85,-54.125,0.));
#19626=CARTESIAN_POINT('Origin',(317.35,-54.125,0.));
#19627=CARTESIAN_POINT('',(317.35,-54.625,0.));
#19628=CARTESIAN_POINT('Origin',(317.35,-54.125,0.));
#19629=CARTESIAN_POINT('',(317.35,-54.625,1.6));
#19630=CARTESIAN_POINT('Origin',(317.35,-54.125,1.6));
#19631=CARTESIAN_POINT('',(317.35,-54.625,0.));
#19632=CARTESIAN_POINT('Origin',(330.35,-54.625,0.));
#19633=CARTESIAN_POINT('',(330.35,-54.625,0.));
#19634=CARTESIAN_POINT('',(317.35,-54.625,0.));
#19635=CARTESIAN_POINT('',(330.35,-54.625,1.6));
#19636=CARTESIAN_POINT('',(317.35,-54.625,1.6));
#19637=CARTESIAN_POINT('',(330.35,-54.625,0.));
#19638=CARTESIAN_POINT('Origin',(330.35,-54.125,0.));
#19639=CARTESIAN_POINT('',(330.85,-54.125,0.));
#19640=CARTESIAN_POINT('Origin',(330.35,-54.125,0.));
#19641=CARTESIAN_POINT('',(330.85,-54.125,1.6));
#19642=CARTESIAN_POINT('Origin',(330.35,-54.125,1.6));
#19643=CARTESIAN_POINT('',(330.85,-54.125,0.));
#19644=CARTESIAN_POINT('Origin',(330.85,-41.125,0.));
#19645=CARTESIAN_POINT('',(330.85,-41.125,0.));
#19646=CARTESIAN_POINT('',(330.85,-41.125,0.));
#19647=CARTESIAN_POINT('',(330.85,-41.125,1.6));
#19648=CARTESIAN_POINT('',(330.85,-41.125,1.6));
#19649=CARTESIAN_POINT('',(330.85,-41.125,0.));
#19650=CARTESIAN_POINT('Origin',(330.35,-41.125,0.));
#19651=CARTESIAN_POINT('',(330.35,-40.625,0.));
#19652=CARTESIAN_POINT('Origin',(330.35,-41.125,0.));
#19653=CARTESIAN_POINT('',(330.35,-40.625,1.6));
#19654=CARTESIAN_POINT('Origin',(330.35,-41.125,1.6));
#19655=CARTESIAN_POINT('',(330.35,-40.625,0.));
#19656=CARTESIAN_POINT('Origin',(317.35,-40.625,0.));
#19657=CARTESIAN_POINT('',(317.35,-40.625,0.));
#19658=CARTESIAN_POINT('',(317.35,-40.625,0.));
#19659=CARTESIAN_POINT('',(317.35,-40.625,1.6));
#19660=CARTESIAN_POINT('',(317.35,-40.625,1.6));
#19661=CARTESIAN_POINT('',(317.35,-40.625,0.));
#19662=CARTESIAN_POINT('Origin',(317.35,-41.125,0.));
#19663=CARTESIAN_POINT('Origin',(317.35,-41.125,0.));
#19664=CARTESIAN_POINT('Origin',(317.35,-41.125,1.6));
#19665=CARTESIAN_POINT('Origin',(269.225,-16.025,0.));
#19666=CARTESIAN_POINT('',(269.225,-16.025,0.));
#19667=CARTESIAN_POINT('',(269.225,-3.025,0.));
#19668=CARTESIAN_POINT('',(269.225,-3.025,0.));
#19669=CARTESIAN_POINT('',(269.225,-3.025,1.6));
#19670=CARTESIAN_POINT('',(269.225,-3.025,0.));
#19671=CARTESIAN_POINT('',(269.225,-16.025,1.6));
#19672=CARTESIAN_POINT('',(269.225,-3.025,1.6));
#19673=CARTESIAN_POINT('',(269.225,-16.025,0.));
#19674=CARTESIAN_POINT('Origin',(269.725,-16.025,0.));
#19675=CARTESIAN_POINT('',(269.725,-16.525,0.));
#19676=CARTESIAN_POINT('Origin',(269.725,-16.025,0.));
#19677=CARTESIAN_POINT('',(269.725,-16.525,1.6));
#19678=CARTESIAN_POINT('Origin',(269.725,-16.025,1.6));
#19679=CARTESIAN_POINT('',(269.725,-16.525,0.));
#19680=CARTESIAN_POINT('Origin',(282.725,-16.525,0.));
#19681=CARTESIAN_POINT('',(282.725,-16.525,0.));
#19682=CARTESIAN_POINT('',(269.725,-16.525,0.));
#19683=CARTESIAN_POINT('',(282.725,-16.525,1.6));
#19684=CARTESIAN_POINT('',(269.725,-16.525,1.6));
#19685=CARTESIAN_POINT('',(282.725,-16.525,0.));
#19686=CARTESIAN_POINT('Origin',(282.725,-16.025,0.));
#19687=CARTESIAN_POINT('',(283.225,-16.025,0.));
#19688=CARTESIAN_POINT('Origin',(282.725,-16.025,0.));
#19689=CARTESIAN_POINT('',(283.225,-16.025,1.6));
#19690=CARTESIAN_POINT('Origin',(282.725,-16.025,1.6));
#19691=CARTESIAN_POINT('',(283.225,-16.025,0.));
#19692=CARTESIAN_POINT('Origin',(283.225,-3.025,0.));
#19693=CARTESIAN_POINT('',(283.225,-3.025,0.));
#19694=CARTESIAN_POINT('',(283.225,-3.025,0.));
#19695=CARTESIAN_POINT('',(283.225,-3.025,1.6));
#19696=CARTESIAN_POINT('',(283.225,-3.025,1.6));
#19697=CARTESIAN_POINT('',(283.225,-3.025,0.));
#19698=CARTESIAN_POINT('Origin',(282.725,-3.025,0.));
#19699=CARTESIAN_POINT('',(282.725,-2.52499999999999,0.));
#19700=CARTESIAN_POINT('Origin',(282.725,-3.025,0.));
#19701=CARTESIAN_POINT('',(282.725,-2.525,1.6));
#19702=CARTESIAN_POINT('Origin',(282.725,-3.025,1.6));
#19703=CARTESIAN_POINT('',(282.725,-2.52499999999999,0.));
#19704=CARTESIAN_POINT('Origin',(269.725,-2.525,0.));
#19705=CARTESIAN_POINT('',(269.725,-2.525,0.));
#19706=CARTESIAN_POINT('',(269.725,-2.525,0.));
#19707=CARTESIAN_POINT('',(269.725,-2.525,1.6));
#19708=CARTESIAN_POINT('',(269.725,-2.525,1.6));
#19709=CARTESIAN_POINT('',(269.725,-2.525,0.));
#19710=CARTESIAN_POINT('Origin',(269.725,-3.025,0.));
#19711=CARTESIAN_POINT('Origin',(269.725,-3.025,0.));
#19712=CARTESIAN_POINT('Origin',(269.725,-3.025,1.6));
#19713=CARTESIAN_POINT('Origin',(269.225,-73.175,0.));
#19714=CARTESIAN_POINT('',(269.225,-73.175,0.));
#19715=CARTESIAN_POINT('',(269.225,-60.175,0.));
#19716=CARTESIAN_POINT('',(269.225,-60.175,0.));
#19717=CARTESIAN_POINT('',(269.225,-60.175,1.6));
#19718=CARTESIAN_POINT('',(269.225,-60.175,0.));
#19719=CARTESIAN_POINT('',(269.225,-73.175,1.6));
#19720=CARTESIAN_POINT('',(269.225,-60.175,1.6));
#19721=CARTESIAN_POINT('',(269.225,-73.175,0.));
#19722=CARTESIAN_POINT('Origin',(269.725,-73.175,0.));
#19723=CARTESIAN_POINT('',(269.725,-73.675,0.));
#19724=CARTESIAN_POINT('Origin',(269.725,-73.175,0.));
#19725=CARTESIAN_POINT('',(269.725,-73.675,1.6));
#19726=CARTESIAN_POINT('Origin',(269.725,-73.175,1.6));
#19727=CARTESIAN_POINT('',(269.725,-73.675,0.));
#19728=CARTESIAN_POINT('Origin',(282.725,-73.675,0.));
#19729=CARTESIAN_POINT('',(282.725,-73.675,0.));
#19730=CARTESIAN_POINT('',(269.725,-73.675,0.));
#19731=CARTESIAN_POINT('',(282.725,-73.675,1.6));
#19732=CARTESIAN_POINT('',(269.725,-73.675,1.6));
#19733=CARTESIAN_POINT('',(282.725,-73.675,0.));
#19734=CARTESIAN_POINT('Origin',(282.725,-73.175,0.));
#19735=CARTESIAN_POINT('',(283.225,-73.175,0.));
#19736=CARTESIAN_POINT('Origin',(282.725,-73.175,0.));
#19737=CARTESIAN_POINT('',(283.225,-73.175,1.6));
#19738=CARTESIAN_POINT('Origin',(282.725,-73.175,1.6));
#19739=CARTESIAN_POINT('',(283.225,-73.175,0.));
#19740=CARTESIAN_POINT('Origin',(283.225,-60.175,0.));
#19741=CARTESIAN_POINT('',(283.225,-60.175,0.));
#19742=CARTESIAN_POINT('',(283.225,-60.175,0.));
#19743=CARTESIAN_POINT('',(283.225,-60.175,1.6));
#19744=CARTESIAN_POINT('',(283.225,-60.175,1.6));
#19745=CARTESIAN_POINT('',(283.225,-60.175,0.));
#19746=CARTESIAN_POINT('Origin',(282.725,-60.175,0.));
#19747=CARTESIAN_POINT('',(282.725,-59.675,0.));
#19748=CARTESIAN_POINT('Origin',(282.725,-60.175,0.));
#19749=CARTESIAN_POINT('',(282.725,-59.675,1.6));
#19750=CARTESIAN_POINT('Origin',(282.725,-60.175,1.6));
#19751=CARTESIAN_POINT('',(282.725,-59.675,0.));
#19752=CARTESIAN_POINT('Origin',(269.725,-59.675,0.));
#19753=CARTESIAN_POINT('',(269.725,-59.675,0.));
#19754=CARTESIAN_POINT('',(269.725,-59.675,0.));
#19755=CARTESIAN_POINT('',(269.725,-59.675,1.6));
#19756=CARTESIAN_POINT('',(269.725,-59.675,1.6));
#19757=CARTESIAN_POINT('',(269.725,-59.675,0.));
#19758=CARTESIAN_POINT('Origin',(269.725,-60.175,0.));
#19759=CARTESIAN_POINT('Origin',(269.725,-60.175,0.));
#19760=CARTESIAN_POINT('Origin',(269.725,-60.175,1.6));
#19761=CARTESIAN_POINT('Origin',(332.288,-56.125,0.));
#19762=CARTESIAN_POINT('',(332.288,-56.125,0.));
#19763=CARTESIAN_POINT('',(332.288,-42.125,0.));
#19764=CARTESIAN_POINT('',(332.288,-42.125,0.));
#19765=CARTESIAN_POINT('',(332.288,-42.125,1.6));
#19766=CARTESIAN_POINT('',(332.288,-42.125,0.));
#19767=CARTESIAN_POINT('',(332.288,-56.125,1.6));
#19768=CARTESIAN_POINT('',(332.288,-42.125,1.6));
#19769=CARTESIAN_POINT('',(332.288,-56.125,0.));
#19770=CARTESIAN_POINT('Origin',(332.788,-56.125,0.));
#19771=CARTESIAN_POINT('',(332.788,-56.625,0.));
#19772=CARTESIAN_POINT('Origin',(332.788,-56.125,0.));
#19773=CARTESIAN_POINT('',(332.788,-56.625,1.6));
#19774=CARTESIAN_POINT('Origin',(332.788,-56.125,1.6));
#19775=CARTESIAN_POINT('',(332.788,-56.625,0.));
#19776=CARTESIAN_POINT('Origin',(338.788,-56.625,0.));
#19777=CARTESIAN_POINT('',(338.788,-56.625,0.));
#19778=CARTESIAN_POINT('',(332.788,-56.625,0.));
#19779=CARTESIAN_POINT('',(338.788,-56.625,1.6));
#19780=CARTESIAN_POINT('',(332.788,-56.625,1.6));
#19781=CARTESIAN_POINT('',(338.788,-56.625,0.));
#19782=CARTESIAN_POINT('Origin',(338.788,-56.125,0.));
#19783=CARTESIAN_POINT('',(339.288,-56.125,0.));
#19784=CARTESIAN_POINT('Origin',(338.788,-56.125,0.));
#19785=CARTESIAN_POINT('',(339.288,-56.125,1.6));
#19786=CARTESIAN_POINT('Origin',(338.788,-56.125,1.6));
#19787=CARTESIAN_POINT('',(339.288,-56.125,0.));
#19788=CARTESIAN_POINT('Origin',(339.288,-42.125,0.));
#19789=CARTESIAN_POINT('',(339.288,-42.125,0.));
#19790=CARTESIAN_POINT('',(339.288,-42.125,0.));
#19791=CARTESIAN_POINT('',(339.288,-42.125,1.6));
#19792=CARTESIAN_POINT('',(339.288,-42.125,1.6));
#19793=CARTESIAN_POINT('',(339.288,-42.125,0.));
#19794=CARTESIAN_POINT('Origin',(338.788,-42.125,0.));
#19795=CARTESIAN_POINT('',(338.788,-41.625,0.));
#19796=CARTESIAN_POINT('Origin',(338.788,-42.125,0.));
#19797=CARTESIAN_POINT('',(338.788,-41.625,1.6));
#19798=CARTESIAN_POINT('Origin',(338.788,-42.125,1.6));
#19799=CARTESIAN_POINT('',(338.788,-41.625,0.));
#19800=CARTESIAN_POINT('Origin',(332.788,-41.625,0.));
#19801=CARTESIAN_POINT('',(332.788,-41.625,0.));
#19802=CARTESIAN_POINT('',(332.788,-41.625,0.));
#19803=CARTESIAN_POINT('',(332.788,-41.625,1.6));
#19804=CARTESIAN_POINT('',(332.788,-41.625,1.6));
#19805=CARTESIAN_POINT('',(332.788,-41.625,0.));
#19806=CARTESIAN_POINT('Origin',(332.788,-42.125,0.));
#19807=CARTESIAN_POINT('Origin',(332.788,-42.125,0.));
#19808=CARTESIAN_POINT('Origin',(332.788,-42.125,1.6));
#19809=CARTESIAN_POINT('Origin',(307.325,-73.175,0.));
#19810=CARTESIAN_POINT('',(307.325,-73.175,0.));
#19811=CARTESIAN_POINT('',(307.325,-60.175,0.));
#19812=CARTESIAN_POINT('',(307.325,-60.175,0.));
#19813=CARTESIAN_POINT('',(307.325,-60.175,1.6));
#19814=CARTESIAN_POINT('',(307.325,-60.175,0.));
#19815=CARTESIAN_POINT('',(307.325,-73.175,1.6));
#19816=CARTESIAN_POINT('',(307.325,-60.175,1.6));
#19817=CARTESIAN_POINT('',(307.325,-73.175,0.));
#19818=CARTESIAN_POINT('Origin',(307.825,-73.175,0.));
#19819=CARTESIAN_POINT('',(307.825,-73.675,0.));
#19820=CARTESIAN_POINT('Origin',(307.825,-73.175,0.));
#19821=CARTESIAN_POINT('',(307.825,-73.675,1.6));
#19822=CARTESIAN_POINT('Origin',(307.825,-73.175,1.6));
#19823=CARTESIAN_POINT('',(307.825,-73.675,0.));
#19824=CARTESIAN_POINT('Origin',(320.825,-73.675,0.));
#19825=CARTESIAN_POINT('',(320.825,-73.675,0.));
#19826=CARTESIAN_POINT('',(307.825,-73.675,0.));
#19827=CARTESIAN_POINT('',(320.825,-73.675,1.6));
#19828=CARTESIAN_POINT('',(307.825,-73.675,1.6));
#19829=CARTESIAN_POINT('',(320.825,-73.675,0.));
#19830=CARTESIAN_POINT('Origin',(320.825,-73.175,0.));
#19831=CARTESIAN_POINT('',(321.325,-73.175,0.));
#19832=CARTESIAN_POINT('Origin',(320.825,-73.175,0.));
#19833=CARTESIAN_POINT('',(321.325,-73.175,1.6));
#19834=CARTESIAN_POINT('Origin',(320.825,-73.175,1.6));
#19835=CARTESIAN_POINT('',(321.325,-73.175,0.));
#19836=CARTESIAN_POINT('Origin',(321.325,-60.175,0.));
#19837=CARTESIAN_POINT('',(321.325,-60.175,0.));
#19838=CARTESIAN_POINT('',(321.325,-60.175,0.));
#19839=CARTESIAN_POINT('',(321.325,-60.175,1.6));
#19840=CARTESIAN_POINT('',(321.325,-60.175,1.6));
#19841=CARTESIAN_POINT('',(321.325,-60.175,0.));
#19842=CARTESIAN_POINT('Origin',(320.825,-60.175,0.));
#19843=CARTESIAN_POINT('',(320.825,-59.675,0.));
#19844=CARTESIAN_POINT('Origin',(320.825,-60.175,0.));
#19845=CARTESIAN_POINT('',(320.825,-59.675,1.6));
#19846=CARTESIAN_POINT('Origin',(320.825,-60.175,1.6));
#19847=CARTESIAN_POINT('',(320.825,-59.675,0.));
#19848=CARTESIAN_POINT('Origin',(307.825,-59.675,0.));
#19849=CARTESIAN_POINT('',(307.825,-59.675,0.));
#19850=CARTESIAN_POINT('',(307.825,-59.675,0.));
#19851=CARTESIAN_POINT('',(307.825,-59.675,1.6));
#19852=CARTESIAN_POINT('',(307.825,-59.675,1.6));
#19853=CARTESIAN_POINT('',(307.825,-59.675,0.));
#19854=CARTESIAN_POINT('Origin',(307.825,-60.175,0.));
#19855=CARTESIAN_POINT('Origin',(307.825,-60.175,0.));
#19856=CARTESIAN_POINT('Origin',(307.825,-60.175,1.6));
#19857=CARTESIAN_POINT('Origin',(288.275,-16.025,0.));
#19858=CARTESIAN_POINT('',(288.275,-16.025,0.));
#19859=CARTESIAN_POINT('',(288.275,-3.025,0.));
#19860=CARTESIAN_POINT('',(288.275,-3.025,0.));
#19861=CARTESIAN_POINT('',(288.275,-3.025,1.6));
#19862=CARTESIAN_POINT('',(288.275,-3.025,0.));
#19863=CARTESIAN_POINT('',(288.275,-16.025,1.6));
#19864=CARTESIAN_POINT('',(288.275,-3.025,1.6));
#19865=CARTESIAN_POINT('',(288.275,-16.025,0.));
#19866=CARTESIAN_POINT('Origin',(288.775,-16.025,0.));
#19867=CARTESIAN_POINT('',(288.775,-16.525,0.));
#19868=CARTESIAN_POINT('Origin',(288.775,-16.025,0.));
#19869=CARTESIAN_POINT('',(288.775,-16.525,1.6));
#19870=CARTESIAN_POINT('Origin',(288.775,-16.025,1.6));
#19871=CARTESIAN_POINT('',(288.775,-16.525,0.));
#19872=CARTESIAN_POINT('Origin',(301.775,-16.525,0.));
#19873=CARTESIAN_POINT('',(301.775,-16.525,0.));
#19874=CARTESIAN_POINT('',(288.775,-16.525,0.));
#19875=CARTESIAN_POINT('',(301.775,-16.525,1.6));
#19876=CARTESIAN_POINT('',(288.775,-16.525,1.6));
#19877=CARTESIAN_POINT('',(301.775,-16.525,0.));
#19878=CARTESIAN_POINT('Origin',(301.775,-16.025,0.));
#19879=CARTESIAN_POINT('',(302.275,-16.025,0.));
#19880=CARTESIAN_POINT('Origin',(301.775,-16.025,0.));
#19881=CARTESIAN_POINT('',(302.275,-16.025,1.6));
#19882=CARTESIAN_POINT('Origin',(301.775,-16.025,1.6));
#19883=CARTESIAN_POINT('',(302.275,-16.025,0.));
#19884=CARTESIAN_POINT('Origin',(302.275,-3.025,0.));
#19885=CARTESIAN_POINT('',(302.275,-3.025,0.));
#19886=CARTESIAN_POINT('',(302.275,-3.025,0.));
#19887=CARTESIAN_POINT('',(302.275,-3.025,1.6));
#19888=CARTESIAN_POINT('',(302.275,-3.025,1.6));
#19889=CARTESIAN_POINT('',(302.275,-3.025,0.));
#19890=CARTESIAN_POINT('Origin',(301.775,-3.025,0.));
#19891=CARTESIAN_POINT('',(301.775,-2.52499999999999,0.));
#19892=CARTESIAN_POINT('Origin',(301.775,-3.025,0.));
#19893=CARTESIAN_POINT('',(301.775,-2.525,1.6));
#19894=CARTESIAN_POINT('Origin',(301.775,-3.025,1.6));
#19895=CARTESIAN_POINT('',(301.775,-2.52499999999999,0.));
#19896=CARTESIAN_POINT('Origin',(288.775,-2.525,0.));
#19897=CARTESIAN_POINT('',(288.775,-2.525,0.));
#19898=CARTESIAN_POINT('',(288.775,-2.525,0.));
#19899=CARTESIAN_POINT('',(288.775,-2.525,1.6));
#19900=CARTESIAN_POINT('',(288.775,-2.525,1.6));
#19901=CARTESIAN_POINT('',(288.775,-2.525,0.));
#19902=CARTESIAN_POINT('Origin',(288.775,-3.025,0.));
#19903=CARTESIAN_POINT('Origin',(288.775,-3.025,0.));
#19904=CARTESIAN_POINT('Origin',(288.775,-3.025,1.6));
#19905=CARTESIAN_POINT('Origin',(212.075,-16.025,0.));
#19906=CARTESIAN_POINT('',(212.075,-16.025,0.));
#19907=CARTESIAN_POINT('',(212.075,-3.025,0.));
#19908=CARTESIAN_POINT('',(212.075,-3.025,0.));
#19909=CARTESIAN_POINT('',(212.075,-3.025,1.6));
#19910=CARTESIAN_POINT('',(212.075,-3.025,0.));
#19911=CARTESIAN_POINT('',(212.075,-16.025,1.6));
#19912=CARTESIAN_POINT('',(212.075,-3.025,1.6));
#19913=CARTESIAN_POINT('',(212.075,-16.025,0.));
#19914=CARTESIAN_POINT('Origin',(212.575,-16.025,0.));
#19915=CARTESIAN_POINT('',(212.575,-16.525,0.));
#19916=CARTESIAN_POINT('Origin',(212.575,-16.025,0.));
#19917=CARTESIAN_POINT('',(212.575,-16.525,1.6));
#19918=CARTESIAN_POINT('Origin',(212.575,-16.025,1.6));
#19919=CARTESIAN_POINT('',(212.575,-16.525,0.));
#19920=CARTESIAN_POINT('Origin',(225.575,-16.525,0.));
#19921=CARTESIAN_POINT('',(225.575,-16.525,0.));
#19922=CARTESIAN_POINT('',(212.575,-16.525,0.));
#19923=CARTESIAN_POINT('',(225.575,-16.525,1.6));
#19924=CARTESIAN_POINT('',(212.575,-16.525,1.6));
#19925=CARTESIAN_POINT('',(225.575,-16.525,0.));
#19926=CARTESIAN_POINT('Origin',(225.575,-16.025,0.));
#19927=CARTESIAN_POINT('',(226.075,-16.025,0.));
#19928=CARTESIAN_POINT('Origin',(225.575,-16.025,0.));
#19929=CARTESIAN_POINT('',(226.075,-16.025,1.6));
#19930=CARTESIAN_POINT('Origin',(225.575,-16.025,1.6));
#19931=CARTESIAN_POINT('',(226.075,-16.025,0.));
#19932=CARTESIAN_POINT('Origin',(226.075,-3.025,0.));
#19933=CARTESIAN_POINT('',(226.075,-3.025,0.));
#19934=CARTESIAN_POINT('',(226.075,-3.025,0.));
#19935=CARTESIAN_POINT('',(226.075,-3.025,1.6));
#19936=CARTESIAN_POINT('',(226.075,-3.025,1.6));
#19937=CARTESIAN_POINT('',(226.075,-3.025,0.));
#19938=CARTESIAN_POINT('Origin',(225.575,-3.025,0.));
#19939=CARTESIAN_POINT('',(225.575,-2.52499999999999,0.));
#19940=CARTESIAN_POINT('Origin',(225.575,-3.025,0.));
#19941=CARTESIAN_POINT('',(225.575,-2.525,1.6));
#19942=CARTESIAN_POINT('Origin',(225.575,-3.025,1.6));
#19943=CARTESIAN_POINT('',(225.575,-2.52499999999999,0.));
#19944=CARTESIAN_POINT('Origin',(212.575,-2.525,0.));
#19945=CARTESIAN_POINT('',(212.575,-2.525,0.));
#19946=CARTESIAN_POINT('',(212.575,-2.525,0.));
#19947=CARTESIAN_POINT('',(212.575,-2.525,1.6));
#19948=CARTESIAN_POINT('',(212.575,-2.525,1.6));
#19949=CARTESIAN_POINT('',(212.575,-2.525,0.));
#19950=CARTESIAN_POINT('Origin',(212.575,-3.025,0.));
#19951=CARTESIAN_POINT('Origin',(212.575,-3.025,0.));
#19952=CARTESIAN_POINT('Origin',(212.575,-3.025,1.6));
#19953=CARTESIAN_POINT('Origin',(250.175,-16.025,0.));
#19954=CARTESIAN_POINT('',(250.175,-16.025,0.));
#19955=CARTESIAN_POINT('',(250.175,-3.025,0.));
#19956=CARTESIAN_POINT('',(250.175,-3.025,0.));
#19957=CARTESIAN_POINT('',(250.175,-3.025,1.6));
#19958=CARTESIAN_POINT('',(250.175,-3.025,0.));
#19959=CARTESIAN_POINT('',(250.175,-16.025,1.6));
#19960=CARTESIAN_POINT('',(250.175,-3.025,1.6));
#19961=CARTESIAN_POINT('',(250.175,-16.025,0.));
#19962=CARTESIAN_POINT('Origin',(250.675,-16.025,0.));
#19963=CARTESIAN_POINT('',(250.675,-16.525,0.));
#19964=CARTESIAN_POINT('Origin',(250.675,-16.025,0.));
#19965=CARTESIAN_POINT('',(250.675,-16.525,1.6));
#19966=CARTESIAN_POINT('Origin',(250.675,-16.025,1.6));
#19967=CARTESIAN_POINT('',(250.675,-16.525,0.));
#19968=CARTESIAN_POINT('Origin',(263.675,-16.525,0.));
#19969=CARTESIAN_POINT('',(263.675,-16.525,0.));
#19970=CARTESIAN_POINT('',(250.675,-16.525,0.));
#19971=CARTESIAN_POINT('',(263.675,-16.525,1.6));
#19972=CARTESIAN_POINT('',(250.675,-16.525,1.6));
#19973=CARTESIAN_POINT('',(263.675,-16.525,0.));
#19974=CARTESIAN_POINT('Origin',(263.675,-16.025,0.));
#19975=CARTESIAN_POINT('',(264.175,-16.025,0.));
#19976=CARTESIAN_POINT('Origin',(263.675,-16.025,0.));
#19977=CARTESIAN_POINT('',(264.175,-16.025,1.6));
#19978=CARTESIAN_POINT('Origin',(263.675,-16.025,1.6));
#19979=CARTESIAN_POINT('',(264.175,-16.025,0.));
#19980=CARTESIAN_POINT('Origin',(264.175,-3.025,0.));
#19981=CARTESIAN_POINT('',(264.175,-3.025,0.));
#19982=CARTESIAN_POINT('',(264.175,-3.025,0.));
#19983=CARTESIAN_POINT('',(264.175,-3.025,1.6));
#19984=CARTESIAN_POINT('',(264.175,-3.025,1.6));
#19985=CARTESIAN_POINT('',(264.175,-3.025,0.));
#19986=CARTESIAN_POINT('Origin',(263.675,-3.025,0.));
#19987=CARTESIAN_POINT('',(263.675,-2.52499999999999,0.));
#19988=CARTESIAN_POINT('Origin',(263.675,-3.025,0.));
#19989=CARTESIAN_POINT('',(263.675,-2.525,1.6));
#19990=CARTESIAN_POINT('Origin',(263.675,-3.025,1.6));
#19991=CARTESIAN_POINT('',(263.675,-2.52499999999999,0.));
#19992=CARTESIAN_POINT('Origin',(250.675,-2.525,0.));
#19993=CARTESIAN_POINT('',(250.675,-2.525,0.));
#19994=CARTESIAN_POINT('',(250.675,-2.525,0.));
#19995=CARTESIAN_POINT('',(250.675,-2.525,1.6));
#19996=CARTESIAN_POINT('',(250.675,-2.525,1.6));
#19997=CARTESIAN_POINT('',(250.675,-2.525,0.));
#19998=CARTESIAN_POINT('Origin',(250.675,-3.025,0.));
#19999=CARTESIAN_POINT('Origin',(250.675,-3.025,0.));
#20000=CARTESIAN_POINT('Origin',(250.675,-3.025,1.6));
#20001=CARTESIAN_POINT('Origin',(326.375,-92.225,0.));
#20002=CARTESIAN_POINT('',(326.375,-92.225,0.));
#20003=CARTESIAN_POINT('',(326.375,-79.225,0.));
#20004=CARTESIAN_POINT('',(326.375,-79.225,0.));
#20005=CARTESIAN_POINT('',(326.375,-79.225,1.6));
#20006=CARTESIAN_POINT('',(326.375,-79.225,0.));
#20007=CARTESIAN_POINT('',(326.375,-92.225,1.6));
#20008=CARTESIAN_POINT('',(326.375,-79.225,1.6));
#20009=CARTESIAN_POINT('',(326.375,-92.225,0.));
#20010=CARTESIAN_POINT('Origin',(326.875,-92.225,0.));
#20011=CARTESIAN_POINT('',(326.875,-92.725,0.));
#20012=CARTESIAN_POINT('Origin',(326.875,-92.225,0.));
#20013=CARTESIAN_POINT('',(326.875,-92.725,1.6));
#20014=CARTESIAN_POINT('Origin',(326.875,-92.225,1.6));
#20015=CARTESIAN_POINT('',(326.875,-92.725,0.));
#20016=CARTESIAN_POINT('Origin',(339.875,-92.725,0.));
#20017=CARTESIAN_POINT('',(339.875,-92.725,0.));
#20018=CARTESIAN_POINT('',(326.875,-92.725,0.));
#20019=CARTESIAN_POINT('',(339.875,-92.725,1.6));
#20020=CARTESIAN_POINT('',(326.875,-92.725,1.6));
#20021=CARTESIAN_POINT('',(339.875,-92.725,0.));
#20022=CARTESIAN_POINT('Origin',(339.875,-92.225,0.));
#20023=CARTESIAN_POINT('',(340.375,-92.225,0.));
#20024=CARTESIAN_POINT('Origin',(339.875,-92.225,0.));
#20025=CARTESIAN_POINT('',(340.375,-92.225,1.6));
#20026=CARTESIAN_POINT('Origin',(339.875,-92.225,1.6));
#20027=CARTESIAN_POINT('',(340.375,-92.225,0.));
#20028=CARTESIAN_POINT('Origin',(340.375,-79.225,0.));
#20029=CARTESIAN_POINT('',(340.375,-79.225,0.));
#20030=CARTESIAN_POINT('',(340.375,-79.225,0.));
#20031=CARTESIAN_POINT('',(340.375,-79.225,1.6));
#20032=CARTESIAN_POINT('',(340.375,-79.225,1.6));
#20033=CARTESIAN_POINT('',(340.375,-79.225,0.));
#20034=CARTESIAN_POINT('Origin',(339.875,-79.225,0.));
#20035=CARTESIAN_POINT('',(339.875,-78.725,0.));
#20036=CARTESIAN_POINT('Origin',(339.875,-79.225,0.));
#20037=CARTESIAN_POINT('',(339.875,-78.725,1.6));
#20038=CARTESIAN_POINT('Origin',(339.875,-79.225,1.6));
#20039=CARTESIAN_POINT('',(339.875,-78.725,0.));
#20040=CARTESIAN_POINT('Origin',(326.875,-78.725,0.));
#20041=CARTESIAN_POINT('',(326.875,-78.725,0.));
#20042=CARTESIAN_POINT('',(326.875,-78.725,0.));
#20043=CARTESIAN_POINT('',(326.875,-78.725,1.6));
#20044=CARTESIAN_POINT('',(326.875,-78.725,1.6));
#20045=CARTESIAN_POINT('',(326.875,-78.725,0.));
#20046=CARTESIAN_POINT('Origin',(326.875,-79.225,0.));
#20047=CARTESIAN_POINT('Origin',(326.875,-79.225,0.));
#20048=CARTESIAN_POINT('Origin',(326.875,-79.225,1.6));
#20049=CARTESIAN_POINT('Origin',(288.275,-73.175,0.));
#20050=CARTESIAN_POINT('',(288.275,-73.175,0.));
#20051=CARTESIAN_POINT('',(288.275,-60.175,0.));
#20052=CARTESIAN_POINT('',(288.275,-60.175,0.));
#20053=CARTESIAN_POINT('',(288.275,-60.175,1.6));
#20054=CARTESIAN_POINT('',(288.275,-60.175,0.));
#20055=CARTESIAN_POINT('',(288.275,-73.175,1.6));
#20056=CARTESIAN_POINT('',(288.275,-60.175,1.6));
#20057=CARTESIAN_POINT('',(288.275,-73.175,0.));
#20058=CARTESIAN_POINT('Origin',(288.775,-73.175,0.));
#20059=CARTESIAN_POINT('',(288.775,-73.675,0.));
#20060=CARTESIAN_POINT('Origin',(288.775,-73.175,0.));
#20061=CARTESIAN_POINT('',(288.775,-73.675,1.6));
#20062=CARTESIAN_POINT('Origin',(288.775,-73.175,1.6));
#20063=CARTESIAN_POINT('',(288.775,-73.675,0.));
#20064=CARTESIAN_POINT('Origin',(301.775,-73.675,0.));
#20065=CARTESIAN_POINT('',(301.775,-73.675,0.));
#20066=CARTESIAN_POINT('',(288.775,-73.675,0.));
#20067=CARTESIAN_POINT('',(301.775,-73.675,1.6));
#20068=CARTESIAN_POINT('',(288.775,-73.675,1.6));
#20069=CARTESIAN_POINT('',(301.775,-73.675,0.));
#20070=CARTESIAN_POINT('Origin',(301.775,-73.175,0.));
#20071=CARTESIAN_POINT('',(302.275,-73.175,0.));
#20072=CARTESIAN_POINT('Origin',(301.775,-73.175,0.));
#20073=CARTESIAN_POINT('',(302.275,-73.175,1.6));
#20074=CARTESIAN_POINT('Origin',(301.775,-73.175,1.6));
#20075=CARTESIAN_POINT('',(302.275,-73.175,0.));
#20076=CARTESIAN_POINT('Origin',(302.275,-60.175,0.));
#20077=CARTESIAN_POINT('',(302.275,-60.175,0.));
#20078=CARTESIAN_POINT('',(302.275,-60.175,0.));
#20079=CARTESIAN_POINT('',(302.275,-60.175,1.6));
#20080=CARTESIAN_POINT('',(302.275,-60.175,1.6));
#20081=CARTESIAN_POINT('',(302.275,-60.175,0.));
#20082=CARTESIAN_POINT('Origin',(301.775,-60.175,0.));
#20083=CARTESIAN_POINT('',(301.775,-59.675,0.));
#20084=CARTESIAN_POINT('Origin',(301.775,-60.175,0.));
#20085=CARTESIAN_POINT('',(301.775,-59.675,1.6));
#20086=CARTESIAN_POINT('Origin',(301.775,-60.175,1.6));
#20087=CARTESIAN_POINT('',(301.775,-59.675,0.));
#20088=CARTESIAN_POINT('Origin',(288.775,-59.675,0.));
#20089=CARTESIAN_POINT('',(288.775,-59.675,0.));
#20090=CARTESIAN_POINT('',(288.775,-59.675,0.));
#20091=CARTESIAN_POINT('',(288.775,-59.675,1.6));
#20092=CARTESIAN_POINT('',(288.775,-59.675,1.6));
#20093=CARTESIAN_POINT('',(288.775,-59.675,0.));
#20094=CARTESIAN_POINT('Origin',(288.775,-60.175,0.));
#20095=CARTESIAN_POINT('Origin',(288.775,-60.175,0.));
#20096=CARTESIAN_POINT('Origin',(288.775,-60.175,1.6));
#20097=CARTESIAN_POINT('Origin',(308.412,-56.125,0.));
#20098=CARTESIAN_POINT('',(308.412,-56.125,0.));
#20099=CARTESIAN_POINT('',(308.412,-42.125,0.));
#20100=CARTESIAN_POINT('',(308.412,-42.125,0.));
#20101=CARTESIAN_POINT('',(308.412,-42.125,1.6));
#20102=CARTESIAN_POINT('',(308.412,-42.125,0.));
#20103=CARTESIAN_POINT('',(308.412,-56.125,1.6));
#20104=CARTESIAN_POINT('',(308.412,-42.125,1.6));
#20105=CARTESIAN_POINT('',(308.412,-56.125,0.));
#20106=CARTESIAN_POINT('Origin',(308.912,-56.125,0.));
#20107=CARTESIAN_POINT('',(308.912,-56.625,0.));
#20108=CARTESIAN_POINT('Origin',(308.912,-56.125,0.));
#20109=CARTESIAN_POINT('',(308.912,-56.625,1.6));
#20110=CARTESIAN_POINT('Origin',(308.912,-56.125,1.6));
#20111=CARTESIAN_POINT('',(308.912,-56.625,0.));
#20112=CARTESIAN_POINT('Origin',(314.912,-56.625,0.));
#20113=CARTESIAN_POINT('',(314.912,-56.625,0.));
#20114=CARTESIAN_POINT('',(308.912,-56.625,0.));
#20115=CARTESIAN_POINT('',(314.912,-56.625,1.6));
#20116=CARTESIAN_POINT('',(308.912,-56.625,1.6));
#20117=CARTESIAN_POINT('',(314.912,-56.625,0.));
#20118=CARTESIAN_POINT('Origin',(314.912,-56.125,0.));
#20119=CARTESIAN_POINT('',(315.412,-56.125,0.));
#20120=CARTESIAN_POINT('Origin',(314.912,-56.125,0.));
#20121=CARTESIAN_POINT('',(315.412,-56.125,1.6));
#20122=CARTESIAN_POINT('Origin',(314.912,-56.125,1.6));
#20123=CARTESIAN_POINT('',(315.412,-56.125,0.));
#20124=CARTESIAN_POINT('Origin',(315.412,-42.125,0.));
#20125=CARTESIAN_POINT('',(315.412,-42.125,0.));
#20126=CARTESIAN_POINT('',(315.412,-42.125,0.));
#20127=CARTESIAN_POINT('',(315.412,-42.125,1.6));
#20128=CARTESIAN_POINT('',(315.412,-42.125,1.6));
#20129=CARTESIAN_POINT('',(315.412,-42.125,0.));
#20130=CARTESIAN_POINT('Origin',(314.912,-42.125,0.));
#20131=CARTESIAN_POINT('',(314.912,-41.625,0.));
#20132=CARTESIAN_POINT('Origin',(314.912,-42.125,0.));
#20133=CARTESIAN_POINT('',(314.912,-41.625,1.6));
#20134=CARTESIAN_POINT('Origin',(314.912,-42.125,1.6));
#20135=CARTESIAN_POINT('',(314.912,-41.625,0.));
#20136=CARTESIAN_POINT('Origin',(308.912,-41.625,0.));
#20137=CARTESIAN_POINT('',(308.912,-41.625,0.));
#20138=CARTESIAN_POINT('',(308.912,-41.625,0.));
#20139=CARTESIAN_POINT('',(308.912,-41.625,1.6));
#20140=CARTESIAN_POINT('',(308.912,-41.625,1.6));
#20141=CARTESIAN_POINT('',(308.912,-41.625,0.));
#20142=CARTESIAN_POINT('Origin',(308.912,-42.125,0.));
#20143=CARTESIAN_POINT('Origin',(308.912,-42.125,0.));
#20144=CARTESIAN_POINT('Origin',(308.912,-42.125,1.6));
#20145=CARTESIAN_POINT('Origin',(250.175,-54.125,0.));
#20146=CARTESIAN_POINT('',(250.175,-54.125,0.));
#20147=CARTESIAN_POINT('',(250.175,-41.125,0.));
#20148=CARTESIAN_POINT('',(250.175,-41.125,0.));
#20149=CARTESIAN_POINT('',(250.175,-41.125,1.6));
#20150=CARTESIAN_POINT('',(250.175,-41.125,0.));
#20151=CARTESIAN_POINT('',(250.175,-54.125,1.6));
#20152=CARTESIAN_POINT('',(250.175,-41.125,1.6));
#20153=CARTESIAN_POINT('',(250.175,-54.125,0.));
#20154=CARTESIAN_POINT('Origin',(250.675,-54.125,0.));
#20155=CARTESIAN_POINT('',(250.675,-54.625,0.));
#20156=CARTESIAN_POINT('Origin',(250.675,-54.125,0.));
#20157=CARTESIAN_POINT('',(250.675,-54.625,1.6));
#20158=CARTESIAN_POINT('Origin',(250.675,-54.125,1.6));
#20159=CARTESIAN_POINT('',(250.675,-54.625,0.));
#20160=CARTESIAN_POINT('Origin',(263.675,-54.625,0.));
#20161=CARTESIAN_POINT('',(263.675,-54.625,0.));
#20162=CARTESIAN_POINT('',(250.675,-54.625,0.));
#20163=CARTESIAN_POINT('',(263.675,-54.625,1.6));
#20164=CARTESIAN_POINT('',(250.675,-54.625,1.6));
#20165=CARTESIAN_POINT('',(263.675,-54.625,0.));
#20166=CARTESIAN_POINT('Origin',(263.675,-54.125,0.));
#20167=CARTESIAN_POINT('',(264.175,-54.125,0.));
#20168=CARTESIAN_POINT('Origin',(263.675,-54.125,0.));
#20169=CARTESIAN_POINT('',(264.175,-54.125,1.6));
#20170=CARTESIAN_POINT('Origin',(263.675,-54.125,1.6));
#20171=CARTESIAN_POINT('',(264.175,-54.125,0.));
#20172=CARTESIAN_POINT('Origin',(264.175,-41.125,0.));
#20173=CARTESIAN_POINT('',(264.175,-41.125,0.));
#20174=CARTESIAN_POINT('',(264.175,-41.125,0.));
#20175=CARTESIAN_POINT('',(264.175,-41.125,1.6));
#20176=CARTESIAN_POINT('',(264.175,-41.125,1.6));
#20177=CARTESIAN_POINT('',(264.175,-41.125,0.));
#20178=CARTESIAN_POINT('Origin',(263.675,-41.125,0.));
#20179=CARTESIAN_POINT('',(263.675,-40.625,0.));
#20180=CARTESIAN_POINT('Origin',(263.675,-41.125,0.));
#20181=CARTESIAN_POINT('',(263.675,-40.625,1.6));
#20182=CARTESIAN_POINT('Origin',(263.675,-41.125,1.6));
#20183=CARTESIAN_POINT('',(263.675,-40.625,0.));
#20184=CARTESIAN_POINT('Origin',(250.675,-40.625,0.));
#20185=CARTESIAN_POINT('',(250.675,-40.625,0.));
#20186=CARTESIAN_POINT('',(250.675,-40.625,0.));
#20187=CARTESIAN_POINT('',(250.675,-40.625,1.6));
#20188=CARTESIAN_POINT('',(250.675,-40.625,1.6));
#20189=CARTESIAN_POINT('',(250.675,-40.625,0.));
#20190=CARTESIAN_POINT('Origin',(250.675,-41.125,0.));
#20191=CARTESIAN_POINT('Origin',(250.675,-41.125,0.));
#20192=CARTESIAN_POINT('Origin',(250.675,-41.125,1.6));
#20193=CARTESIAN_POINT('Origin',(288.275,-92.225,0.));
#20194=CARTESIAN_POINT('',(288.275,-92.225,0.));
#20195=CARTESIAN_POINT('',(288.275,-79.225,0.));
#20196=CARTESIAN_POINT('',(288.275,-79.225,0.));
#20197=CARTESIAN_POINT('',(288.275,-79.225,1.6));
#20198=CARTESIAN_POINT('',(288.275,-79.225,0.));
#20199=CARTESIAN_POINT('',(288.275,-92.225,1.6));
#20200=CARTESIAN_POINT('',(288.275,-79.225,1.6));
#20201=CARTESIAN_POINT('',(288.275,-92.225,0.));
#20202=CARTESIAN_POINT('Origin',(288.775,-92.225,0.));
#20203=CARTESIAN_POINT('',(288.775,-92.725,0.));
#20204=CARTESIAN_POINT('Origin',(288.775,-92.225,0.));
#20205=CARTESIAN_POINT('',(288.775,-92.725,1.6));
#20206=CARTESIAN_POINT('Origin',(288.775,-92.225,1.6));
#20207=CARTESIAN_POINT('',(288.775,-92.725,0.));
#20208=CARTESIAN_POINT('Origin',(301.775,-92.725,0.));
#20209=CARTESIAN_POINT('',(301.775,-92.725,0.));
#20210=CARTESIAN_POINT('',(288.775,-92.725,0.));
#20211=CARTESIAN_POINT('',(301.775,-92.725,1.6));
#20212=CARTESIAN_POINT('',(288.775,-92.725,1.6));
#20213=CARTESIAN_POINT('',(301.775,-92.725,0.));
#20214=CARTESIAN_POINT('Origin',(301.775,-92.225,0.));
#20215=CARTESIAN_POINT('',(302.275,-92.225,0.));
#20216=CARTESIAN_POINT('Origin',(301.775,-92.225,0.));
#20217=CARTESIAN_POINT('',(302.275,-92.225,1.6));
#20218=CARTESIAN_POINT('Origin',(301.775,-92.225,1.6));
#20219=CARTESIAN_POINT('',(302.275,-92.225,0.));
#20220=CARTESIAN_POINT('Origin',(302.275,-79.225,0.));
#20221=CARTESIAN_POINT('',(302.275,-79.225,0.));
#20222=CARTESIAN_POINT('',(302.275,-79.225,0.));
#20223=CARTESIAN_POINT('',(302.275,-79.225,1.6));
#20224=CARTESIAN_POINT('',(302.275,-79.225,1.6));
#20225=CARTESIAN_POINT('',(302.275,-79.225,0.));
#20226=CARTESIAN_POINT('Origin',(301.775,-79.225,0.));
#20227=CARTESIAN_POINT('',(301.775,-78.725,0.));
#20228=CARTESIAN_POINT('Origin',(301.775,-79.225,0.));
#20229=CARTESIAN_POINT('',(301.775,-78.725,1.6));
#20230=CARTESIAN_POINT('Origin',(301.775,-79.225,1.6));
#20231=CARTESIAN_POINT('',(301.775,-78.725,0.));
#20232=CARTESIAN_POINT('Origin',(288.775,-78.725,0.));
#20233=CARTESIAN_POINT('',(288.775,-78.725,0.));
#20234=CARTESIAN_POINT('',(288.775,-78.725,0.));
#20235=CARTESIAN_POINT('',(288.775,-78.725,1.6));
#20236=CARTESIAN_POINT('',(288.775,-78.725,1.6));
#20237=CARTESIAN_POINT('',(288.775,-78.725,0.));
#20238=CARTESIAN_POINT('Origin',(288.775,-79.225,0.));
#20239=CARTESIAN_POINT('Origin',(288.775,-79.225,0.));
#20240=CARTESIAN_POINT('Origin',(288.775,-79.225,1.6));
#20241=CARTESIAN_POINT('Origin',(212.575,-81.10625,0.));
#20242=CARTESIAN_POINT('',(212.575,-81.10625,0.));
#20243=CARTESIAN_POINT('',(225.575,-81.10625,0.));
#20244=CARTESIAN_POINT('',(225.575,-81.10625,0.));
#20245=CARTESIAN_POINT('',(225.575,-81.10625,1.6));
#20246=CARTESIAN_POINT('',(225.575,-81.10625,0.));
#20247=CARTESIAN_POINT('',(212.575,-81.10625,1.6));
#20248=CARTESIAN_POINT('',(225.575,-81.10625,1.6));
#20249=CARTESIAN_POINT('',(212.575,-81.10625,0.));
#20250=CARTESIAN_POINT('Origin',(212.575,-81.60625,0.));
#20251=CARTESIAN_POINT('',(212.075,-81.60625,0.));
#20252=CARTESIAN_POINT('Origin',(212.575,-81.60625,0.));
#20253=CARTESIAN_POINT('',(212.075,-81.60625,1.6));
#20254=CARTESIAN_POINT('Origin',(212.575,-81.60625,1.6));
#20255=CARTESIAN_POINT('',(212.075,-81.60625,0.));
#20256=CARTESIAN_POINT('Origin',(212.075,-94.60625,0.));
#20257=CARTESIAN_POINT('',(212.075,-94.60625,0.));
#20258=CARTESIAN_POINT('',(212.075,-81.60625,0.));
#20259=CARTESIAN_POINT('',(212.075,-94.60625,1.6));
#20260=CARTESIAN_POINT('',(212.075,-81.60625,1.6));
#20261=CARTESIAN_POINT('',(212.075,-94.60625,0.));
#20262=CARTESIAN_POINT('Origin',(212.575,-94.60625,0.));
#20263=CARTESIAN_POINT('',(212.575,-95.10625,0.));
#20264=CARTESIAN_POINT('Origin',(212.575,-94.60625,0.));
#20265=CARTESIAN_POINT('',(212.575,-95.10625,1.6));
#20266=CARTESIAN_POINT('Origin',(212.575,-94.60625,1.6));
#20267=CARTESIAN_POINT('',(212.575,-95.10625,0.));
#20268=CARTESIAN_POINT('Origin',(225.575,-95.10625,0.));
#20269=CARTESIAN_POINT('',(225.575,-95.10625,0.));
#20270=CARTESIAN_POINT('',(225.575,-95.10625,0.));
#20271=CARTESIAN_POINT('',(225.575,-95.10625,1.6));
#20272=CARTESIAN_POINT('',(225.575,-95.10625,1.6));
#20273=CARTESIAN_POINT('',(225.575,-95.10625,0.));
#20274=CARTESIAN_POINT('Origin',(225.575,-94.60625,0.));
#20275=CARTESIAN_POINT('',(226.075,-94.60625,0.));
#20276=CARTESIAN_POINT('Origin',(225.575,-94.60625,0.));
#20277=CARTESIAN_POINT('',(226.075,-94.60625,1.6));
#20278=CARTESIAN_POINT('Origin',(225.575,-94.60625,1.6));
#20279=CARTESIAN_POINT('',(226.075,-94.60625,0.));
#20280=CARTESIAN_POINT('Origin',(226.075,-81.60625,0.));
#20281=CARTESIAN_POINT('',(226.075,-81.60625,0.));
#20282=CARTESIAN_POINT('',(226.075,-81.60625,0.));
#20283=CARTESIAN_POINT('',(226.075,-81.60625,1.6));
#20284=CARTESIAN_POINT('',(226.075,-81.60625,1.6));
#20285=CARTESIAN_POINT('',(226.075,-81.60625,0.));
#20286=CARTESIAN_POINT('Origin',(225.575,-81.60625,0.));
#20287=CARTESIAN_POINT('Origin',(225.575,-81.60625,0.));
#20288=CARTESIAN_POINT('Origin',(225.575,-81.60625,1.6));
#20289=CARTESIAN_POINT('Origin',(226.075,-100.000001490116,0.));
#20290=CARTESIAN_POINT('',(342.9,-100.000001490116,0.));
#20291=CARTESIAN_POINT('',(226.075,-100.000001490116,0.));
#20292=CARTESIAN_POINT('',(342.9,-100.000001490116,0.));
#20293=CARTESIAN_POINT('',(342.9,-100.000001490116,1.6));
#20294=CARTESIAN_POINT('',(342.9,-100.000001490116,0.));
#20295=CARTESIAN_POINT('',(226.075,-100.000001490116,1.6));
#20296=CARTESIAN_POINT('',(342.9,-100.000001490116,1.6));
#20297=CARTESIAN_POINT('',(226.075,-100.000001490116,0.));
#20298=CARTESIAN_POINT('Origin',(211.775001490116,-114.3,0.));
#20299=CARTESIAN_POINT('',(211.775001490116,-114.3,0.));
#20300=CARTESIAN_POINT('',(226.075,-100.000001490116,0.));
#20301=CARTESIAN_POINT('',(211.775001490116,-114.3,1.6));
#20302=CARTESIAN_POINT('',(226.075,-100.000001490116,1.6));
#20303=CARTESIAN_POINT('',(211.775001490116,-114.3,0.));
#20304=CARTESIAN_POINT('Origin',(180.7625,-114.3,0.));
#20305=CARTESIAN_POINT('',(180.7625,-114.3,0.));
#20306=CARTESIAN_POINT('',(180.7625,-114.3,0.));
#20307=CARTESIAN_POINT('',(180.7625,-114.3,1.6));
#20308=CARTESIAN_POINT('',(180.7625,-114.3,1.6));
#20309=CARTESIAN_POINT('',(180.7625,-114.3,0.));
#20310=CARTESIAN_POINT('Origin',(180.7625,0.,0.));
#20311=CARTESIAN_POINT('',(180.7625,0.,0.));
#20312=CARTESIAN_POINT('',(180.7625,-114.3,0.));
#20313=CARTESIAN_POINT('',(180.7625,0.,1.6));
#20314=CARTESIAN_POINT('',(180.7625,-114.3,1.6));
#20315=CARTESIAN_POINT('',(180.7625,0.,0.));
#20316=CARTESIAN_POINT('Origin',(342.9,0.,0.));
#20317=CARTESIAN_POINT('',(342.9,0.,0.));
#20318=CARTESIAN_POINT('',(342.9,0.,0.));
#20319=CARTESIAN_POINT('',(342.9,0.,1.6));
#20320=CARTESIAN_POINT('',(342.9,0.,1.6));
#20321=CARTESIAN_POINT('',(342.9,0.,0.));
#20322=CARTESIAN_POINT('Origin',(342.9,-100.000001490116,0.));
#20323=CARTESIAN_POINT('',(342.9,-100.000001490116,0.));
#20324=CARTESIAN_POINT('',(342.9,-100.000001490116,1.6));
#20325=CARTESIAN_POINT('Origin',(261.83125,-57.15,1.6));
#20326=CARTESIAN_POINT('Origin',(261.83125,-57.15,0.));
#20327=CARTESIAN_POINT('Origin',(182.7625,-1.99999999999999,-25.0000003129244));
#20328=CARTESIAN_POINT('',(225.246572875254,-98.0000014901161,-25.0000003129244));
#20329=CARTESIAN_POINT('',(210.94657436537,-112.3,-25.0000003129244));
#20330=CARTESIAN_POINT('',(231.475555774027,-91.7710185913425,-25.0000003129244));
#20331=CARTESIAN_POINT('',(340.9,-98.0000014901161,-25.0000003129244));
#20332=CARTESIAN_POINT('',(204.004536437627,-98.0000014901161,-25.0000003129244));
#20333=CARTESIAN_POINT('',(340.9,-1.99999999999999,-25.0000003129244));
#20334=CARTESIAN_POINT('',(340.9,-50.0000007450581,-25.0000003129244));
#20335=CARTESIAN_POINT('',(182.7625,-1.99999999999999,-25.0000003129244));
#20336=CARTESIAN_POINT('',(261.83125,-2.,-25.0000003129244));
#20337=CARTESIAN_POINT('',(182.7625,-112.3,-25.0000003129244));
#20338=CARTESIAN_POINT('',(182.7625,-1.99999999999999,-25.0000003129244));
#20339=CARTESIAN_POINT('',(182.7625,-112.3,-25.0000003129244));
#20340=CARTESIAN_POINT('Origin',(261.83125,-57.15,-27.));
#20341=CARTESIAN_POINT('',(347.9,-105.000001490116,-27.));
#20342=CARTESIAN_POINT('',(228.146067811865,-105.000001490116,-27.0000001937151));
#20343=CARTESIAN_POINT('',(244.988658905933,-105.000001490116,-27.0000001937151));
#20344=CARTESIAN_POINT('',(213.846069301982,-119.3,-27.));
#20345=CARTESIAN_POINT('',(241.379864476486,-91.7662048254954,-27.));
#20346=CARTESIAN_POINT('',(175.7625,-119.3,-27.));
#20347=CARTESIAN_POINT('',(218.796875,-119.3,-27.));
#20348=CARTESIAN_POINT('',(175.7625,5.,-27.));
#20349=CARTESIAN_POINT('',(175.7625,-26.075,-27.));
#20350=CARTESIAN_POINT('',(347.9,5.,-27.));
#20351=CARTESIAN_POINT('',(304.865625,5.,-27.));
#20352=CARTESIAN_POINT('',(347.9,-81.0750007450581,-27.));
#20353=CARTESIAN_POINT('Origin',(188.762508490763,5.,-10.));
#20354=CARTESIAN_POINT('',(182.7625,5.,-14.4999886789602));
#20355=CARTESIAN_POINT('',(182.7625,-1.99999999999999,-14.4999886789602));
#20356=CARTESIAN_POINT('',(182.7625,5.,-14.4999886789602));
#20357=CARTESIAN_POINT('',(182.7625,-1.99999999999999,-5.5000113210398));
#20358=CARTESIAN_POINT('Origin',(188.762508490763,-2.,-10.));
#20359=CARTESIAN_POINT('',(182.7625,5.,-5.5000113210398));
#20360=CARTESIAN_POINT('',(182.7625,5.,-5.5000113210398));
#20361=CARTESIAN_POINT('Origin',(188.762508490763,5.,-10.));
#20362=CARTESIAN_POINT('Origin',(182.7625,-1.99999999999999,0.));
#20363=CARTESIAN_POINT('',(182.7625,5.,-5.));
#20364=CARTESIAN_POINT('',(182.7625,-1.99999999999999,0.));
#20365=CARTESIAN_POINT('',(182.7625,-1.99999999999999,-13.0000001937151));
#20366=CARTESIAN_POINT('',(182.7625,-112.3,0.));
#20367=CARTESIAN_POINT('',(182.7625,-112.3,0.));
#20368=CARTESIAN_POINT('',(182.7625,-112.3,-21.0000003129244));
#20369=CARTESIAN_POINT('',(182.7625,-1.99999999999999,-21.0000003129244));
#20370=CARTESIAN_POINT('Origin',(228.146067811865,-105.000001490116,0.));
#20371=CARTESIAN_POINT('',(347.9,-105.000001490116,3.));
#20372=CARTESIAN_POINT('',(347.9,-105.000001490116,0.));
#20373=CARTESIAN_POINT('',(228.146067811865,-105.000001490116,3.));
#20374=CARTESIAN_POINT('',(347.9,-105.000001490116,3.));
#20375=CARTESIAN_POINT('',(228.146067811865,-105.000001490116,-23.0000001937151));
#20376=CARTESIAN_POINT('Origin',(210.94657436537,-112.3,0.));
#20377=CARTESIAN_POINT('',(210.94657436537,-112.3,0.));
#20378=CARTESIAN_POINT('',(210.94657436537,-112.3,-21.0000003129244));
#20379=CARTESIAN_POINT('',(225.246572875254,-98.0000014901161,0.));
#20380=CARTESIAN_POINT('',(225.246572875254,-98.0000014901161,0.));
#20381=CARTESIAN_POINT('',(225.246572875254,-98.0000014901161,0.));
#20382=CARTESIAN_POINT('Origin',(182.7625,-112.3,0.));
#20383=CARTESIAN_POINT('',(182.7625,-112.3,0.));
#20384=CARTESIAN_POINT('Origin',(340.9,-2.,0.));
#20385=CARTESIAN_POINT('',(340.9,-1.99999999999999,0.));
#20386=CARTESIAN_POINT('',(340.9,-1.99999999999999,0.));
#20387=CARTESIAN_POINT('',(340.9,-2.,0.));
#20388=CARTESIAN_POINT('Origin',(175.7625,-119.3,0.));
#20389=CARTESIAN_POINT('',(213.846069301982,-119.3,3.));
#20390=CARTESIAN_POINT('',(213.846069301982,-119.3,0.));
#20391=CARTESIAN_POINT('',(175.7625,-119.3,3.));
#20392=CARTESIAN_POINT('',(175.7625,-119.3,3.));
#20393=CARTESIAN_POINT('',(175.7625,-119.3,0.));
#20394=CARTESIAN_POINT('Origin',(213.846069301982,-119.3,0.));
#20395=CARTESIAN_POINT('',(228.146067811865,-105.000001490116,3.));
#20396=CARTESIAN_POINT('Origin',(261.83125,-57.15,0.));
#20397=CARTESIAN_POINT('',(180.7625,0.,0.));
#20398=CARTESIAN_POINT('',(342.9,0.,0.));
#20399=CARTESIAN_POINT('',(342.9,0.,0.));
#20400=CARTESIAN_POINT('',(180.7625,-114.3,0.));
#20401=CARTESIAN_POINT('',(180.7625,-114.3,0.));
#20402=CARTESIAN_POINT('',(211.775001490116,-114.3,0.));
#20403=CARTESIAN_POINT('',(180.7625,-114.3,0.));
#20404=CARTESIAN_POINT('',(226.075,-100.000001490116,0.));
#20405=CARTESIAN_POINT('',(226.075,-100.000001490116,0.));
#20406=CARTESIAN_POINT('',(342.9,-100.000001490116,0.));
#20407=CARTESIAN_POINT('',(342.9,-100.000001490116,0.));
#20408=CARTESIAN_POINT('',(342.9,-100.000001490116,0.));
#20409=CARTESIAN_POINT('',(340.9,-98.0000014901161,0.));
#20410=CARTESIAN_POINT('',(340.9,-98.0000014901161,0.));
#20411=CARTESIAN_POINT('',(340.9,-98.0000014901161,0.));
#20412=CARTESIAN_POINT('Origin',(340.9,-98.0000014901161,0.));
#20413=CARTESIAN_POINT('',(340.9,-98.0000014901161,0.));
#20414=CARTESIAN_POINT('Origin',(225.246572875254,-98.0000014901161,0.));
#20415=CARTESIAN_POINT('Origin',(180.7625,0.,0.));
#20416=CARTESIAN_POINT('',(342.9,0.,3.));
#20417=CARTESIAN_POINT('',(342.9,0.,0.));
#20418=CARTESIAN_POINT('',(180.7625,0.,3.));
#20419=CARTESIAN_POINT('',(342.9,0.,3.));
#20420=CARTESIAN_POINT('',(180.7625,0.,0.));
#20421=CARTESIAN_POINT('Origin',(180.7625,-114.3,0.));
#20422=CARTESIAN_POINT('',(180.7625,-114.3,3.));
#20423=CARTESIAN_POINT('',(180.7625,-114.3,3.));
#20424=CARTESIAN_POINT('',(180.7625,-114.3,0.));
#20425=CARTESIAN_POINT('Origin',(211.775001490116,-114.3,0.));
#20426=CARTESIAN_POINT('',(211.775001490116,-114.3,3.));
#20427=CARTESIAN_POINT('',(180.7625,-114.3,3.));
#20428=CARTESIAN_POINT('',(211.775001490116,-114.3,0.));
#20429=CARTESIAN_POINT('Origin',(226.075,-100.000001490116,0.));
#20430=CARTESIAN_POINT('',(226.075,-100.000001490116,3.));
#20431=CARTESIAN_POINT('',(226.075,-100.000001490116,3.));
#20432=CARTESIAN_POINT('',(226.075,-100.000001490116,0.));
#20433=CARTESIAN_POINT('Origin',(342.9,-100.000001490116,0.));
#20434=CARTESIAN_POINT('',(342.9,-100.000001490116,3.));
#20435=CARTESIAN_POINT('',(342.9,-100.000001490116,3.));
#20436=CARTESIAN_POINT('',(342.9,-100.000001490116,0.));
#20437=CARTESIAN_POINT('Origin',(342.9,0.,0.));
#20438=CARTESIAN_POINT('',(342.9,-100.000001490116,3.));
#20439=CARTESIAN_POINT('Origin',(175.7625,5.,0.));
#20440=CARTESIAN_POINT('',(175.7625,5.,3.));
#20441=CARTESIAN_POINT('',(175.7625,-119.3,3.));
#20442=CARTESIAN_POINT('',(175.7625,5.,0.));
#20443=CARTESIAN_POINT('Origin',(347.9,5.,0.));
#20444=CARTESIAN_POINT('',(347.9,5.,3.));
#20445=CARTESIAN_POINT('',(347.9,5.,3.));
#20446=CARTESIAN_POINT('',(347.9,5.,0.));
#20447=CARTESIAN_POINT('Origin',(347.9,-105.000001490116,0.));
#20448=CARTESIAN_POINT('',(347.9,-105.000001490116,3.));
#20449=CARTESIAN_POINT('Origin',(261.83125,-57.15,3.));
#20450=CARTESIAN_POINT('Origin',(1.99999999999999,-1.99999999999999,-25.0000003129244));
#20451=CARTESIAN_POINT('',(160.1375,-112.3,-25.0000003129244));
#20452=CARTESIAN_POINT('',(131.95342563463,-112.3,-25.0000003129244));
#20453=CARTESIAN_POINT('',(66.976712817315,-112.3,-25.0000003129244));
#20454=CARTESIAN_POINT('',(160.1375,-1.99999999999999,-25.0000003129244));
#20455=CARTESIAN_POINT('',(160.1375,-57.15,-25.0000003129244));
#20456=CARTESIAN_POINT('',(1.99999999999999,-1.99999999999999,-25.0000003129244));
#20457=CARTESIAN_POINT('',(81.06875,-2.,-25.0000003129244));
#20458=CARTESIAN_POINT('',(1.99999999999999,-78.,-25.0000003129244));
#20459=CARTESIAN_POINT('',(1.99999999999999,-2.,-25.0000003129244));
#20460=CARTESIAN_POINT('',(77.0000011175871,-78.,-25.0000003129244));
#20461=CARTESIAN_POINT('',(2.,-78.,-25.0000003129244));
#20462=CARTESIAN_POINT('',(77.0000011175871,-98.0000014901161,-25.0000003129244));
#20463=CARTESIAN_POINT('',(77.0000011175871,-40.,-25.0000003129244));
#20464=CARTESIAN_POINT('',(117.653427124746,-98.0000014901161,-25.0000003129244));
#20465=CARTESIAN_POINT('',(39.5000005587935,-98.0000014901161,-25.0000003129244));
#20466=CARTESIAN_POINT('',(64.7400699710306,-45.0866443364005,-25.0000003129244));
#20467=CARTESIAN_POINT('Origin',(81.06875,-57.15,-27.));
#20468=CARTESIAN_POINT('',(129.053930698018,-119.3,-27.));
#20469=CARTESIAN_POINT('',(114.753932188135,-105.000001490116,-27.0000001937151));
#20470=CARTESIAN_POINT('',(101.520135523514,-91.7662048254954,-27.));
#20471=CARTESIAN_POINT('',(70.0000011175871,-105.000001490116,-27.));
#20472=CARTESIAN_POINT('',(97.9113410940673,-105.000001490116,-27.));
#20473=CARTESIAN_POINT('',(70.0000011175871,-85.,-27.));
#20474=CARTESIAN_POINT('',(70.0000011175871,-81.0750007450581,-27.));
#20475=CARTESIAN_POINT('',(-5.,-85.,-27.));
#20476=CARTESIAN_POINT('',(75.5343755587935,-85.,-27.));
#20477=CARTESIAN_POINT('',(-5.,5.,-27.));
#20478=CARTESIAN_POINT('',(-5.,-71.075,-27.));
#20479=CARTESIAN_POINT('',(167.1375,5.,-27.));
#20480=CARTESIAN_POINT('',(38.034375,5.,-27.));
#20481=CARTESIAN_POINT('',(167.1375,-119.3,-27.));
#20482=CARTESIAN_POINT('',(167.1375,-26.075,-27.));
#20483=CARTESIAN_POINT('',(124.103125,-119.3,-27.));
#20484=CARTESIAN_POINT('Origin',(154.1375,5.,-10.));
#20485=CARTESIAN_POINT('',(160.1375,5.00000000000001,-5.50000000000002));
#20486=CARTESIAN_POINT('',(160.1375,-2.,-5.50000000000002));
#20487=CARTESIAN_POINT('',(160.1375,5.,-5.50000000000002));
#20488=CARTESIAN_POINT('',(160.1375,-2.,-14.5));
#20489=CARTESIAN_POINT('Origin',(154.1375,-2.,-10.));
#20490=CARTESIAN_POINT('',(160.1375,5.00000000000001,-14.5));
#20491=CARTESIAN_POINT('',(160.1375,5.,-14.5));
#20492=CARTESIAN_POINT('Origin',(154.1375,5.,-10.));
#20493=CARTESIAN_POINT('Origin',(160.1375,-112.3,0.));
#20494=CARTESIAN_POINT('',(160.1375,5.00000000000001,-5.));
#20495=CARTESIAN_POINT('',(160.1375,-2.,-21.0000003129244));
#20496=CARTESIAN_POINT('',(160.1375,-112.3,0.));
#20497=CARTESIAN_POINT('',(160.1375,-112.3,0.));
#20498=CARTESIAN_POINT('',(160.1375,-2.,0.));
#20499=CARTESIAN_POINT('',(160.1375,-2.,0.));
#20500=CARTESIAN_POINT('',(160.1375,-2.,0.));
#20501=CARTESIAN_POINT('Origin',(160.1375,-2.,0.));
#20502=CARTESIAN_POINT('',(1.99999999999999,-2.,0.));
#20503=CARTESIAN_POINT('',(160.1375,-2.,0.));
#20504=CARTESIAN_POINT('',(2.,-2.,-21.0000003129244));
#20505=CARTESIAN_POINT('Origin',(1.99999999999999,-2.,0.));
#20506=CARTESIAN_POINT('',(2.,-78.,0.));
#20507=CARTESIAN_POINT('',(1.99999999999999,-2.,0.));
#20508=CARTESIAN_POINT('',(2.,-78.,-21.0000003129244));
#20509=CARTESIAN_POINT('Origin',(2.,-78.,0.));
#20510=CARTESIAN_POINT('',(77.0000011175871,-78.,0.));
#20511=CARTESIAN_POINT('',(2.,-78.,0.));
#20512=CARTESIAN_POINT('',(77.0000011175871,-78.,0.));
#20513=CARTESIAN_POINT('Origin',(77.0000011175871,-78.,0.));
#20514=CARTESIAN_POINT('',(77.0000011175871,-98.0000014901161,0.));
#20515=CARTESIAN_POINT('',(77.0000011175871,-78.,0.));
#20516=CARTESIAN_POINT('',(77.0000011175871,-98.0000014901161,-21.0000003129244));
#20517=CARTESIAN_POINT('Origin',(77.0000011175871,-98.0000014901161,0.));
#20518=CARTESIAN_POINT('',(117.653427124746,-98.0000014901161,0.));
#20519=CARTESIAN_POINT('',(77.0000011175871,-98.0000014901161,0.));
#20520=CARTESIAN_POINT('',(117.653427124746,-98.0000014901161,-21.0000003129244));
#20521=CARTESIAN_POINT('Origin',(117.653427124746,-98.0000014901161,0.));
#20522=CARTESIAN_POINT('',(131.95342563463,-112.3,0.));
#20523=CARTESIAN_POINT('',(117.653427124746,-98.0000014901161,0.));
#20524=CARTESIAN_POINT('',(131.95342563463,-112.3,0.));
#20525=CARTESIAN_POINT('Origin',(131.95342563463,-112.3,0.));
#20526=CARTESIAN_POINT('',(131.95342563463,-112.3,0.));
#20527=CARTESIAN_POINT('Origin',(81.06875,-57.15,0.));
#20528=CARTESIAN_POINT('',(0.,0.,0.));
#20529=CARTESIAN_POINT('',(0.,-80.,0.));
#20530=CARTESIAN_POINT('',(0.,-68.575,0.));
#20531=CARTESIAN_POINT('',(75.0000011175871,-80.,0.));
#20532=CARTESIAN_POINT('',(78.0343755587935,-80.,0.));
#20533=CARTESIAN_POINT('',(75.0000011175871,-100.000001490116,0.));
#20534=CARTESIAN_POINT('',(75.0000011175871,-78.5750007450581,0.));
#20535=CARTESIAN_POINT('',(116.825,-100.000001490116,0.));
#20536=CARTESIAN_POINT('',(98.946875,-100.000001490116,0.));
#20537=CARTESIAN_POINT('',(131.124998509884,-114.3,0.));
#20538=CARTESIAN_POINT('',(104.323436382413,-87.498437872529,0.));
#20539=CARTESIAN_POINT('',(162.1375,-114.3,0.));
#20540=CARTESIAN_POINT('',(121.603125,-114.3,0.));
#20541=CARTESIAN_POINT('',(162.1375,0.,0.));
#20542=CARTESIAN_POINT('',(162.1375,-28.575,0.));
#20543=CARTESIAN_POINT('',(40.534375,0.,0.));
#20544=CARTESIAN_POINT('Origin',(-5.,5.,0.));
#20545=CARTESIAN_POINT('',(-5.,5.,3.));
#20546=CARTESIAN_POINT('',(-5.,5.,0.));
#20547=CARTESIAN_POINT('',(167.1375,5.,3.));
#20548=CARTESIAN_POINT('',(167.1375,5.,3.));
#20549=CARTESIAN_POINT('',(167.1375,5.,0.));
#20550=CARTESIAN_POINT('Origin',(167.1375,5.,0.));
#20551=CARTESIAN_POINT('',(167.1375,-119.3,3.));
#20552=CARTESIAN_POINT('',(167.1375,5.,3.));
#20553=CARTESIAN_POINT('',(167.1375,-119.3,0.));
#20554=CARTESIAN_POINT('Origin',(70.0000011175871,-85.,0.));
#20555=CARTESIAN_POINT('',(70.0000011175871,-85.,3.));
#20556=CARTESIAN_POINT('',(70.0000011175871,-85.,0.));
#20557=CARTESIAN_POINT('',(-5.,-85.,3.));
#20558=CARTESIAN_POINT('',(-5.,-85.,3.));
#20559=CARTESIAN_POINT('',(-5.,-85.,0.));
#20560=CARTESIAN_POINT('Origin',(-5.,-85.,0.));
#20561=CARTESIAN_POINT('',(-5.,5.,3.));
#20562=CARTESIAN_POINT('Origin',(0.,-80.,0.));
#20563=CARTESIAN_POINT('',(0.,0.,3.));
#20564=CARTESIAN_POINT('',(0.,0.,0.));
#20565=CARTESIAN_POINT('',(0.,-80.,3.));
#20566=CARTESIAN_POINT('',(0.,0.,3.));
#20567=CARTESIAN_POINT('',(0.,-80.,0.));
#20568=CARTESIAN_POINT('Origin',(75.0000011175871,-80.,0.));
#20569=CARTESIAN_POINT('',(75.0000011175871,-80.,3.));
#20570=CARTESIAN_POINT('',(0.,-80.,3.));
#20571=CARTESIAN_POINT('',(75.0000011175871,-80.,0.));
#20572=CARTESIAN_POINT('Origin',(75.0000011175871,-100.000001490116,0.));
#20573=CARTESIAN_POINT('',(75.0000011175871,-100.000001490116,3.));
#20574=CARTESIAN_POINT('',(75.0000011175871,-80.,3.));
#20575=CARTESIAN_POINT('',(75.0000011175871,-100.000001490116,0.));
#20576=CARTESIAN_POINT('Origin',(116.825,-100.000001490116,0.));
#20577=CARTESIAN_POINT('',(116.825,-100.000001490116,3.));
#20578=CARTESIAN_POINT('',(75.0000011175871,-100.000001490116,3.));
#20579=CARTESIAN_POINT('',(116.825,-100.000001490116,0.));
#20580=CARTESIAN_POINT('Origin',(131.124998509884,-114.3,0.));
#20581=CARTESIAN_POINT('',(131.124998509884,-114.3,3.));
#20582=CARTESIAN_POINT('',(116.825,-100.000001490116,3.));
#20583=CARTESIAN_POINT('',(131.124998509884,-114.3,0.));
#20584=CARTESIAN_POINT('Origin',(162.1375,-114.3,0.));
#20585=CARTESIAN_POINT('',(162.1375,-114.3,3.));
#20586=CARTESIAN_POINT('',(131.124998509884,-114.3,3.));
#20587=CARTESIAN_POINT('',(162.1375,-114.3,0.));
#20588=CARTESIAN_POINT('Origin',(162.1375,0.,0.));
#20589=CARTESIAN_POINT('',(162.1375,0.,3.));
#20590=CARTESIAN_POINT('',(162.1375,0.,3.));
#20591=CARTESIAN_POINT('',(162.1375,0.,0.));
#20592=CARTESIAN_POINT('Origin',(0.,0.,0.));
#20593=CARTESIAN_POINT('',(162.1375,0.,3.));
#20594=CARTESIAN_POINT('Origin',(167.1375,-119.3,0.));
#20595=CARTESIAN_POINT('',(129.053930698018,-119.3,3.));
#20596=CARTESIAN_POINT('',(129.053930698018,-119.3,3.));
#20597=CARTESIAN_POINT('',(129.053930698018,-119.3,0.));
#20598=CARTESIAN_POINT('Origin',(70.0000011175871,-105.000001490116,0.));
#20599=CARTESIAN_POINT('',(70.0000011175871,-105.000001490116,3.));
#20600=CARTESIAN_POINT('',(70.0000011175871,-105.000001490116,0.));
#20601=CARTESIAN_POINT('',(70.0000011175871,-85.,3.));
#20602=CARTESIAN_POINT('Origin',(81.06875,-57.15,3.));
#20603=CARTESIAN_POINT('',(114.753932188135,-105.000001490116,3.));
#20604=CARTESIAN_POINT('',(70.0000011175871,-105.000001490116,3.));
#20605=CARTESIAN_POINT('',(114.753932188135,-105.000001490116,3.));
#20606=CARTESIAN_POINT('Origin',(129.053930698018,-119.3,0.));
#20607=CARTESIAN_POINT('',(114.753932188135,-105.000001490116,-23.0000001937151));
#20608=CARTESIAN_POINT('Origin',(114.753932188135,-105.000001490116,0.));
#20609=UNCERTAINTY_MEASURE_WITH_UNIT(LENGTH_MEASURE(0.01),#20613,
'DISTANCE_ACCURACY_VALUE',
'Maximum model space distance between geometric entities at asserted c
onnectivities');
#20610=UNCERTAINTY_MEASURE_WITH_UNIT(LENGTH_MEASURE(0.01),#20613,
'DISTANCE_ACCURACY_VALUE',
'Maximum model space distance between geometric entities at asserted c
onnectivities');
#20611=(
GEOMETRIC_REPRESENTATION_CONTEXT(3)
GLOBAL_UNCERTAINTY_ASSIGNED_CONTEXT((#20609))
GLOBAL_UNIT_ASSIGNED_CONTEXT((#20613,#20615,#20616))
REPRESENTATION_CONTEXT('','3D')
);
#20612=(
GEOMETRIC_REPRESENTATION_CONTEXT(3)
GLOBAL_UNCERTAINTY_ASSIGNED_CONTEXT((#20610))
GLOBAL_UNIT_ASSIGNED_CONTEXT((#20613,#20615,#20616))
REPRESENTATION_CONTEXT('','3D')
);
#20613=(
LENGTH_UNIT()
NAMED_UNIT(*)
SI_UNIT(.MILLI.,.METRE.)
);
#20614=(
LENGTH_UNIT()
NAMED_UNIT(*)
SI_UNIT($,.METRE.)
);
#20615=(
NAMED_UNIT(*)
PLANE_ANGLE_UNIT()
SI_UNIT($,.RADIAN.)
);
#20616=(
NAMED_UNIT(*)
SI_UNIT($,.STERADIAN.)
SOLID_ANGLE_UNIT()
);
#20617=SHAPE_DEFINITION_REPRESENTATION(#20618,#20619);
#20618=PRODUCT_DEFINITION_SHAPE('',$,#20621);
#20619=SHAPE_REPRESENTATION('',(#12333),#20611);
#20620=PRODUCT_DEFINITION_CONTEXT('part definition',#20625,'design');
#20621=PRODUCT_DEFINITION('hwsplit','hwsplit v4',#20622,#20620);
#20622=PRODUCT_DEFINITION_FORMATION('',$,#20627);
#20623=PRODUCT_RELATED_PRODUCT_CATEGORY('hwsplit v4','hwsplit v4',(#20627));
#20624=APPLICATION_PROTOCOL_DEFINITION('international standard',
'automotive_design',2009,#20625);
#20625=APPLICATION_CONTEXT(
'Core Data for Automotive Mechanical Design Process');
#20626=PRODUCT_CONTEXT('part definition',#20625,'mechanical');
#20627=PRODUCT('hwsplit','hwsplit v4',$,(#20626));
#20628=PRESENTATION_STYLE_ASSIGNMENT((#20629));
#20629=SURFACE_STYLE_USAGE(.BOTH.,#20630);
#20630=SURFACE_SIDE_STYLE('',(#20631));
#20631=SURFACE_STYLE_FILL_AREA(#20632);
#20632=FILL_AREA_STYLE('Steel - Satin',(#20633));
#20633=FILL_AREA_STYLE_COLOUR('Steel - Satin',#20634);
#20634=COLOUR_RGB('Steel - Satin',0.627450980392157,0.627450980392157,0.627450980392157);
ENDSEC;
END-ISO-10303-21;
